Disease,Province,Age_Group,Gender,Reported_Cases,Deaths,Hospitalized,Recovered,Month,Year,Season,Urban_Rural,Vaccinated,Travel_History,Comorbidity,Quarantined,ICU_Admission,Symptom_Fever,Symptom_Cough,Symptom_Rash,Contact_Tracing,Lab_Confirmed,Follow_Up,Days_Hospitalized,Region_Code
Typhoid,Shandong,65+,Male,21,2,1,0,7,2021,Summer,Urban,0,1,0,0,0,1,0,0,1,1,0,7,914
Influenza,Yunnan,15-24,Male,16,0,1,1,6,2018,Summer,Urban,0,0,0,1,0,1,0,0,0,1,0,26,852
Scarlet Fever,Beijing,65+,Male,17,0,1,1,10,2021,Autumn,Urban,1,0,0,0,0,1,1,1,0,1,1,11,593
Brucellosis,Shandong,65+,Male,15,0,0,1,11,2022,Autumn,Urban,0,0,0,0,0,1,0,0,0,1,0,0,344
Mumps,Henan,25-44,Male,24,0,1,1,2,2021,Winter,Urban,1,0,0,0,0,1,0,0,1,1,1,20,127
Malaria,Guangdong,45-64,Male,20,0,1,1,1,2022,Winter,Rural,0,0,0,0,0,1,1,0,0,1,1,28,303
Scarlet Fever,Sichuan,65+,Female,23,0,1,1,1,2019,Winter,Urban,0,0,0,1,0,1,1,0,0,1,0,21,885
HIV/AIDS,Jiangsu,45-64,Female,17,1,0,0,4,2022,Spring,Urban,1,0,0,0,0,1,0,0,0,1,1,0,412
Typhoid,Hunan,0-14,Male,21,1,1,0,2,2021,Winter,Urban,0,1,0,0,0,0,1,0,1,0,0,26,464
Rabies,Jiangsu,45-64,Female,17,0,1,1,6,2021,Summer,Urban,0,1,0,0,0,0,0,0,0,1,1,10,136
Dysentery,Shandong,15-24,Male,14,2,1,0,12,2021,Winter,Rural,0,0,0,0,0,0,0,0,0,1,1,26,491
Typhoid,Sichuan,15-24,Male,19,0,0,1,12,2018,Winter,Urban,1,0,0,1,0,0,0,0,1,1,1,0,865
Mumps,Henan,65+,Male,26,0,1,0,9,2019,Autumn,Rural,1,1,0,1,0,0,0,0,1,1,0,27,971
Mumps,Zhejiang,45-64,Male,20,0,1,1,10,2022,Autumn,Urban,1,0,0,1,0,0,0,0,1,1,0,26,716
Malaria,Beijing,65+,Female,22,0,0,1,11,2020,Autumn,Rural,1,1,0,0,0,0,1,0,0,1,0,0,342
HIV/AIDS,Sichuan,25-44,Female,14,1,0,0,10,2022,Autumn,Urban,1,0,1,0,0,1,1,0,1,1,0,0,199
Influenza,Guangdong,15-24,Female,22,0,1,1,8,2021,Summer,Urban,0,0,0,0,0,0,1,0,1,1,0,24,858
Malaria,Yunnan,65+,Female,15,0,0,1,4,2020,Spring,Urban,0,0,0,0,0,1,1,0,0,1,1,0,143
Malaria,Henan,25-44,Male,29,0,1,1,12,2020,Winter,Rural,1,0,0,0,0,1,0,0,0,1,1,6,164
Dysentery,Beijing,65+,Female,24,0,1,1,2,2022,Winter,Rural,1,0,1,1,0,0,1,0,0,1,1,18,277
Measles,Hunan,45-64,Male,21,1,1,0,1,2022,Winter,Rural,0,0,0,0,1,0,0,1,0,1,0,15,246
HIV/AIDS,Yunnan,45-64,Male,17,0,1,1,7,2022,Summer,Rural,1,0,1,0,0,1,0,1,0,1,1,20,660
Hepatitis B,Shandong,45-64,Female,20,0,0,1,10,2022,Autumn,Urban,0,1,0,0,0,0,0,0,1,0,0,0,166
Malaria,Sichuan,45-64,Male,18,1,1,0,3,2019,Spring,Urban,0,0,0,0,0,1,0,1,0,0,0,24,446
Chickenpox,Beijing,0-14,Female,18,0,1,1,6,2018,Summer,Rural,0,0,0,0,0,0,0,0,0,1,0,26,145
Measles,Zhejiang,25-44,Female,18,0,1,0,5,2022,Spring,Urban,1,0,0,1,0,1,0,0,1,1,1,18,513
Hepatitis B,Zhejiang,45-64,Female,22,0,1,0,12,2018,Winter,Urban,1,1,0,1,0,0,0,0,0,1,0,12,958
Chickenpox,Henan,0-14,Female,28,1,1,0,2,2022,Winter,Rural,1,0,0,0,0,1,0,0,0,1,0,20,553
HIV/AIDS,Hunan,45-64,Male,30,0,1,0,9,2022,Autumn,Rural,0,0,0,1,1,1,1,0,0,1,0,16,720
Tuberculosis,Henan,0-14,Female,21,0,0,1,11,2022,Autumn,Urban,1,0,0,1,0,0,0,0,0,1,1,0,972
Chickenpox,Shanghai,45-64,Female,27,1,1,0,4,2019,Spring,Rural,1,0,0,0,0,0,0,0,1,1,0,22,308
Rabies,Guangdong,15-24,Male,22,0,1,1,10,2021,Autumn,Rural,0,0,1,0,0,1,0,1,1,1,1,1,914
Measles,Hunan,15-24,Female,15,0,1,1,1,2018,Winter,Rural,1,0,1,1,0,1,1,0,0,1,1,25,306
Scarlet Fever,Jiangsu,65+,Female,26,0,1,1,2,2018,Winter,Rural,1,0,1,1,0,0,0,0,1,1,0,25,480
Chickenpox,Guangdong,45-64,Male,14,1,0,0,9,2019,Autumn,Urban,0,0,0,0,0,0,1,0,0,1,0,0,182
Syphilis,Hunan,25-44,Male,21,0,0,1,7,2019,Summer,Rural,1,0,0,0,0,1,0,0,0,1,0,0,385
Tuberculosis,Hunan,65+,Female,17,0,1,1,10,2022,Autumn,Rural,1,0,0,0,0,1,0,1,1,1,1,27,971
Mumps,Shanghai,15-24,Male,19,0,1,1,2,2022,Winter,Urban,1,0,0,0,1,1,0,0,1,1,0,5,556
Mumps,Shandong,45-64,Female,20,0,1,1,7,2021,Summer,Rural,1,1,0,1,0,0,0,1,0,1,0,15,734
Brucellosis,Shanghai,65+,Male,23,0,1,1,4,2018,Spring,Urban,1,0,0,0,1,0,1,0,0,1,0,6,517
Rabies,Hunan,45-64,Female,16,0,1,1,10,2019,Autumn,Urban,1,0,1,0,0,1,1,0,0,1,0,18,337
Chickenpox,Beijing,15-24,Female,23,0,0,1,2,2021,Winter,Rural,1,0,0,0,0,0,0,0,1,1,0,0,445
Chickenpox,Guangdong,65+,Female,19,0,0,1,12,2018,Winter,Urban,1,0,0,0,0,0,1,1,0,1,0,0,465
Brucellosis,Shanghai,15-24,Male,24,0,1,1,4,2021,Spring,Urban,1,0,0,1,0,0,0,0,0,1,0,9,456
COVID-19,Shandong,0-14,Female,22,1,1,0,5,2021,Spring,Rural,0,0,0,1,1,0,0,0,0,1,1,0,160
COVID-19,Sichuan,15-24,Male,17,0,0,1,4,2022,Spring,Rural,0,1,0,0,0,1,1,0,1,1,0,0,483
Brucellosis,Henan,45-64,Female,14,0,0,0,3,2021,Spring,Rural,0,0,0,1,0,1,1,1,0,1,1,0,262
COVID-19,Hunan,25-44,Female,16,0,1,1,6,2022,Summer,Urban,1,0,0,0,1,0,0,1,0,1,0,0,845
Dysentery,Jiangsu,15-24,Female,27,0,1,1,1,2018,Winter,Urban,1,0,1,0,0,1,0,0,1,1,1,24,677
Chickenpox,Sichuan,25-44,Female,23,0,1,1,8,2018,Summer,Urban,0,0,0,0,0,0,1,0,0,1,0,8,112
Typhoid,Zhejiang,0-14,Female,21,0,0,1,12,2022,Winter,Urban,0,0,0,1,0,0,1,0,0,1,0,0,671
Influenza,Yunnan,65+,Male,24,0,0,0,5,2020,Spring,Urban,0,0,0,0,0,1,1,0,0,1,1,0,206
Syphilis,Shandong,65+,Male,23,1,0,0,8,2021,Summer,Urban,1,0,0,1,0,1,0,0,0,1,0,0,462
Dysentery,Jiangsu,25-44,Male,25,0,1,1,10,2018,Autumn,Rural,1,0,0,1,0,1,0,0,0,0,0,9,364
HIV/AIDS,Yunnan,65+,Female,22,0,1,1,4,2021,Spring,Urban,0,0,0,0,0,0,0,1,1,1,0,7,207
Dysentery,Shandong,15-24,Female,22,0,1,1,4,2020,Spring,Urban,0,0,0,1,0,1,0,0,1,1,0,19,932
Typhoid,Beijing,25-44,Male,20,1,1,0,5,2021,Spring,Rural,0,0,0,0,0,0,0,0,0,1,1,4,567
HIV/AIDS,Henan,45-64,Female,19,0,1,1,5,2020,Spring,Urban,0,1,0,0,0,1,1,0,0,1,1,12,788
Syphilis,Sichuan,15-24,Female,20,0,1,1,11,2019,Autumn,Urban,0,0,1,0,0,0,0,1,1,1,1,20,936
Typhoid,Guangdong,15-24,Female,24,1,1,0,6,2020,Summer,Urban,0,0,0,0,0,0,0,0,0,1,0,26,367
Hepatitis B,Shandong,15-24,Male,16,0,1,1,5,2018,Spring,Rural,1,0,0,0,0,0,0,0,0,0,1,1,334
Influenza,Guangdong,45-64,Male,25,0,1,1,5,2022,Spring,Rural,0,1,0,0,0,0,0,0,1,1,1,1,928
Syphilis,Henan,0-14,Male,20,0,1,1,8,2022,Summer,Rural,1,0,0,0,0,1,1,0,0,1,0,7,723
Chickenpox,Hunan,65+,Male,18,1,1,0,6,2021,Summer,Rural,1,0,1,0,1,1,0,0,0,1,0,9,906
Hepatitis B,Sichuan,0-14,Female,24,1,0,0,4,2021,Spring,Urban,0,0,1,0,0,1,1,0,0,1,0,0,555
Rabies,Henan,25-44,Female,17,0,1,1,4,2020,Spring,Rural,0,1,0,0,0,1,0,1,1,1,1,17,377
Syphilis,Henan,65+,Female,19,0,1,1,5,2022,Spring,Urban,1,0,0,0,0,0,1,1,0,1,1,22,701
Rabies,Beijing,45-64,Female,23,0,0,1,6,2020,Summer,Urban,1,0,0,0,0,0,0,1,0,1,0,0,438
HIV/AIDS,Yunnan,15-24,Male,26,0,1,1,11,2022,Autumn,Urban,0,0,0,0,0,0,0,0,1,1,1,1,924
Hepatitis B,Zhejiang,15-24,Male,14,0,0,1,5,2022,Spring,Rural,0,1,0,0,0,0,1,0,0,1,1,0,818
Influenza,Sichuan,45-64,Female,31,0,1,1,11,2022,Autumn,Urban,1,1,1,0,1,1,0,0,0,1,0,8,264
Chickenpox,Hunan,0-14,Male,24,0,0,1,6,2018,Summer,Rural,1,0,0,0,0,1,1,0,0,1,1,0,140
Brucellosis,Hunan,0-14,Female,18,0,1,1,8,2020,Summer,Urban,0,0,0,0,0,0,1,0,0,1,1,19,312
Chickenpox,Shanghai,25-44,Female,20,0,0,1,4,2021,Spring,Urban,1,0,0,0,0,1,0,0,1,1,0,0,214
Typhoid,Henan,45-64,Female,22,1,0,0,11,2019,Autumn,Rural,1,0,0,0,0,0,0,0,0,1,1,0,560
Chickenpox,Shandong,0-14,Female,30,0,1,1,3,2021,Spring,Rural,1,0,1,0,0,1,1,0,1,1,0,15,234
Scarlet Fever,Beijing,45-64,Male,31,1,1,0,9,2020,Autumn,Urban,1,0,0,0,0,0,1,0,1,1,1,28,444
Malaria,Zhejiang,65+,Female,20,0,1,0,3,2019,Spring,Rural,1,0,0,0,0,0,0,0,0,1,1,1,132
Brucellosis,Hunan,15-24,Male,19,1,1,0,11,2021,Autumn,Rural,1,1,0,1,0,0,0,0,1,1,1,24,614
Dysentery,Sichuan,15-24,Female,19,0,1,1,8,2019,Summer,Urban,1,0,0,0,0,1,1,0,0,1,0,4,650
COVID-19,Shanghai,15-24,Female,23,0,0,1,10,2020,Autumn,Rural,1,1,0,0,0,1,0,0,0,1,0,0,451
Tuberculosis,Sichuan,45-64,Female,25,1,1,0,12,2022,Winter,Rural,1,1,0,0,1,1,1,0,0,0,1,26,844
Influenza,Beijing,45-64,Female,21,1,1,0,5,2020,Spring,Rural,0,0,0,1,0,0,0,0,0,1,0,18,779
Hepatitis B,Shandong,25-44,Male,18,0,0,1,9,2018,Autumn,Rural,0,1,0,0,0,1,1,0,0,1,0,0,599
Malaria,Shanghai,15-24,Female,17,0,1,1,3,2019,Spring,Rural,1,1,0,1,1,0,1,0,1,1,0,25,597
Influenza,Shanghai,25-44,Male,16,0,1,1,10,2020,Autumn,Rural,1,0,0,0,0,1,1,0,1,1,0,22,378
Hepatitis B,Yunnan,15-24,Female,22,0,0,1,10,2022,Autumn,Urban,1,0,0,0,0,0,0,0,0,1,0,0,549
COVID-19,Zhejiang,25-44,Female,30,1,0,0,8,2022,Summer,Rural,0,0,0,0,0,1,1,0,0,1,0,0,835
Measles,Shanghai,25-44,Female,26,0,1,1,7,2020,Summer,Rural,1,0,0,1,0,1,1,1,0,1,1,17,401
Measles,Yunnan,65+,Male,20,1,0,0,12,2021,Winter,Urban,0,0,0,0,0,0,1,0,1,1,0,0,617
Rabies,Yunnan,25-44,Female,12,0,1,1,7,2020,Summer,Rural,0,0,1,1,0,0,1,1,0,1,1,10,938
Influenza,Beijing,45-64,Female,19,1,1,0,11,2022,Autumn,Rural,0,0,0,1,0,1,0,1,0,0,1,10,923
Measles,Guangdong,25-44,Female,18,1,1,0,10,2020,Autumn,Urban,1,1,0,0,0,0,0,0,0,1,0,9,376
Scarlet Fever,Sichuan,15-24,Female,24,0,1,1,9,2018,Autumn,Urban,0,0,1,0,0,0,0,0,0,1,0,9,708
Brucellosis,Shandong,25-44,Female,15,0,1,1,12,2021,Winter,Rural,0,0,0,1,0,0,1,0,0,1,1,3,179
Hepatitis B,Jiangsu,0-14,Male,23,1,1,0,8,2020,Summer,Rural,1,0,0,0,0,1,0,0,1,0,1,8,550
Rabies,Sichuan,15-24,Male,20,0,0,1,3,2022,Spring,Urban,1,0,0,1,0,0,1,0,0,1,0,0,893
Chickenpox,Shanghai,0-14,Female,19,0,1,1,6,2020,Summer,Rural,1,0,1,0,0,0,1,0,1,1,1,12,354
Hepatitis B,Shandong,15-24,Female,23,0,0,1,11,2020,Autumn,Rural,1,0,0,1,0,0,0,0,0,1,0,0,764
Rabies,Hunan,45-64,Male,15,0,1,1,6,2019,Summer,Urban,0,0,0,0,0,1,0,0,0,1,1,1,946
COVID-19,Guangdong,45-64,Female,17,1,1,0,5,2020,Spring,Urban,0,0,0,1,1,1,1,0,0,1,1,0,313
Influenza,Hunan,45-64,Male,14,0,1,1,3,2018,Spring,Urban,1,0,0,0,0,0,0,1,0,1,1,18,206
COVID-19,Hunan,0-14,Female,17,1,1,0,9,2022,Autumn,Rural,1,0,0,0,0,0,0,0,1,1,1,11,200
Brucellosis,Zhejiang,65+,Female,26,0,1,0,7,2019,Summer,Urban,0,1,0,0,0,0,0,0,0,1,0,4,724
Brucellosis,Sichuan,15-24,Male,24,0,0,1,4,2020,Spring,Rural,1,0,0,0,0,1,1,0,0,1,1,0,467
Malaria,Jiangsu,45-64,Female,22,0,0,1,6,2021,Summer,Urban,1,0,0,1,0,1,0,0,1,1,1,0,803
Typhoid,Jiangsu,0-14,Male,20,0,1,1,1,2018,Winter,Rural,0,0,0,0,0,1,0,0,0,1,1,24,661
Chickenpox,Hunan,65+,Male,14,0,1,0,2,2018,Winter,Urban,0,0,0,0,0,0,1,0,0,1,1,6,128
Syphilis,Shanghai,0-14,Female,22,0,0,1,1,2019,Winter,Rural,1,0,0,0,0,0,1,1,0,0,0,0,456
COVID-19,Guangdong,15-24,Male,30,1,0,0,9,2020,Autumn,Rural,1,0,0,1,0,0,0,1,0,1,1,0,502
Malaria,Henan,65+,Male,17,0,0,1,9,2018,Autumn,Rural,1,0,0,1,0,0,0,0,0,1,0,0,715
HIV/AIDS,Jiangsu,65+,Female,20,0,0,1,5,2020,Spring,Rural,1,0,1,0,0,0,0,0,0,1,1,0,194
Scarlet Fever,Hunan,0-14,Female,24,0,0,1,8,2021,Summer,Rural,0,1,0,0,0,0,0,0,0,1,0,0,669
Hepatitis B,Guangdong,45-64,Female,23,0,1,1,10,2020,Autumn,Urban,1,1,0,0,0,0,0,0,0,1,1,5,241
Brucellosis,Shandong,15-24,Female,19,0,0,0,4,2020,Spring,Urban,1,0,0,1,0,0,0,0,0,1,1,0,224
HIV/AIDS,Sichuan,25-44,Female,31,0,0,1,1,2020,Winter,Rural,1,0,0,0,0,0,0,0,1,1,1,0,162
Malaria,Yunnan,25-44,Female,19,0,0,1,4,2022,Spring,Rural,1,0,0,0,0,0,1,0,0,1,0,0,868
Rabies,Zhejiang,0-14,Male,18,0,1,1,7,2019,Summer,Rural,0,1,0,0,0,1,0,0,0,1,0,17,471
Syphilis,Guangdong,15-24,Female,19,0,1,1,11,2020,Autumn,Rural,1,1,0,0,0,0,0,0,1,1,1,2,303
Chickenpox,Shanghai,15-24,Male,20,0,1,1,2,2018,Winter,Urban,1,0,0,0,0,1,0,1,1,1,0,10,419
Chickenpox,Shanghai,0-14,Female,22,0,1,1,2,2022,Winter,Urban,0,0,0,1,0,1,0,0,1,1,0,25,238
Chickenpox,Guangdong,15-24,Male,16,1,1,0,6,2020,Summer,Urban,1,0,1,1,0,1,0,1,1,1,1,3,274
Scarlet Fever,Shanghai,45-64,Male,10,0,1,1,9,2022,Autumn,Urban,1,0,0,1,0,1,1,0,0,1,1,12,876
Syphilis,Sichuan,0-14,Female,17,0,1,1,3,2019,Spring,Urban,1,0,0,0,0,0,1,0,0,1,0,1,591
Scarlet Fever,Shanghai,45-64,Female,20,0,1,1,7,2022,Summer,Urban,1,1,0,0,0,0,0,0,1,0,0,19,708
Brucellosis,Jiangsu,15-24,Male,26,1,1,0,10,2018,Autumn,Rural,0,0,0,0,0,1,0,1,0,1,1,5,281
Scarlet Fever,Yunnan,0-14,Female,18,0,1,1,9,2020,Autumn,Urban,1,1,0,1,0,0,0,0,1,0,0,20,729
Tuberculosis,Shanghai,15-24,Female,18,0,0,0,11,2018,Autumn,Urban,1,1,0,0,0,0,0,1,0,1,1,0,837
Syphilis,Yunnan,0-14,Male,22,2,0,0,9,2021,Autumn,Rural,0,0,0,1,0,0,0,0,0,1,0,0,596
Typhoid,Hunan,15-24,Male,21,0,1,1,11,2022,Autumn,Rural,1,0,0,1,0,1,1,1,0,1,1,20,228
Syphilis,Beijing,45-64,Male,15,0,0,1,4,2022,Spring,Rural,0,0,0,1,0,0,1,1,0,1,1,0,621
Malaria,Sichuan,45-64,Female,29,0,0,1,2,2022,Winter,Rural,1,0,0,1,0,1,0,0,0,1,0,0,752
Tuberculosis,Beijing,15-24,Female,22,0,1,1,1,2019,Winter,Rural,1,0,0,0,0,1,0,0,0,1,0,24,768
Chickenpox,Hunan,0-14,Female,14,1,1,0,6,2018,Summer,Urban,1,1,0,1,0,0,0,0,1,0,1,6,722
Malaria,Sichuan,25-44,Female,17,0,1,1,5,2021,Spring,Rural,1,0,0,1,0,0,1,0,1,1,0,28,360
Malaria,Guangdong,45-64,Male,15,0,1,1,6,2019,Summer,Rural,1,1,0,0,0,0,0,0,1,0,0,14,152
Brucellosis,Guangdong,45-64,Female,18,0,0,1,7,2019,Summer,Rural,1,1,0,0,0,0,0,0,0,1,0,0,190
Mumps,Yunnan,25-44,Male,21,1,1,0,9,2020,Autumn,Urban,1,0,0,1,0,0,0,0,0,1,1,8,349
Dysentery,Hunan,15-24,Female,17,0,1,1,10,2021,Autumn,Rural,1,0,0,1,1,0,0,0,0,1,0,28,778
Tuberculosis,Yunnan,0-14,Female,26,0,0,1,10,2022,Autumn,Rural,1,0,0,1,0,0,0,0,1,1,0,0,860
Malaria,Zhejiang,15-24,Male,18,0,1,1,11,2022,Autumn,Urban,1,1,1,0,0,1,1,0,0,1,1,23,327
Dysentery,Shanghai,65+,Female,18,0,0,1,6,2020,Summer,Rural,1,0,0,0,0,1,0,1,1,0,0,0,535
Dysentery,Henan,45-64,Female,21,0,1,1,6,2022,Summer,Urban,1,0,0,0,0,1,0,1,0,1,0,14,830
Tuberculosis,Zhejiang,65+,Male,16,0,1,0,3,2018,Spring,Urban,1,1,0,1,0,1,0,0,0,1,0,20,846
Mumps,Shanghai,45-64,Female,24,0,1,1,8,2022,Summer,Rural,0,0,1,0,0,1,1,1,1,1,0,8,714
HIV/AIDS,Sichuan,45-64,Male,13,0,1,1,9,2018,Autumn,Urban,1,1,1,0,0,1,1,0,0,1,1,23,657
Rabies,Yunnan,65+,Male,23,0,1,1,1,2020,Winter,Rural,1,0,0,1,0,0,1,0,1,1,1,6,188
Typhoid,Sichuan,65+,Male,22,0,1,1,6,2020,Summer,Rural,1,0,0,0,0,0,1,1,1,1,0,23,394
Rabies,Sichuan,15-24,Male,23,0,1,1,7,2018,Summer,Rural,1,0,1,0,0,0,0,0,1,1,0,24,955
Syphilis,Shanghai,65+,Female,18,2,1,0,11,2022,Autumn,Urban,0,0,0,0,1,0,0,0,1,1,0,22,141
Chickenpox,Hunan,15-24,Female,16,0,1,1,8,2020,Summer,Urban,1,1,0,0,1,0,1,1,1,1,0,24,787
Typhoid,Shanghai,15-24,Female,27,0,0,1,12,2020,Winter,Urban,1,0,1,0,0,0,1,0,0,1,1,0,642
Syphilis,Shandong,15-24,Male,19,0,1,1,10,2018,Autumn,Urban,1,0,0,0,0,1,1,0,0,1,1,1,682
Malaria,Guangdong,45-64,Female,21,1,1,0,11,2020,Autumn,Urban,0,1,0,0,0,1,0,0,1,1,1,2,572
Chickenpox,Guangdong,45-64,Female,12,0,1,1,8,2022,Summer,Rural,1,1,1,0,0,0,0,1,1,1,1,21,569
Hepatitis B,Zhejiang,65+,Female,24,0,1,1,7,2020,Summer,Rural,0,1,1,0,0,0,0,0,1,1,0,21,174
Tuberculosis,Guangdong,45-64,Female,25,0,1,1,8,2018,Summer,Rural,1,0,1,0,0,1,1,0,0,1,1,22,892
Typhoid,Shanghai,65+,Male,22,0,1,1,11,2022,Autumn,Urban,1,0,0,1,0,1,0,0,1,1,1,1,487
Typhoid,Jiangsu,45-64,Male,21,1,0,0,9,2021,Autumn,Urban,1,0,1,1,0,0,0,0,1,1,1,0,828
Malaria,Shanghai,0-14,Male,12,0,1,1,7,2021,Summer,Rural,1,0,0,0,0,1,0,0,1,1,0,26,639
HIV/AIDS,Shanghai,65+,Female,20,1,1,0,3,2020,Spring,Rural,1,0,1,0,0,0,0,1,0,1,1,11,101
Dysentery,Henan,45-64,Female,20,0,0,0,9,2022,Autumn,Urban,1,0,0,0,0,0,0,0,1,1,1,0,637
Chickenpox,Yunnan,45-64,Female,19,1,1,0,1,2020,Winter,Rural,1,0,0,0,0,0,1,1,1,1,1,29,939
Malaria,Shandong,15-24,Male,26,0,1,1,8,2022,Summer,Urban,1,0,0,0,0,1,0,0,0,1,0,26,270
Measles,Guangdong,25-44,Female,21,0,1,1,6,2019,Summer,Rural,1,1,0,0,0,0,0,0,0,1,1,17,573
Mumps,Yunnan,65+,Male,19,1,1,0,11,2020,Autumn,Urban,1,0,0,0,0,0,1,0,0,1,1,24,521
Dysentery,Guangdong,25-44,Male,12,0,1,1,3,2020,Spring,Urban,1,0,0,0,0,1,0,0,0,1,0,18,632
Tuberculosis,Zhejiang,25-44,Female,12,1,0,0,9,2020,Autumn,Rural,1,0,0,0,0,1,1,0,0,0,1,0,917
Dysentery,Yunnan,65+,Male,22,0,1,1,6,2018,Summer,Rural,1,0,0,0,0,1,0,0,0,1,0,1,884
HIV/AIDS,Guangdong,45-64,Male,24,0,1,0,7,2022,Summer,Urban,0,0,0,0,0,1,1,0,0,1,0,27,385
Brucellosis,Shandong,65+,Female,23,0,0,1,11,2022,Autumn,Rural,1,0,0,0,0,1,0,0,0,1,1,0,854
COVID-19,Beijing,25-44,Male,10,0,1,1,2,2022,Winter,Rural,0,0,0,1,0,0,1,0,0,1,1,27,910
Dysentery,Sichuan,45-64,Male,15,0,1,1,1,2018,Winter,Rural,0,0,0,1,0,1,0,0,0,0,0,22,137
Tuberculosis,Sichuan,0-14,Female,19,0,1,1,1,2022,Winter,Urban,0,0,0,0,0,0,1,0,0,1,0,5,224
HIV/AIDS,Shandong,65+,Female,20,1,1,0,3,2020,Spring,Rural,1,0,0,0,1,1,0,0,1,1,0,23,414
Rabies,Henan,65+,Male,19,0,1,1,11,2021,Autumn,Rural,0,1,0,1,0,0,0,0,0,1,1,24,670
Typhoid,Beijing,45-64,Female,26,0,1,1,3,2019,Spring,Rural,0,0,0,0,0,0,0,0,0,1,1,2,143
Brucellosis,Zhejiang,0-14,Female,14,0,0,1,8,2022,Summer,Rural,0,0,0,0,0,1,0,1,0,1,1,0,431
Typhoid,Sichuan,45-64,Male,26,0,0,1,10,2018,Autumn,Urban,0,0,0,0,0,0,1,0,0,1,0,0,847
Mumps,Sichuan,15-24,Female,23,0,1,1,8,2022,Summer,Urban,0,0,0,1,0,0,1,0,0,1,1,19,264
Syphilis,Sichuan,65+,Male,24,1,1,0,1,2021,Winter,Rural,1,0,0,0,1,1,0,0,1,1,0,3,457
Brucellosis,Hunan,65+,Female,24,1,1,0,4,2022,Spring,Urban,0,0,0,0,0,1,0,1,1,1,1,7,914
Brucellosis,Shandong,25-44,Female,29,0,1,1,8,2018,Summer,Rural,1,0,0,0,0,0,0,0,0,0,0,25,862
Rabies,Shanghai,45-64,Male,19,0,0,1,10,2019,Autumn,Urban,0,0,0,0,0,0,0,0,0,1,1,0,611
Rabies,Zhejiang,25-44,Male,25,0,1,1,2,2021,Winter,Urban,0,0,0,0,1,0,0,1,1,0,1,28,810
Chickenpox,Sichuan,25-44,Female,15,0,0,1,7,2022,Summer,Rural,1,0,0,0,0,0,1,0,1,1,0,0,554
Scarlet Fever,Guangdong,0-14,Female,25,0,1,1,8,2019,Summer,Rural,0,0,0,0,0,1,1,0,0,1,0,19,318
Dysentery,Shandong,65+,Female,20,0,1,1,9,2022,Autumn,Rural,0,0,1,0,0,1,0,0,0,0,0,17,765
Brucellosis,Hunan,25-44,Female,25,0,1,0,7,2021,Summer,Urban,1,0,0,0,0,1,0,1,1,1,0,1,283
Typhoid,Shandong,0-14,Male,25,0,1,1,12,2018,Winter,Rural,1,0,0,1,0,1,0,0,0,1,1,26,482
Tuberculosis,Zhejiang,45-64,Female,15,1,0,0,9,2021,Autumn,Rural,0,0,0,0,0,0,0,0,0,1,1,0,398
Influenza,Hunan,25-44,Male,17,0,0,1,2,2020,Winter,Rural,1,0,0,1,0,1,1,1,0,1,0,0,502
Scarlet Fever,Zhejiang,65+,Male,10,0,1,0,11,2022,Autumn,Urban,1,0,0,0,0,1,1,0,0,0,1,18,761
Influenza,Shandong,25-44,Female,25,0,1,1,1,2019,Winter,Rural,0,1,0,1,0,0,1,0,1,0,0,9,540
HIV/AIDS,Zhejiang,25-44,Male,20,1,1,0,11,2021,Autumn,Urban,1,0,0,0,0,0,0,0,0,1,0,1,478
Typhoid,Hunan,65+,Female,19,0,1,1,12,2021,Winter,Rural,1,0,0,0,0,1,0,0,0,1,1,20,773
Typhoid,Hunan,0-14,Male,22,0,0,1,4,2021,Spring,Rural,1,0,0,0,0,1,0,0,1,1,0,0,661
Scarlet Fever,Zhejiang,65+,Male,15,1,1,0,1,2019,Winter,Rural,0,0,0,0,0,1,1,0,0,1,1,27,771
Brucellosis,Jiangsu,0-14,Female,19,0,1,1,7,2018,Summer,Rural,0,1,1,0,0,1,1,0,1,1,1,13,408
Mumps,Shandong,15-24,Female,21,1,0,0,8,2019,Summer,Urban,1,0,0,1,0,1,1,1,0,1,1,0,569
Scarlet Fever,Jiangsu,65+,Female,15,0,1,1,3,2018,Spring,Rural,1,1,0,1,0,1,0,0,0,0,0,3,150
Influenza,Henan,65+,Female,21,0,1,1,1,2021,Winter,Rural,1,1,0,0,0,1,1,1,0,1,1,10,375
Scarlet Fever,Shandong,45-64,Female,20,0,1,1,3,2020,Spring,Urban,0,1,0,1,0,1,0,0,0,1,1,1,959
Typhoid,Zhejiang,25-44,Female,22,0,1,1,2,2019,Winter,Urban,1,0,0,0,0,1,1,0,0,1,1,7,656
Mumps,Beijing,0-14,Female,17,0,1,1,6,2021,Summer,Rural,0,0,0,0,0,0,0,0,1,1,1,17,533
Dysentery,Zhejiang,0-14,Male,21,1,1,0,11,2019,Autumn,Rural,1,0,0,0,0,0,0,0,0,1,0,16,479
Measles,Jiangsu,45-64,Male,21,1,0,0,7,2021,Summer,Rural,0,0,0,1,0,1,1,0,0,1,1,0,214
Chickenpox,Shanghai,45-64,Female,24,0,0,1,9,2019,Autumn,Rural,1,0,0,0,0,1,0,0,0,1,0,0,959
Hepatitis B,Zhejiang,25-44,Male,21,0,0,1,5,2022,Spring,Rural,0,0,0,1,0,1,1,0,1,1,0,0,235
Rabies,Zhejiang,25-44,Male,20,0,1,1,4,2019,Spring,Urban,0,0,0,0,0,0,1,0,0,1,0,9,466
Scarlet Fever,Shanghai,65+,Female,21,0,0,1,1,2022,Winter,Urban,0,0,0,0,0,0,0,0,1,1,0,0,120
Syphilis,Sichuan,25-44,Female,20,0,1,1,6,2019,Summer,Rural,1,1,1,0,0,0,1,0,1,1,0,17,461
HIV/AIDS,Beijing,45-64,Male,18,0,1,1,11,2018,Autumn,Rural,1,0,0,0,0,0,0,0,1,0,1,19,370
Measles,Guangdong,25-44,Female,14,0,1,1,8,2020,Summer,Rural,1,0,0,1,0,1,1,0,0,1,1,22,318
Chickenpox,Beijing,0-14,Male,24,2,1,0,4,2022,Spring,Rural,1,0,0,0,1,1,0,0,0,1,0,4,418
Chickenpox,Zhejiang,15-24,Male,24,0,1,1,1,2019,Winter,Urban,1,0,0,0,0,1,0,0,0,1,1,7,565
Chickenpox,Sichuan,65+,Male,21,1,0,0,5,2018,Spring,Urban,0,0,0,0,0,0,0,0,0,1,0,0,503
Chickenpox,Shandong,0-14,Female,16,0,1,1,10,2021,Autumn,Rural,0,1,0,1,0,1,1,0,0,1,0,24,220
Influenza,Zhejiang,0-14,Male,14,0,0,1,5,2018,Spring,Rural,1,0,0,0,0,1,0,0,0,1,1,0,161
COVID-19,Sichuan,65+,Female,16,0,1,1,6,2020,Summer,Urban,1,0,0,1,0,0,0,0,0,1,0,18,862
Mumps,Shanghai,45-64,Female,31,0,1,1,10,2022,Autumn,Urban,0,0,1,0,0,0,0,0,0,0,0,23,535
Rabies,Sichuan,65+,Male,19,0,1,1,9,2021,Autumn,Rural,1,0,0,0,0,0,0,0,1,1,1,16,513
Typhoid,Shanghai,25-44,Male,22,0,1,1,6,2018,Summer,Rural,1,1,1,1,0,0,0,0,0,1,0,9,998
Chickenpox,Henan,0-14,Male,17,0,1,1,8,2019,Summer,Urban,1,0,1,0,0,1,0,0,0,1,0,17,228
Syphilis,Guangdong,25-44,Male,22,1,1,0,10,2019,Autumn,Rural,0,1,0,1,0,0,1,0,0,0,1,29,345
Typhoid,Yunnan,45-64,Female,15,0,1,0,3,2022,Spring,Urban,0,0,0,1,0,0,0,0,0,1,0,1,109
COVID-19,Sichuan,25-44,Male,21,0,0,1,10,2021,Autumn,Rural,1,0,0,0,0,1,1,0,1,1,1,0,916
Tuberculosis,Hunan,65+,Male,14,1,1,0,2,2018,Winter,Urban,1,0,0,1,0,1,0,0,0,1,1,16,676
Tuberculosis,Jiangsu,25-44,Female,22,0,1,1,4,2018,Spring,Rural,0,0,0,0,0,1,0,0,0,1,0,27,858
Syphilis,Zhejiang,45-64,Male,23,0,0,1,12,2018,Winter,Urban,1,0,0,0,0,0,1,0,0,1,0,0,516
Mumps,Jiangsu,45-64,Male,29,0,1,1,9,2022,Autumn,Urban,1,0,0,0,0,0,0,0,0,1,0,24,990
COVID-19,Beijing,45-64,Male,22,0,0,1,9,2022,Autumn,Rural,1,1,0,0,0,0,0,0,0,0,0,0,448
Syphilis,Yunnan,65+,Female,31,0,0,1,3,2021,Spring,Urban,0,1,0,1,0,0,0,0,0,0,1,0,518
Influenza,Beijing,45-64,Female,17,0,0,1,12,2018,Winter,Rural,1,0,0,0,0,1,0,0,0,1,1,0,264
Scarlet Fever,Henan,0-14,Male,19,0,1,1,1,2018,Winter,Urban,1,0,1,0,0,1,1,0,1,1,1,19,278
Syphilis,Yunnan,45-64,Male,17,0,1,1,1,2021,Winter,Rural,1,0,1,1,0,1,0,0,0,1,1,6,153
Dysentery,Yunnan,25-44,Female,16,0,1,0,4,2021,Spring,Rural,0,1,0,0,0,0,1,0,0,1,0,27,418
Typhoid,Beijing,25-44,Male,19,0,1,1,4,2021,Spring,Urban,1,0,0,0,0,0,0,0,0,1,1,20,145
Measles,Shanghai,25-44,Male,26,0,1,1,11,2019,Autumn,Rural,0,0,0,1,0,1,0,0,0,1,0,25,529
Malaria,Beijing,65+,Female,23,0,1,1,12,2021,Winter,Rural,1,0,0,0,0,1,1,0,0,1,1,12,476
Mumps,Jiangsu,25-44,Female,13,0,0,1,10,2020,Autumn,Rural,1,0,0,0,0,0,1,0,0,1,1,0,277
Syphilis,Shanghai,65+,Female,16,1,1,0,6,2022,Summer,Rural,0,0,0,1,0,0,0,0,1,1,1,6,618
COVID-19,Jiangsu,65+,Male,25,0,0,1,5,2021,Spring,Urban,1,1,0,0,0,1,0,1,0,1,0,0,695
HIV/AIDS,Henan,45-64,Male,20,0,0,1,6,2019,Summer,Urban,0,0,0,0,0,0,0,0,0,0,0,0,227
Tuberculosis,Zhejiang,0-14,Male,15,0,1,1,10,2020,Autumn,Rural,0,0,0,1,0,1,1,1,0,1,1,12,590
Dysentery,Shandong,45-64,Male,19,0,1,1,7,2019,Summer,Urban,0,0,0,0,0,1,0,1,1,1,0,7,825
Rabies,Shanghai,45-64,Female,15,0,1,1,7,2019,Summer,Rural,1,0,0,1,0,1,1,0,0,1,0,15,333
Chickenpox,Henan,65+,Male,27,1,0,0,10,2019,Autumn,Rural,0,0,1,0,0,0,1,0,0,1,0,0,111
Malaria,Hunan,65+,Male,15,1,1,0,10,2019,Autumn,Rural,0,0,0,0,0,0,0,0,0,1,0,8,685
Brucellosis,Henan,25-44,Female,23,1,1,0,9,2018,Autumn,Urban,0,0,0,0,1,0,0,1,1,1,1,12,649
Mumps,Beijing,25-44,Female,17,1,1,0,6,2022,Summer,Rural,0,0,0,1,0,0,1,0,1,1,1,26,962
Measles,Beijing,45-64,Male,19,1,0,0,8,2018,Summer,Rural,1,0,0,0,0,1,0,0,1,1,1,0,587
Malaria,Shandong,15-24,Female,19,0,0,1,2,2020,Winter,Urban,0,0,0,0,0,0,0,0,0,0,1,0,760
Syphilis,Henan,15-24,Female,15,0,1,1,8,2018,Summer,Rural,1,1,0,0,0,0,0,1,0,1,0,11,506
Influenza,Guangdong,25-44,Male,20,1,1,0,9,2020,Autumn,Urban,1,1,0,1,0,1,0,0,0,1,0,25,578
Tuberculosis,Zhejiang,15-24,Male,19,0,1,1,4,2021,Spring,Urban,0,0,1,0,0,1,1,0,0,1,1,14,783
COVID-19,Beijing,25-44,Male,22,0,1,1,5,2020,Spring,Urban,0,0,0,0,0,0,0,0,0,1,0,19,313
Tuberculosis,Shandong,65+,Male,27,0,0,1,5,2018,Spring,Rural,0,1,0,0,0,1,0,0,1,1,1,0,848
Rabies,Zhejiang,45-64,Female,21,0,0,1,2,2018,Winter,Rural,0,0,0,0,0,1,1,0,1,1,1,0,120
Influenza,Henan,0-14,Female,20,0,0,1,5,2020,Spring,Rural,1,0,0,1,0,0,0,0,0,0,1,0,972
Chickenpox,Henan,45-64,Male,20,0,1,1,9,2018,Autumn,Rural,1,0,0,1,0,0,0,0,1,1,1,29,567
COVID-19,Yunnan,25-44,Male,21,0,1,1,4,2020,Spring,Rural,1,0,0,1,0,0,1,0,0,1,1,25,959
Typhoid,Shandong,25-44,Female,24,1,1,0,10,2019,Autumn,Rural,1,0,0,1,0,0,1,0,1,1,1,16,842
Hepatitis B,Beijing,45-64,Male,19,0,1,1,3,2022,Spring,Rural,1,0,0,0,0,0,1,0,0,1,0,9,544
Dysentery,Guangdong,25-44,Male,24,1,1,0,7,2020,Summer,Rural,0,0,0,0,0,1,0,0,0,1,0,28,819
Tuberculosis,Henan,15-24,Male,18,0,1,1,8,2019,Summer,Rural,1,0,0,1,1,0,1,0,0,1,0,0,986
HIV/AIDS,Guangdong,15-24,Male,27,0,1,0,10,2019,Autumn,Rural,1,0,0,0,0,1,0,1,0,1,1,10,310
Tuberculosis,Henan,25-44,Female,22,0,0,1,6,2019,Summer,Rural,1,0,0,1,0,0,0,0,0,1,0,0,763
Malaria,Beijing,25-44,Male,19,0,1,1,6,2019,Summer,Rural,0,1,0,0,0,0,0,0,0,0,0,10,348
Tuberculosis,Zhejiang,15-24,Female,20,0,1,1,5,2020,Spring,Urban,1,0,0,0,0,1,0,0,0,1,0,14,206
Mumps,Sichuan,25-44,Male,19,1,1,0,11,2018,Autumn,Urban,1,1,1,1,0,0,0,0,0,1,1,3,770
Tuberculosis,Zhejiang,25-44,Male,18,0,1,1,6,2019,Summer,Rural,1,0,0,1,0,1,0,1,0,0,1,24,616
Hepatitis B,Henan,45-64,Female,17,1,1,0,9,2021,Autumn,Rural,1,1,0,0,0,0,1,0,1,1,0,3,564
Hepatitis B,Jiangsu,0-14,Male,26,0,0,1,2,2019,Winter,Urban,0,0,1,0,0,1,1,0,0,1,0,0,804
Chickenpox,Sichuan,15-24,Female,22,0,1,1,10,2018,Autumn,Urban,1,0,0,0,0,0,0,0,1,1,0,14,776
Measles,Sichuan,45-64,Male,18,0,0,1,11,2018,Autumn,Rural,1,0,0,0,0,1,1,1,0,1,0,0,705
Typhoid,Guangdong,0-14,Male,17,0,0,1,3,2022,Spring,Rural,0,0,0,0,0,1,0,0,1,0,1,0,387
HIV/AIDS,Shandong,25-44,Male,26,0,1,1,1,2022,Winter,Rural,1,0,0,0,0,0,0,1,0,1,0,8,805
Tuberculosis,Guangdong,25-44,Male,19,0,0,1,4,2019,Spring,Rural,1,0,1,0,0,0,1,0,0,1,1,0,901
Tuberculosis,Guangdong,45-64,Male,20,0,1,1,2,2019,Winter,Rural,0,0,0,1,0,0,0,0,1,1,0,23,847
Dysentery,Jiangsu,25-44,Female,25,0,0,1,6,2022,Summer,Urban,0,0,0,1,0,0,0,0,1,1,1,0,128
Hepatitis B,Zhejiang,45-64,Male,23,0,1,1,8,2021,Summer,Urban,0,1,0,0,0,0,1,0,0,0,1,3,232
HIV/AIDS,Hunan,0-14,Male,20,0,1,1,10,2020,Autumn,Urban,1,0,0,1,0,0,0,0,0,1,1,18,257
Chickenpox,Henan,45-64,Female,20,0,1,1,6,2022,Summer,Rural,0,0,0,0,1,1,0,0,0,0,1,8,718
Rabies,Jiangsu,15-24,Female,19,0,0,1,9,2022,Autumn,Rural,0,0,0,1,0,0,0,0,0,1,1,0,272
Measles,Hunan,45-64,Male,26,0,0,1,12,2018,Winter,Urban,1,0,1,0,0,0,0,0,0,0,0,0,757
Typhoid,Beijing,25-44,Male,19,0,0,1,6,2019,Summer,Rural,1,0,0,1,0,0,1,0,0,1,1,0,433
Influenza,Henan,25-44,Female,23,0,1,1,10,2022,Autumn,Urban,1,0,0,1,1,1,1,0,0,0,1,24,520
Typhoid,Henan,65+,Male,19,1,1,0,7,2022,Summer,Urban,0,1,0,0,0,0,1,0,0,1,1,25,878
Mumps,Yunnan,65+,Female,31,0,1,0,5,2021,Spring,Rural,0,0,0,0,0,0,1,1,0,1,1,3,359
Malaria,Yunnan,65+,Male,20,0,1,1,8,2019,Summer,Rural,0,1,0,0,0,1,0,0,0,0,1,12,980
Mumps,Shanghai,0-14,Female,17,0,1,0,8,2020,Summer,Rural,1,0,0,0,1,0,1,0,1,1,1,20,657
Tuberculosis,Shanghai,65+,Female,17,1,1,0,10,2021,Autumn,Urban,0,0,0,0,0,1,0,0,0,1,1,18,991
Brucellosis,Guangdong,0-14,Male,22,0,1,1,9,2020,Autumn,Urban,1,0,0,0,1,1,1,0,0,1,0,13,998
Measles,Beijing,65+,Female,17,1,1,0,12,2018,Winter,Urban,1,0,0,1,0,1,1,0,0,1,1,4,920
Malaria,Sichuan,0-14,Male,24,0,1,1,6,2022,Summer,Rural,0,1,0,1,0,1,0,0,0,0,0,17,763
HIV/AIDS,Sichuan,45-64,Male,21,0,1,1,1,2021,Winter,Urban,1,0,0,0,0,0,0,1,0,1,0,17,965
Influenza,Yunnan,45-64,Male,25,1,0,0,9,2020,Autumn,Rural,1,0,0,0,0,0,0,0,1,1,0,0,235
Hepatitis B,Yunnan,25-44,Male,17,0,1,1,3,2019,Spring,Rural,0,0,0,0,0,1,0,0,1,0,0,28,315
Measles,Yunnan,0-14,Female,20,0,0,1,9,2018,Autumn,Urban,1,0,0,1,0,0,0,1,0,1,0,0,563
Measles,Jiangsu,15-24,Male,19,0,1,1,7,2018,Summer,Rural,0,0,0,0,0,1,0,0,0,1,1,14,745
Mumps,Shandong,25-44,Male,23,0,0,1,12,2022,Winter,Urban,1,0,0,0,0,0,1,0,0,0,1,0,952
Brucellosis,Shanghai,45-64,Male,15,0,1,0,3,2022,Spring,Rural,1,0,0,0,0,0,0,1,0,1,1,16,323
Tuberculosis,Jiangsu,0-14,Male,16,0,1,1,9,2020,Autumn,Rural,1,0,0,0,0,0,0,1,0,1,0,2,842
Syphilis,Zhejiang,65+,Female,18,0,1,1,7,2020,Summer,Urban,1,0,0,0,0,0,0,0,0,1,0,1,953
Chickenpox,Sichuan,15-24,Male,20,1,0,0,7,2018,Summer,Rural,0,0,0,0,0,0,0,0,1,0,0,0,594
Mumps,Henan,45-64,Female,15,0,1,1,7,2020,Summer,Urban,1,1,0,1,0,0,0,0,0,0,0,17,812
Measles,Shanghai,25-44,Female,19,0,1,1,2,2022,Winter,Rural,1,0,1,0,0,1,0,0,0,1,0,21,117
Scarlet Fever,Hunan,0-14,Female,21,0,0,1,11,2018,Autumn,Urban,1,1,0,1,0,1,1,0,0,1,1,0,303
Dysentery,Zhejiang,15-24,Male,23,2,1,0,4,2018,Spring,Urban,0,0,1,0,0,0,0,1,1,1,1,15,233
Influenza,Shanghai,0-14,Male,16,0,1,1,10,2019,Autumn,Rural,1,0,1,1,0,1,0,0,0,1,1,5,446
Chickenpox,Jiangsu,65+,Male,30,0,1,1,8,2019,Summer,Rural,0,0,0,0,0,1,0,1,0,1,1,8,207
Mumps,Beijing,25-44,Male,20,1,1,0,12,2020,Winter,Urban,0,0,0,0,1,1,1,1,0,1,1,21,522
Influenza,Henan,0-14,Female,11,1,1,0,2,2020,Winter,Urban,1,0,0,0,0,0,0,0,0,1,0,9,978
Dysentery,Shanghai,45-64,Female,14,0,1,1,4,2022,Spring,Urban,0,0,0,0,0,0,0,0,1,1,0,21,612
Rabies,Shandong,25-44,Male,20,0,0,1,10,2022,Autumn,Urban,0,0,0,1,0,0,0,0,1,0,1,0,114
Dysentery,Yunnan,45-64,Male,15,0,0,1,8,2019,Summer,Rural,1,0,0,1,0,1,0,0,0,1,0,0,753
Brucellosis,Yunnan,0-14,Male,18,0,1,1,12,2018,Winter,Rural,0,0,0,0,0,1,0,0,0,1,0,16,604
Dysentery,Henan,25-44,Male,17,1,1,0,3,2021,Spring,Rural,0,0,0,0,0,1,0,0,0,1,0,6,688
Influenza,Jiangsu,45-64,Male,16,1,0,0,12,2021,Winter,Rural,0,0,0,0,0,0,0,0,1,1,1,0,603
Typhoid,Yunnan,65+,Male,19,0,0,0,6,2020,Summer,Rural,1,0,0,0,0,0,1,0,0,1,1,0,952
Influenza,Shanghai,65+,Male,17,0,0,1,12,2021,Winter,Urban,0,0,0,1,0,1,1,1,0,1,1,0,273
Syphilis,Hunan,0-14,Female,20,0,1,1,2,2021,Winter,Urban,1,0,0,1,0,1,0,0,1,1,0,5,210
Tuberculosis,Sichuan,25-44,Female,20,2,0,0,8,2019,Summer,Rural,1,0,0,1,0,0,0,0,1,1,0,0,216
Malaria,Sichuan,15-24,Female,28,0,0,1,8,2018,Summer,Rural,0,0,0,0,0,0,0,0,1,1,1,0,140
Typhoid,Zhejiang,25-44,Female,17,0,1,1,12,2022,Winter,Urban,0,0,0,0,0,1,0,0,1,1,0,7,981
Hepatitis B,Guangdong,65+,Male,17,0,1,1,1,2019,Winter,Rural,1,1,1,0,0,0,1,0,1,0,1,16,105
Malaria,Beijing,45-64,Male,23,0,1,1,3,2022,Spring,Rural,1,0,1,0,0,1,0,0,1,1,0,7,375
Tuberculosis,Henan,15-24,Male,12,0,1,1,2,2019,Winter,Urban,0,1,0,0,0,1,0,0,0,1,0,7,167
Mumps,Zhejiang,0-14,Male,24,1,0,0,7,2019,Summer,Rural,0,1,0,0,0,0,0,0,1,1,0,0,907
Chickenpox,Guangdong,15-24,Male,22,0,0,1,7,2021,Summer,Rural,1,1,0,1,0,1,0,1,0,1,1,0,590
Syphilis,Jiangsu,0-14,Female,26,0,0,0,4,2022,Spring,Rural,1,1,0,0,0,1,1,0,1,1,1,0,715
Syphilis,Shandong,15-24,Male,20,0,0,1,12,2019,Winter,Rural,0,0,0,0,0,1,0,0,0,1,1,0,226
Hepatitis B,Shandong,0-14,Female,26,1,1,0,12,2021,Winter,Urban,1,0,0,0,0,0,0,0,0,1,1,6,685
Typhoid,Beijing,0-14,Male,17,0,1,1,8,2020,Summer,Rural,1,0,0,0,0,0,0,1,0,1,0,11,224
Brucellosis,Yunnan,15-24,Female,16,0,0,1,3,2022,Spring,Rural,0,1,0,0,0,0,0,0,0,1,0,0,936
Rabies,Zhejiang,0-14,Female,18,1,1,0,5,2020,Spring,Urban,1,0,0,1,0,1,0,0,1,1,1,28,450
Dysentery,Zhejiang,65+,Male,15,1,1,0,2,2021,Winter,Urban,0,0,0,0,0,0,0,0,0,1,1,14,911
Typhoid,Henan,15-24,Male,16,0,1,0,9,2019,Autumn,Rural,1,0,0,0,0,1,1,0,1,0,1,18,408
Chickenpox,Henan,25-44,Male,18,0,1,1,1,2021,Winter,Urban,1,1,1,0,0,1,0,1,1,1,0,2,823
Rabies,Shandong,45-64,Male,13,0,1,1,11,2021,Autumn,Urban,1,0,0,1,0,0,0,0,0,1,1,10,348
Syphilis,Shandong,0-14,Female,21,0,1,1,8,2021,Summer,Rural,1,1,0,1,0,0,0,0,1,1,1,23,617
Influenza,Hunan,0-14,Male,19,1,1,0,6,2022,Summer,Urban,1,0,0,0,1,1,1,1,0,0,1,0,142
Chickenpox,Hunan,45-64,Female,20,0,0,1,12,2020,Winter,Rural,1,0,0,0,0,0,1,0,1,1,1,0,864
Tuberculosis,Yunnan,65+,Male,14,0,0,1,1,2020,Winter,Rural,0,0,0,0,0,0,1,0,1,1,0,0,502
Hepatitis B,Hunan,45-64,Female,14,0,1,1,4,2018,Spring,Rural,0,1,1,0,1,0,0,0,0,1,1,2,245
Tuberculosis,Shanghai,15-24,Male,21,0,0,1,3,2019,Spring,Urban,1,0,0,0,0,0,1,0,0,1,0,0,385
COVID-19,Shanghai,45-64,Male,16,2,0,0,7,2021,Summer,Rural,1,1,0,1,0,1,1,1,1,1,1,0,298
Chickenpox,Zhejiang,0-14,Female,16,0,1,0,7,2019,Summer,Urban,1,0,1,1,1,0,0,0,1,0,1,1,500
HIV/AIDS,Sichuan,45-64,Male,16,0,0,1,6,2020,Summer,Urban,0,1,0,0,0,1,1,0,1,1,1,0,728
HIV/AIDS,Shanghai,25-44,Male,20,0,1,1,10,2020,Autumn,Rural,1,0,0,1,0,1,0,1,0,1,0,2,280
Mumps,Guangdong,15-24,Female,15,0,1,1,10,2021,Autumn,Rural,0,1,0,0,1,1,1,0,0,1,1,0,291
Typhoid,Shandong,45-64,Male,24,0,1,1,12,2022,Winter,Urban,1,0,0,0,0,1,0,0,0,1,1,20,230
Syphilis,Henan,0-14,Female,19,0,1,1,8,2021,Summer,Rural,0,1,0,0,0,0,0,0,1,0,0,18,866
Syphilis,Hunan,15-24,Male,16,0,1,1,7,2021,Summer,Urban,1,0,0,1,0,1,1,1,0,1,0,19,508
Dysentery,Zhejiang,0-14,Female,21,1,1,0,4,2018,Spring,Urban,0,0,1,1,0,1,0,0,1,1,1,6,513
Dysentery,Beijing,65+,Female,30,0,1,0,7,2022,Summer,Urban,0,0,0,1,0,1,1,0,0,1,1,18,263
Dysentery,Henan,25-44,Female,24,0,0,1,1,2019,Winter,Urban,1,1,0,0,0,0,1,0,0,1,0,0,433
Influenza,Guangdong,65+,Female,17,0,0,1,3,2022,Spring,Urban,0,0,0,1,0,1,0,1,0,1,1,0,250
Malaria,Hunan,25-44,Male,21,0,0,1,2,2021,Winter,Urban,0,0,0,0,0,1,1,0,0,1,1,0,860
Measles,Guangdong,45-64,Male,20,0,1,1,7,2021,Summer,Rural,0,0,1,0,0,0,1,0,1,0,0,1,789
Malaria,Shandong,15-24,Female,13,0,0,1,9,2021,Autumn,Urban,0,0,0,0,0,0,1,0,0,1,0,0,213
Tuberculosis,Shandong,45-64,Male,27,0,1,1,5,2021,Spring,Urban,1,0,0,0,0,0,0,0,1,1,1,16,627
Malaria,Yunnan,25-44,Male,14,1,0,0,9,2021,Autumn,Rural,1,0,0,0,0,0,0,0,0,1,1,0,703
Influenza,Zhejiang,25-44,Male,19,1,1,0,12,2022,Winter,Rural,1,0,0,0,0,1,1,1,1,1,1,19,769
Mumps,Henan,25-44,Female,14,1,1,0,8,2021,Summer,Urban,0,1,0,0,0,1,1,0,0,0,0,20,927
Tuberculosis,Jiangsu,0-14,Male,14,0,0,1,1,2020,Winter,Urban,1,0,0,1,0,0,1,1,0,0,1,0,460
Malaria,Jiangsu,15-24,Male,24,0,0,1,11,2020,Autumn,Urban,0,1,0,0,0,0,1,0,1,0,0,0,288
Influenza,Henan,45-64,Female,19,1,1,0,2,2018,Winter,Rural,1,1,0,0,0,1,0,1,1,0,0,16,853
Measles,Beijing,45-64,Male,10,0,0,1,6,2019,Summer,Urban,1,0,0,1,0,1,0,0,1,1,1,0,329
Malaria,Zhejiang,65+,Female,16,1,1,0,5,2020,Spring,Urban,1,0,0,1,0,0,1,0,0,1,0,25,849
Influenza,Guangdong,25-44,Female,25,0,0,1,11,2018,Autumn,Rural,1,0,1,1,0,0,0,0,0,1,1,0,873
COVID-19,Beijing,25-44,Female,22,0,1,1,7,2022,Summer,Rural,1,0,0,0,1,1,0,1,1,0,1,11,394
Dysentery,Sichuan,25-44,Male,21,0,1,1,9,2019,Autumn,Rural,1,0,0,0,0,1,1,0,0,0,1,11,616
COVID-19,Henan,45-64,Male,21,0,1,1,4,2021,Spring,Urban,1,0,0,0,0,0,1,0,1,1,1,17,870
Syphilis,Guangdong,65+,Female,14,1,1,0,8,2021,Summer,Rural,0,0,0,0,0,1,1,0,0,1,0,29,173
Dysentery,Jiangsu,0-14,Female,26,1,0,0,4,2022,Spring,Urban,1,0,0,0,0,1,0,0,0,1,1,0,129
Syphilis,Shanghai,15-24,Female,22,0,1,0,3,2019,Spring,Rural,1,0,0,1,0,1,0,0,1,1,1,5,435
Scarlet Fever,Yunnan,0-14,Female,18,0,1,1,12,2020,Winter,Rural,0,0,0,1,0,1,1,0,1,0,1,12,366
Hepatitis B,Jiangsu,45-64,Female,18,1,1,0,2,2019,Winter,Urban,1,0,0,0,0,0,0,1,0,1,1,25,742
Hepatitis B,Shandong,15-24,Male,29,0,0,1,11,2022,Autumn,Rural,1,0,0,0,0,1,1,0,0,1,0,0,527
Hepatitis B,Shanghai,45-64,Female,20,0,1,1,8,2020,Summer,Urban,1,0,0,1,0,1,0,0,0,1,0,23,665
Measles,Yunnan,45-64,Female,28,0,1,1,11,2019,Autumn,Urban,1,1,0,0,0,0,1,0,0,1,1,9,740
Dysentery,Yunnan,45-64,Female,21,0,1,1,12,2019,Winter,Rural,1,0,0,0,0,1,1,0,0,1,1,10,112
Scarlet Fever,Sichuan,15-24,Male,28,0,1,0,3,2020,Spring,Urban,1,0,0,1,0,0,0,0,1,1,0,1,674
Syphilis,Sichuan,15-24,Male,19,1,0,0,1,2018,Winter,Urban,1,0,0,0,0,1,0,1,0,1,1,0,979
Influenza,Hunan,65+,Male,28,0,1,1,6,2018,Summer,Rural,1,1,0,0,0,1,1,0,0,1,0,6,411
Tuberculosis,Jiangsu,65+,Male,20,0,1,1,5,2019,Spring,Urban,1,0,0,0,0,0,1,0,0,1,0,23,394
Influenza,Jiangsu,0-14,Female,16,0,0,1,8,2021,Summer,Urban,1,0,1,0,0,0,0,0,0,1,0,0,969
Tuberculosis,Jiangsu,15-24,Male,21,0,1,1,6,2020,Summer,Urban,1,0,1,1,0,0,0,0,0,1,0,16,166
HIV/AIDS,Beijing,15-24,Female,26,0,1,0,10,2018,Autumn,Urban,0,0,0,1,0,1,1,0,0,1,0,19,524
Influenza,Yunnan,65+,Female,19,0,0,1,10,2018,Autumn,Urban,0,0,0,0,0,1,0,0,0,1,1,0,189
Malaria,Shanghai,45-64,Female,22,0,1,1,12,2022,Winter,Urban,0,1,0,1,0,1,0,0,0,1,0,14,494
Malaria,Zhejiang,25-44,Female,28,0,1,1,12,2021,Winter,Urban,0,1,0,0,1,0,1,0,0,1,1,8,553
Typhoid,Yunnan,65+,Female,22,0,1,0,11,2018,Autumn,Urban,1,0,0,1,0,1,1,0,1,1,1,27,687
Dysentery,Sichuan,15-24,Male,28,0,0,1,2,2021,Winter,Rural,1,1,0,0,0,1,0,0,0,1,0,0,729
Tuberculosis,Guangdong,65+,Male,13,0,0,1,8,2019,Summer,Urban,1,1,0,0,0,0,1,1,0,1,1,0,697
Tuberculosis,Shandong,0-14,Male,18,0,1,1,5,2019,Spring,Rural,1,0,0,0,0,1,1,0,0,1,1,4,889
Chickenpox,Hunan,15-24,Male,21,0,1,1,12,2022,Winter,Urban,1,0,1,0,1,0,0,1,0,1,1,0,777
Mumps,Henan,0-14,Male,23,1,1,0,8,2021,Summer,Rural,0,1,0,0,0,0,1,1,1,1,1,8,623
Dysentery,Guangdong,15-24,Female,17,0,1,1,5,2020,Spring,Urban,0,0,0,1,1,1,0,0,0,1,0,0,519
Measles,Zhejiang,65+,Male,17,1,0,0,6,2022,Summer,Rural,1,0,0,1,0,1,0,0,0,0,1,0,917
Typhoid,Jiangsu,45-64,Male,17,0,1,1,10,2018,Autumn,Urban,1,0,1,0,0,0,1,0,1,1,0,4,372
Measles,Sichuan,25-44,Male,18,1,0,0,5,2019,Spring,Urban,1,0,0,0,0,0,1,0,1,1,0,0,331
COVID-19,Sichuan,65+,Female,21,0,1,1,3,2020,Spring,Urban,0,0,0,1,1,1,0,0,0,1,1,3,272
Measles,Jiangsu,45-64,Female,22,0,1,1,10,2022,Autumn,Rural,1,0,0,1,0,1,0,0,0,1,1,3,806
Measles,Henan,65+,Male,23,0,0,1,8,2021,Summer,Urban,0,0,0,0,0,0,0,0,0,1,1,0,892
Scarlet Fever,Hunan,0-14,Male,26,0,0,1,3,2019,Spring,Urban,0,0,0,0,0,1,0,0,0,1,1,0,182
Dysentery,Guangdong,25-44,Male,12,0,0,1,4,2018,Spring,Urban,1,1,1,0,0,1,1,0,1,0,0,0,968
Measles,Jiangsu,65+,Male,20,0,0,1,6,2020,Summer,Urban,1,0,1,0,0,0,0,0,1,1,0,0,725
Malaria,Zhejiang,15-24,Male,19,0,0,1,2,2020,Winter,Rural,0,0,0,0,0,0,0,0,0,1,0,0,201
Mumps,Hunan,45-64,Female,20,1,1,0,7,2020,Summer,Urban,0,0,0,0,0,0,0,0,0,1,0,21,204
Mumps,Zhejiang,65+,Male,21,0,1,1,5,2018,Spring,Urban,1,0,0,0,0,1,1,0,1,0,0,15,916
Hepatitis B,Hunan,45-64,Female,15,0,1,1,12,2020,Winter,Urban,1,0,0,0,1,1,1,1,1,1,0,5,142
HIV/AIDS,Henan,15-24,Male,21,0,1,0,10,2021,Autumn,Urban,1,0,0,1,0,0,0,0,0,1,0,10,338
COVID-19,Shandong,25-44,Female,18,0,1,1,5,2021,Spring,Rural,0,0,0,0,0,0,0,0,0,1,1,9,374
Tuberculosis,Zhejiang,25-44,Female,15,0,1,1,5,2022,Spring,Urban,1,0,0,1,0,0,0,0,0,1,1,17,947
Chickenpox,Jiangsu,15-24,Female,21,0,0,1,2,2022,Winter,Rural,1,1,0,0,0,0,1,1,0,1,0,0,893
Brucellosis,Hunan,45-64,Female,13,1,0,0,11,2021,Autumn,Urban,1,0,0,1,0,1,1,1,0,0,0,0,196
Tuberculosis,Sichuan,65+,Male,18,1,1,0,12,2018,Winter,Rural,1,0,0,1,0,0,0,0,0,1,0,14,114
HIV/AIDS,Yunnan,15-24,Male,19,0,0,0,10,2022,Autumn,Rural,1,0,1,0,0,1,0,0,0,1,0,0,408
Chickenpox,Sichuan,0-14,Male,17,0,1,1,9,2020,Autumn,Urban,1,1,0,0,0,0,0,1,0,0,1,13,328
Scarlet Fever,Beijing,45-64,Female,16,0,0,1,3,2021,Spring,Urban,1,1,0,1,0,0,0,0,1,0,1,0,631
Dysentery,Shandong,25-44,Male,17,0,1,1,12,2019,Winter,Urban,0,0,0,0,0,0,0,1,0,0,1,28,744
Influenza,Shandong,15-24,Male,18,0,1,1,7,2018,Summer,Urban,1,1,0,0,0,1,0,0,0,1,1,6,931
Dysentery,Sichuan,25-44,Male,22,0,0,1,5,2018,Spring,Rural,1,0,0,1,0,0,0,0,0,1,1,0,531
Tuberculosis,Guangdong,45-64,Male,21,0,1,1,10,2021,Autumn,Rural,0,0,0,0,0,0,0,1,0,1,0,7,891
Tuberculosis,Henan,25-44,Female,17,0,1,1,10,2019,Autumn,Rural,1,0,0,0,0,0,0,0,0,1,1,24,937
Chickenpox,Zhejiang,15-24,Female,19,0,1,1,5,2018,Spring,Rural,1,0,0,0,0,0,0,0,0,1,0,7,739
Chickenpox,Jiangsu,45-64,Male,21,1,1,0,4,2022,Spring,Urban,1,1,1,0,0,1,0,0,0,1,1,12,871
Scarlet Fever,Sichuan,15-24,Male,21,0,1,1,6,2020,Summer,Rural,0,0,0,1,0,0,0,1,1,1,0,9,782
COVID-19,Sichuan,65+,Female,14,1,0,0,7,2022,Summer,Urban,1,0,0,1,0,0,1,0,1,1,1,0,791
HIV/AIDS,Henan,15-24,Female,17,0,1,1,7,2019,Summer,Rural,0,0,1,1,0,0,1,0,1,1,0,26,504
Measles,Henan,45-64,Female,19,0,1,1,11,2021,Autumn,Rural,0,1,0,0,0,1,1,0,1,0,0,21,808
Dysentery,Shanghai,15-24,Male,18,0,1,1,12,2018,Winter,Rural,1,0,0,0,0,1,0,0,0,1,1,27,496
Chickenpox,Shanghai,0-14,Female,22,0,0,1,8,2022,Summer,Urban,0,0,0,0,0,1,1,0,1,1,0,0,357
Syphilis,Guangdong,0-14,Female,24,0,1,1,5,2021,Spring,Rural,1,0,0,1,0,0,0,0,0,1,1,15,463
HIV/AIDS,Guangdong,65+,Female,22,1,1,0,7,2019,Summer,Rural,1,0,0,0,0,0,0,0,0,1,0,2,233
Malaria,Beijing,25-44,Female,25,0,1,1,12,2020,Winter,Rural,1,0,0,0,0,1,0,0,0,1,1,2,192
Scarlet Fever,Guangdong,45-64,Female,16,0,1,1,4,2018,Spring,Urban,0,0,0,0,1,1,0,0,0,1,0,5,762
Tuberculosis,Hunan,45-64,Male,18,1,0,0,9,2018,Autumn,Urban,1,1,0,1,0,1,0,0,1,1,1,0,582
COVID-19,Henan,25-44,Male,17,1,1,0,5,2022,Spring,Rural,1,0,0,1,1,0,0,0,0,1,0,11,429
HIV/AIDS,Jiangsu,0-14,Male,27,0,1,1,3,2021,Spring,Urban,1,0,0,1,0,1,0,0,1,1,1,24,567
Brucellosis,Hunan,0-14,Male,23,0,1,1,5,2019,Spring,Urban,1,0,0,1,0,1,1,1,0,1,0,29,444
Dysentery,Zhejiang,15-24,Female,22,0,1,1,9,2019,Autumn,Urban,0,1,0,0,1,0,1,0,1,0,0,4,775
Chickenpox,Sichuan,65+,Male,17,0,1,1,11,2021,Autumn,Urban,1,0,0,1,1,0,0,0,0,1,1,15,621
Tuberculosis,Guangdong,65+,Male,20,0,1,0,8,2018,Summer,Rural,1,0,0,1,0,1,1,1,0,0,0,16,510
Influenza,Sichuan,65+,Male,17,0,1,1,1,2021,Winter,Rural,1,0,0,0,0,0,0,0,1,1,1,9,490
Brucellosis,Shandong,15-24,Female,12,0,1,1,5,2019,Spring,Rural,1,0,0,0,0,1,1,0,0,1,0,6,661
Scarlet Fever,Beijing,65+,Male,16,0,1,1,6,2021,Summer,Rural,1,0,0,0,0,1,0,1,0,0,1,29,888
HIV/AIDS,Shandong,25-44,Female,17,0,0,1,10,2018,Autumn,Urban,0,0,0,1,0,1,1,0,0,1,1,0,185
Typhoid,Beijing,15-24,Female,20,0,0,0,11,2022,Autumn,Rural,1,0,0,1,0,0,1,1,1,1,1,0,145
Tuberculosis,Shanghai,25-44,Female,20,0,1,0,2,2018,Winter,Urban,1,0,0,0,0,1,0,0,1,1,0,1,612
Dysentery,Sichuan,15-24,Male,21,0,1,1,6,2020,Summer,Rural,1,0,1,0,0,1,0,0,0,1,0,14,444
Hepatitis B,Beijing,65+,Female,18,0,0,1,9,2020,Autumn,Rural,0,0,0,0,0,1,1,0,1,1,1,0,538
Syphilis,Yunnan,25-44,Male,18,0,0,1,4,2021,Spring,Urban,1,0,0,1,0,0,1,0,0,1,1,0,347
Rabies,Hunan,25-44,Male,19,0,1,1,3,2018,Spring,Rural,0,1,0,1,0,1,0,0,0,1,0,28,152
Brucellosis,Beijing,25-44,Male,23,0,0,0,9,2018,Autumn,Urban,1,0,0,0,0,0,1,0,1,1,1,0,504
Measles,Beijing,15-24,Female,14,0,0,1,2,2019,Winter,Rural,0,0,0,0,0,1,0,0,0,0,0,0,212
Rabies,Hunan,45-64,Female,19,1,1,0,12,2022,Winter,Rural,1,1,0,0,0,0,1,0,0,1,1,7,515
Dysentery,Sichuan,65+,Male,19,2,1,0,9,2018,Autumn,Urban,0,0,0,0,1,0,1,0,0,1,1,18,338
Malaria,Sichuan,25-44,Female,30,0,0,1,11,2021,Autumn,Rural,1,0,0,0,0,0,0,0,0,1,0,0,113
Malaria,Shandong,65+,Female,10,0,0,1,11,2019,Autumn,Urban,1,1,0,0,0,0,0,0,0,1,1,0,737
Hepatitis B,Yunnan,65+,Male,26,0,1,1,11,2021,Autumn,Rural,0,0,0,0,1,1,1,0,0,1,0,0,397
Brucellosis,Jiangsu,25-44,Female,16,2,0,0,2,2021,Winter,Rural,1,0,0,0,0,1,0,0,0,1,1,0,892
Measles,Zhejiang,25-44,Female,24,0,1,1,11,2018,Autumn,Urban,0,0,0,1,1,1,0,0,1,1,0,11,512
Typhoid,Yunnan,15-24,Male,20,0,1,0,10,2018,Autumn,Rural,0,0,0,1,0,1,0,0,0,1,1,8,864
Hepatitis B,Sichuan,45-64,Female,16,0,1,0,3,2019,Spring,Rural,1,0,0,0,0,0,1,1,0,1,0,11,387
Brucellosis,Jiangsu,45-64,Male,26,0,1,0,7,2019,Summer,Urban,0,0,0,1,1,1,0,0,1,1,1,0,110
Mumps,Shanghai,25-44,Female,19,0,0,1,2,2022,Winter,Urban,1,1,0,0,0,1,1,0,0,1,0,0,255
Rabies,Guangdong,65+,Female,18,0,1,1,1,2019,Winter,Rural,0,0,0,0,0,0,0,0,0,1,1,12,552
Hepatitis B,Beijing,25-44,Female,24,0,1,1,9,2021,Autumn,Urban,0,0,0,1,0,1,1,0,1,1,1,5,867
Rabies,Hunan,65+,Female,23,0,0,1,6,2021,Summer,Rural,0,0,0,0,0,1,0,0,0,1,0,0,838
Tuberculosis,Hunan,65+,Female,18,0,0,1,9,2022,Autumn,Rural,1,0,1,1,0,1,0,0,0,1,1,0,380
Malaria,Beijing,25-44,Female,18,1,1,0,12,2020,Winter,Rural,0,0,0,1,1,0,0,0,0,1,1,6,151
Tuberculosis,Guangdong,0-14,Male,18,1,1,0,3,2020,Spring,Urban,1,1,0,0,0,0,0,0,1,1,1,25,780
Syphilis,Zhejiang,45-64,Female,16,0,0,1,3,2021,Spring,Urban,1,0,0,0,0,1,1,0,1,1,1,0,278
Mumps,Guangdong,65+,Female,19,0,0,1,10,2020,Autumn,Rural,1,0,0,1,0,0,1,0,1,1,0,0,746
Measles,Jiangsu,65+,Female,20,1,0,0,12,2020,Winter,Urban,1,0,0,1,0,0,1,0,0,1,0,0,653
Typhoid,Guangdong,0-14,Male,20,0,1,0,3,2022,Spring,Urban,0,0,0,0,1,1,0,0,0,1,1,22,975
Scarlet Fever,Jiangsu,15-24,Male,17,0,1,1,2,2019,Winter,Urban,1,0,0,1,1,1,0,0,1,1,0,8,722
Rabies,Guangdong,0-14,Male,29,0,1,1,11,2019,Autumn,Urban,0,1,0,0,1,0,1,1,1,0,0,6,312
Typhoid,Zhejiang,0-14,Female,21,1,0,0,6,2020,Summer,Urban,0,1,0,0,0,1,1,0,1,1,1,0,156
Rabies,Zhejiang,65+,Female,18,0,0,1,3,2018,Spring,Rural,0,0,0,1,0,0,0,0,1,1,1,0,110
Dysentery,Sichuan,45-64,Male,14,0,0,1,5,2022,Spring,Urban,0,0,0,0,0,0,1,1,0,1,1,0,937
Hepatitis B,Beijing,0-14,Male,16,0,1,1,11,2020,Autumn,Urban,0,0,0,0,0,1,1,0,0,1,0,12,422
Syphilis,Zhejiang,15-24,Male,29,0,0,1,5,2018,Spring,Urban,1,0,0,0,0,0,1,0,0,1,0,0,129
Malaria,Jiangsu,25-44,Female,20,0,1,1,10,2018,Autumn,Rural,1,0,0,1,1,0,0,0,1,1,0,3,575
Scarlet Fever,Zhejiang,0-14,Male,18,0,1,1,3,2022,Spring,Rural,1,0,1,1,0,1,1,0,1,1,1,11,460
Chickenpox,Sichuan,0-14,Female,26,0,1,1,3,2019,Spring,Urban,1,0,0,0,0,0,0,0,0,1,0,25,820
Rabies,Hunan,15-24,Female,19,0,0,1,1,2021,Winter,Rural,1,0,0,0,0,1,1,1,0,1,1,0,122
Typhoid,Jiangsu,45-64,Female,16,0,0,1,6,2018,Summer,Urban,0,0,0,0,0,0,1,0,1,1,1,0,918
Syphilis,Sichuan,0-14,Male,20,1,1,0,3,2021,Spring,Rural,1,0,1,1,1,1,0,0,0,1,0,15,837
Influenza,Shandong,0-14,Female,24,1,1,0,1,2021,Winter,Rural,1,0,0,0,0,0,1,0,1,0,0,1,440
Scarlet Fever,Shandong,45-64,Male,22,0,0,1,10,2022,Autumn,Urban,1,1,0,0,0,0,0,0,1,1,0,0,616
Influenza,Shanghai,15-24,Male,20,0,1,1,9,2019,Autumn,Rural,1,0,0,0,0,0,0,0,0,1,1,19,917
Tuberculosis,Guangdong,0-14,Male,19,0,0,1,11,2022,Autumn,Urban,0,1,0,1,0,1,0,1,1,1,0,0,355
Malaria,Beijing,45-64,Male,31,0,1,1,1,2018,Winter,Urban,0,0,0,0,0,1,0,0,0,1,1,18,271
COVID-19,Yunnan,25-44,Female,18,0,1,1,5,2020,Spring,Rural,1,0,0,1,0,0,0,0,0,1,1,24,626
Chickenpox,Sichuan,65+,Female,19,0,1,1,2,2019,Winter,Rural,1,0,0,0,0,0,0,1,0,1,1,28,721
Dysentery,Hunan,25-44,Female,21,0,1,1,1,2022,Winter,Urban,1,0,0,0,0,1,0,0,0,1,1,18,613
Typhoid,Yunnan,0-14,Male,14,1,1,0,6,2022,Summer,Urban,0,0,0,0,0,1,0,0,0,1,1,29,793
Brucellosis,Hunan,15-24,Male,15,0,1,0,7,2021,Summer,Urban,1,0,0,0,0,0,0,0,0,1,0,27,877
Chickenpox,Yunnan,65+,Male,28,0,1,0,11,2020,Autumn,Rural,1,1,0,0,0,1,1,0,0,0,1,20,311
Hepatitis B,Sichuan,25-44,Male,22,0,0,1,11,2019,Autumn,Rural,1,0,1,0,0,0,1,0,1,1,0,0,902
Hepatitis B,Henan,45-64,Female,27,1,1,0,9,2020,Autumn,Rural,1,0,0,0,0,0,1,0,0,1,0,8,481
Typhoid,Yunnan,15-24,Male,24,1,1,0,8,2021,Summer,Rural,1,0,0,0,1,0,1,0,0,1,0,23,140
Brucellosis,Sichuan,25-44,Female,25,0,0,1,10,2020,Autumn,Urban,0,0,0,0,0,0,0,0,1,1,0,0,402
Measles,Zhejiang,45-64,Male,17,0,1,1,3,2020,Spring,Rural,0,0,0,1,0,1,0,0,0,0,0,3,225
Dysentery,Henan,0-14,Male,17,0,1,1,9,2019,Autumn,Urban,1,1,0,0,0,1,0,0,0,1,1,10,857
Syphilis,Jiangsu,45-64,Male,10,0,0,1,1,2020,Winter,Urban,1,1,0,0,0,1,0,0,0,1,1,0,440
Rabies,Hunan,25-44,Male,17,0,0,1,6,2021,Summer,Urban,1,0,0,0,0,0,0,0,0,1,0,0,864
Brucellosis,Shandong,25-44,Female,16,0,0,1,10,2018,Autumn,Rural,0,0,0,1,0,0,0,0,0,1,1,0,576
Scarlet Fever,Shandong,45-64,Female,19,0,1,1,10,2022,Autumn,Rural,0,0,0,0,1,0,0,0,0,1,0,0,966
Measles,Henan,45-64,Female,14,0,1,1,9,2018,Autumn,Rural,1,0,0,1,0,0,1,0,0,1,0,8,637
Rabies,Jiangsu,0-14,Male,23,0,1,1,9,2019,Autumn,Rural,0,0,0,0,0,1,1,0,0,1,1,17,631
Rabies,Hunan,45-64,Male,23,0,1,0,8,2022,Summer,Rural,0,1,0,1,1,1,0,0,1,1,0,0,391
Measles,Jiangsu,0-14,Female,30,1,1,0,11,2018,Autumn,Rural,0,1,0,0,0,0,0,1,0,1,0,16,931
Tuberculosis,Yunnan,15-24,Female,27,0,0,0,7,2018,Summer,Rural,1,1,0,0,0,1,0,0,0,0,1,0,654
Influenza,Hunan,25-44,Male,28,1,1,0,6,2022,Summer,Rural,0,0,0,0,0,0,0,0,0,1,1,12,779
Rabies,Yunnan,15-24,Male,25,0,1,1,2,2019,Winter,Rural,0,0,0,1,0,0,0,1,0,1,0,18,629
Measles,Sichuan,65+,Female,22,1,0,0,4,2022,Spring,Rural,1,0,0,0,0,1,1,0,1,1,0,0,304
Brucellosis,Henan,65+,Female,29,1,1,0,10,2019,Autumn,Rural,1,0,1,0,0,1,0,0,0,1,1,22,178
Measles,Sichuan,65+,Female,21,0,0,1,7,2019,Summer,Rural,0,1,0,1,0,0,0,0,0,1,1,0,627
Mumps,Shanghai,0-14,Male,28,1,0,0,6,2021,Summer,Rural,0,0,1,0,0,0,0,1,0,1,0,0,572
Chickenpox,Jiangsu,45-64,Female,20,0,0,1,9,2018,Autumn,Urban,0,0,0,0,0,1,0,0,1,1,1,0,870
HIV/AIDS,Yunnan,15-24,Female,24,0,1,1,5,2018,Spring,Urban,1,1,0,0,1,0,0,1,0,1,0,2,936
Tuberculosis,Zhejiang,15-24,Female,11,0,1,1,12,2020,Winter,Urban,0,0,0,0,0,0,1,0,0,1,0,15,202
Malaria,Sichuan,15-24,Female,20,0,0,1,12,2022,Winter,Rural,1,0,1,0,0,1,0,0,1,1,0,0,196
HIV/AIDS,Shanghai,15-24,Female,25,0,0,1,6,2021,Summer,Urban,0,0,0,0,0,1,0,0,0,1,0,0,713
Chickenpox,Beijing,65+,Male,13,0,1,1,10,2018,Autumn,Rural,1,0,0,0,1,0,1,1,0,1,1,21,615
Chickenpox,Shandong,15-24,Female,20,0,1,1,6,2020,Summer,Rural,1,0,0,0,1,1,0,0,0,1,1,0,782
Chickenpox,Hunan,45-64,Male,19,0,1,1,8,2021,Summer,Urban,1,0,0,0,0,0,0,0,0,1,1,17,713
HIV/AIDS,Shanghai,65+,Female,18,0,0,1,8,2019,Summer,Rural,0,0,1,0,0,0,1,0,0,1,1,0,919
Typhoid,Henan,15-24,Female,20,0,1,1,6,2018,Summer,Rural,1,0,0,0,0,1,0,0,1,0,0,12,347
Influenza,Sichuan,0-14,Female,28,0,1,1,8,2022,Summer,Rural,0,0,1,0,0,1,0,1,1,1,0,15,919
Measles,Henan,25-44,Male,23,1,1,0,7,2021,Summer,Rural,1,0,0,0,1,0,1,0,1,1,1,3,728
Scarlet Fever,Shandong,25-44,Male,20,0,1,1,1,2020,Winter,Urban,1,0,0,0,1,1,0,0,0,1,1,23,421
Influenza,Zhejiang,25-44,Male,18,0,0,1,5,2022,Spring,Rural,1,0,1,1,0,0,1,1,0,1,1,0,545
Brucellosis,Jiangsu,15-24,Female,20,0,0,1,10,2022,Autumn,Urban,1,0,1,0,0,1,1,0,0,1,0,0,162
Dysentery,Henan,65+,Male,20,0,1,1,10,2020,Autumn,Rural,0,0,0,1,0,1,1,0,0,1,0,24,278
Typhoid,Yunnan,45-64,Male,16,0,1,1,10,2019,Autumn,Urban,1,0,0,0,0,1,1,0,1,1,0,1,291
Malaria,Zhejiang,0-14,Female,16,0,1,1,5,2020,Spring,Rural,1,0,0,1,0,0,0,0,1,1,1,11,821
Influenza,Jiangsu,0-14,Male,24,2,1,0,10,2018,Autumn,Rural,1,0,0,0,0,0,1,0,1,1,1,2,735
Scarlet Fever,Zhejiang,25-44,Female,16,0,1,1,9,2020,Autumn,Urban,1,0,0,0,0,1,0,0,0,1,1,18,110
Hepatitis B,Shanghai,25-44,Male,24,0,1,0,7,2022,Summer,Urban,1,1,0,0,0,1,0,0,1,1,0,8,262
Chickenpox,Zhejiang,25-44,Male,19,0,0,1,7,2018,Summer,Urban,0,0,0,0,0,1,1,0,0,1,1,0,516
Rabies,Guangdong,15-24,Male,23,0,1,0,10,2018,Autumn,Rural,1,0,0,0,0,1,1,0,0,1,1,18,677
COVID-19,Shandong,45-64,Female,25,1,1,0,2,2021,Winter,Urban,0,0,1,0,0,1,1,1,0,0,1,17,484
Dysentery,Jiangsu,45-64,Female,17,1,0,0,8,2022,Summer,Urban,0,0,0,0,0,0,1,0,0,1,0,0,132
Tuberculosis,Zhejiang,45-64,Male,14,1,1,0,3,2022,Spring,Urban,1,0,0,0,0,0,0,0,1,1,1,10,176
Malaria,Henan,45-64,Female,17,0,1,1,9,2019,Autumn,Rural,1,0,0,0,0,0,1,1,0,1,0,23,766
Brucellosis,Beijing,25-44,Female,22,0,1,1,6,2020,Summer,Rural,1,0,0,0,0,1,1,0,1,1,1,21,548
Dysentery,Guangdong,0-14,Female,23,0,1,1,9,2020,Autumn,Urban,1,0,0,1,0,0,1,1,0,1,1,1,973
Chickenpox,Guangdong,25-44,Female,17,0,1,1,9,2022,Autumn,Urban,0,1,0,0,0,0,0,0,0,1,0,20,320
Rabies,Yunnan,45-64,Male,19,0,1,1,7,2020,Summer,Urban,0,0,1,0,0,0,0,0,0,1,0,28,272
Typhoid,Zhejiang,25-44,Female,23,0,0,1,10,2022,Autumn,Rural,0,0,0,0,0,1,1,0,0,1,1,0,971
Rabies,Yunnan,45-64,Female,25,1,0,0,12,2018,Winter,Rural,0,0,0,1,0,0,0,0,0,0,1,0,185
HIV/AIDS,Yunnan,65+,Male,21,0,1,1,8,2020,Summer,Rural,1,0,0,1,0,1,0,0,0,1,0,9,970
Rabies,Beijing,0-14,Female,19,0,0,1,2,2020,Winter,Rural,0,0,0,1,0,0,1,0,1,1,1,0,695
HIV/AIDS,Shanghai,65+,Female,20,0,1,0,5,2022,Spring,Rural,0,0,0,0,0,1,0,1,0,1,0,7,399
COVID-19,Zhejiang,15-24,Female,20,0,1,1,3,2022,Spring,Urban,0,0,0,0,1,0,1,0,0,1,0,16,907
Typhoid,Sichuan,25-44,Male,29,0,1,1,1,2019,Winter,Urban,0,0,0,0,0,1,1,1,0,1,1,5,656
Brucellosis,Jiangsu,15-24,Male,17,0,1,1,6,2020,Summer,Rural,0,0,0,0,0,1,0,1,0,1,1,26,741
Syphilis,Yunnan,25-44,Female,25,0,1,0,12,2021,Winter,Rural,1,0,0,0,0,1,0,0,0,1,1,6,780
Chickenpox,Shandong,65+,Female,23,0,1,1,9,2022,Autumn,Urban,1,1,0,0,0,1,0,0,1,1,0,28,535
HIV/AIDS,Hunan,45-64,Male,16,0,0,1,2,2021,Winter,Urban,0,0,0,0,0,0,0,0,1,1,1,0,116
Tuberculosis,Shandong,45-64,Male,15,0,0,1,9,2018,Autumn,Urban,1,0,0,1,0,1,1,0,0,0,0,0,149
Rabies,Beijing,25-44,Male,17,0,1,1,8,2018,Summer,Urban,0,0,0,0,0,1,0,1,0,1,0,29,603
Rabies,Beijing,45-64,Female,23,0,1,1,11,2021,Autumn,Urban,1,1,0,1,1,0,1,0,1,1,0,0,979
Tuberculosis,Henan,65+,Female,21,0,0,1,9,2018,Autumn,Urban,1,0,0,0,0,1,0,1,0,1,1,0,780
Brucellosis,Shanghai,45-64,Male,24,1,1,0,5,2021,Spring,Urban,1,0,0,0,1,0,1,0,1,1,0,24,531
Hepatitis B,Jiangsu,65+,Female,22,0,1,0,2,2019,Winter,Urban,0,0,0,0,0,0,1,0,0,1,0,3,957
Measles,Shandong,65+,Female,22,1,1,0,10,2018,Autumn,Urban,0,0,0,0,0,1,0,1,1,1,1,13,261
Syphilis,Hunan,0-14,Female,24,0,1,1,6,2021,Summer,Urban,0,0,0,0,0,1,1,0,0,1,1,25,922
Malaria,Beijing,0-14,Female,18,0,1,1,7,2021,Summer,Rural,1,0,0,0,0,0,0,0,1,1,0,3,449
Scarlet Fever,Beijing,0-14,Female,23,0,1,1,3,2021,Spring,Rural,1,0,0,0,0,1,1,1,0,0,0,20,101
HIV/AIDS,Shanghai,25-44,Female,19,0,1,1,6,2018,Summer,Rural,1,0,0,0,0,0,1,0,0,1,1,8,815
Tuberculosis,Hunan,25-44,Male,18,1,1,0,6,2021,Summer,Urban,1,0,0,0,0,0,1,0,0,1,0,10,283
Scarlet Fever,Hunan,25-44,Male,17,0,1,1,8,2022,Summer,Urban,1,0,0,0,0,0,1,0,0,1,1,1,953
Typhoid,Shanghai,65+,Male,22,0,1,1,1,2021,Winter,Rural,1,0,0,0,1,0,0,0,1,1,1,8,969
Brucellosis,Beijing,25-44,Male,25,0,1,1,4,2022,Spring,Rural,1,0,0,0,0,0,0,0,0,1,0,24,880
HIV/AIDS,Jiangsu,15-24,Male,22,0,1,1,1,2019,Winter,Urban,1,0,1,0,0,1,0,1,0,1,0,7,531
Measles,Zhejiang,0-14,Male,13,0,0,1,8,2022,Summer,Urban,0,0,1,0,0,0,0,0,1,1,1,0,471
Scarlet Fever,Zhejiang,65+,Male,26,0,1,1,2,2019,Winter,Urban,0,0,0,0,0,1,1,0,0,1,0,28,956
Typhoid,Shanghai,0-14,Male,25,0,1,1,8,2018,Summer,Rural,1,1,0,0,0,1,1,0,1,1,1,25,714
Dysentery,Hunan,25-44,Male,25,0,1,1,3,2019,Spring,Urban,0,0,0,1,0,1,0,0,1,1,1,23,543
Chickenpox,Yunnan,65+,Female,20,1,0,0,8,2019,Summer,Urban,1,0,0,0,0,1,1,0,1,1,0,0,594
Rabies,Shanghai,45-64,Female,19,0,0,1,6,2021,Summer,Urban,1,0,0,0,0,1,0,0,0,0,1,0,136
Dysentery,Jiangsu,15-24,Male,17,0,1,1,1,2020,Winter,Urban,1,0,0,1,0,0,0,0,1,1,0,28,632
HIV/AIDS,Shanghai,25-44,Female,20,0,1,1,7,2019,Summer,Rural,1,0,1,0,0,1,0,0,0,1,1,6,373
Measles,Guangdong,25-44,Female,24,1,1,0,7,2022,Summer,Rural,1,0,0,0,0,1,0,0,0,1,0,13,600
Syphilis,Shandong,15-24,Male,24,0,1,1,6,2018,Summer,Urban,1,1,0,1,0,1,0,0,0,1,1,17,944
Scarlet Fever,Hunan,15-24,Male,12,1,0,0,1,2022,Winter,Rural,0,0,0,0,0,1,0,0,0,1,1,0,282
Chickenpox,Henan,25-44,Female,26,1,1,0,1,2022,Winter,Urban,0,1,0,0,1,0,0,0,0,1,0,23,307
HIV/AIDS,Hunan,25-44,Female,21,0,1,1,1,2019,Winter,Rural,0,0,0,0,0,0,0,1,0,1,0,19,208
Brucellosis,Jiangsu,0-14,Male,20,0,1,1,6,2020,Summer,Urban,1,1,0,1,0,0,1,0,1,1,0,25,861
Tuberculosis,Guangdong,65+,Female,27,0,1,0,8,2019,Summer,Urban,1,0,0,0,1,0,1,0,0,0,0,0,674
COVID-19,Guangdong,65+,Female,19,1,1,0,1,2021,Winter,Rural,1,0,0,0,0,0,1,1,1,1,0,5,832
COVID-19,Beijing,0-14,Female,16,1,0,0,2,2022,Winter,Urban,1,0,0,0,0,0,0,0,1,1,1,0,799
COVID-19,Shandong,65+,Male,18,1,1,0,5,2020,Spring,Urban,1,0,0,0,0,0,1,1,0,1,1,14,785
Influenza,Zhejiang,15-24,Female,20,1,1,0,8,2022,Summer,Urban,1,0,0,1,0,0,1,1,0,1,0,13,115
HIV/AIDS,Sichuan,65+,Female,23,0,1,1,11,2021,Autumn,Urban,1,0,0,0,0,0,0,1,0,1,1,10,313
Chickenpox,Jiangsu,65+,Female,21,0,1,1,4,2021,Spring,Rural,1,1,0,0,1,1,0,0,0,1,1,7,783
Rabies,Sichuan,0-14,Female,15,0,1,1,5,2021,Spring,Urban,1,0,0,0,0,1,0,0,1,0,1,7,751
Rabies,Sichuan,45-64,Female,16,1,1,0,10,2019,Autumn,Rural,1,0,0,1,0,0,1,0,0,1,1,4,846
HIV/AIDS,Hunan,65+,Female,15,0,0,1,5,2019,Spring,Rural,0,0,1,0,0,1,1,0,1,0,1,0,419
Typhoid,Henan,65+,Female,15,1,1,0,3,2020,Spring,Rural,1,0,0,0,0,0,1,0,1,0,1,26,573
Influenza,Henan,45-64,Male,24,0,1,1,6,2021,Summer,Urban,0,0,0,0,0,0,1,0,1,1,1,29,767
Tuberculosis,Zhejiang,0-14,Male,20,0,1,1,5,2019,Spring,Rural,0,0,0,1,0,0,0,0,0,0,1,6,895
HIV/AIDS,Yunnan,15-24,Female,28,1,1,0,4,2019,Spring,Rural,1,1,0,0,0,0,1,0,1,0,0,2,705
Typhoid,Henan,0-14,Female,21,0,0,1,11,2020,Autumn,Rural,0,0,0,0,0,0,0,0,0,1,1,0,967
Rabies,Jiangsu,15-24,Female,17,0,1,1,4,2022,Spring,Rural,0,1,0,1,0,0,0,1,1,1,0,19,497
Rabies,Jiangsu,15-24,Male,19,0,0,1,7,2021,Summer,Rural,1,0,0,1,0,0,0,0,1,1,0,0,861
Measles,Beijing,0-14,Female,25,0,0,1,7,2019,Summer,Urban,0,0,0,0,0,0,1,0,1,1,1,0,770
HIV/AIDS,Shanghai,25-44,Female,23,0,0,1,9,2020,Autumn,Urban,1,0,0,1,0,1,0,0,0,1,0,0,162
Influenza,Yunnan,0-14,Male,17,0,1,1,10,2022,Autumn,Rural,1,0,0,0,0,1,1,1,0,1,0,3,175
Hepatitis B,Henan,65+,Male,23,1,1,0,12,2020,Winter,Rural,0,0,0,0,0,0,0,1,1,1,1,12,978
Influenza,Guangdong,65+,Female,15,0,1,1,2,2022,Winter,Urban,0,1,0,0,0,1,0,0,0,1,0,18,558
Brucellosis,Henan,25-44,Male,16,0,1,1,6,2018,Summer,Rural,1,0,0,1,0,0,1,0,0,0,0,17,487
Rabies,Beijing,15-24,Male,20,0,1,1,2,2022,Winter,Rural,0,0,1,0,0,0,0,1,0,1,0,10,572
Rabies,Jiangsu,25-44,Female,17,0,0,1,9,2018,Autumn,Urban,1,0,0,0,0,1,1,0,0,1,0,0,974
Dysentery,Sichuan,65+,Female,19,0,1,1,2,2021,Winter,Rural,0,0,0,1,1,1,0,0,0,1,1,25,444
Rabies,Guangdong,25-44,Female,14,0,0,1,6,2019,Summer,Rural,1,0,1,1,0,1,0,0,0,1,0,0,463
Tuberculosis,Hunan,0-14,Male,26,0,1,0,8,2018,Summer,Rural,0,0,0,0,0,1,0,0,0,1,0,26,375
Malaria,Shandong,25-44,Male,18,0,0,1,6,2020,Summer,Rural,0,0,0,0,0,1,0,0,0,1,0,0,555
HIV/AIDS,Sichuan,15-24,Male,22,0,1,1,12,2022,Winter,Urban,1,1,1,0,0,0,1,0,0,1,0,15,123
Scarlet Fever,Shandong,0-14,Female,22,0,1,1,3,2020,Spring,Rural,0,0,0,1,0,0,1,0,0,1,1,24,949
Influenza,Yunnan,45-64,Male,23,1,0,0,5,2018,Spring,Rural,1,1,0,1,0,1,0,0,0,0,0,0,393
Malaria,Shanghai,65+,Male,20,0,1,1,4,2020,Spring,Urban,1,0,0,0,0,1,1,0,0,1,0,20,428
Typhoid,Guangdong,65+,Female,19,0,0,1,1,2022,Winter,Urban,1,0,0,0,0,0,1,0,0,1,1,0,507
Hepatitis B,Zhejiang,25-44,Female,26,0,1,0,5,2019,Spring,Rural,1,0,0,0,0,0,0,1,0,1,0,26,424
Tuberculosis,Guangdong,0-14,Female,17,0,1,1,10,2020,Autumn,Rural,1,0,0,0,0,0,0,1,0,1,1,27,531
Chickenpox,Henan,45-64,Male,13,1,0,0,12,2021,Winter,Rural,0,0,0,0,0,0,0,0,0,1,1,0,144
Mumps,Jiangsu,0-14,Female,21,0,1,0,5,2022,Spring,Rural,0,0,0,1,0,1,0,0,0,1,0,16,432
Influenza,Henan,65+,Male,27,0,0,1,7,2022,Summer,Rural,1,0,0,0,0,1,0,0,0,1,1,0,504
Malaria,Henan,0-14,Male,13,0,1,1,12,2021,Winter,Rural,0,0,1,0,0,0,0,1,0,1,1,5,940
Chickenpox,Yunnan,45-64,Female,20,0,0,0,7,2018,Summer,Rural,0,1,0,0,0,1,0,1,0,0,0,0,805
Hepatitis B,Sichuan,25-44,Female,18,0,1,1,2,2021,Winter,Urban,0,0,0,0,0,1,0,1,0,1,0,6,536
Dysentery,Zhejiang,15-24,Female,22,1,1,0,4,2018,Spring,Urban,0,1,0,0,0,0,0,0,0,1,1,8,979
Chickenpox,Zhejiang,0-14,Female,20,0,1,1,1,2019,Winter,Rural,1,1,0,0,1,1,1,1,0,1,1,20,548
Tuberculosis,Henan,15-24,Female,31,0,1,1,5,2018,Spring,Rural,0,0,0,1,0,1,0,0,1,1,0,29,363
Tuberculosis,Shandong,65+,Male,20,0,1,1,5,2019,Spring,Rural,1,0,0,0,1,1,0,0,0,1,1,4,571
Scarlet Fever,Yunnan,25-44,Male,18,0,1,0,4,2019,Spring,Rural,0,0,1,0,0,0,0,0,0,0,1,4,133
Dysentery,Henan,25-44,Male,13,0,1,1,10,2021,Autumn,Rural,0,0,0,0,0,0,1,0,0,1,1,21,237
Mumps,Shanghai,0-14,Female,17,0,1,1,12,2019,Winter,Rural,1,0,0,0,0,1,1,0,0,1,0,14,976
HIV/AIDS,Jiangsu,25-44,Male,21,0,1,0,12,2018,Winter,Urban,0,0,0,0,0,0,0,0,0,1,0,29,484
Chickenpox,Sichuan,0-14,Female,12,0,1,1,7,2020,Summer,Urban,0,0,0,1,0,1,1,0,1,1,0,3,262
Dysentery,Hunan,0-14,Female,22,1,1,0,6,2022,Summer,Rural,0,0,0,1,0,1,0,1,0,1,1,9,460
Tuberculosis,Shanghai,15-24,Male,20,0,1,1,10,2022,Autumn,Rural,1,0,0,0,0,0,0,1,1,1,0,29,602
Tuberculosis,Shandong,25-44,Male,20,1,1,0,3,2018,Spring,Rural,0,0,1,0,0,0,1,1,1,1,0,29,666
Malaria,Guangdong,0-14,Female,17,0,0,0,2,2020,Winter,Urban,0,1,0,0,0,0,0,0,1,0,0,0,637
Rabies,Guangdong,15-24,Male,29,0,1,1,4,2019,Spring,Urban,1,0,0,0,0,0,0,0,0,1,1,6,679
Mumps,Shanghai,45-64,Female,12,1,0,0,9,2018,Autumn,Urban,0,0,0,0,0,0,1,0,0,1,0,0,450
Chickenpox,Henan,15-24,Male,26,0,1,1,10,2019,Autumn,Rural,0,0,0,1,0,1,0,0,1,1,1,18,744
Scarlet Fever,Hunan,15-24,Male,18,1,0,0,5,2021,Spring,Urban,0,1,1,1,0,1,0,0,1,1,0,0,698
Scarlet Fever,Beijing,0-14,Male,19,0,1,0,1,2020,Winter,Rural,1,0,1,0,0,1,1,0,0,1,0,6,581
Chickenpox,Beijing,65+,Male,22,0,1,1,11,2022,Autumn,Rural,0,0,0,1,0,1,0,0,0,1,1,26,178
Brucellosis,Shandong,65+,Male,15,0,0,1,3,2018,Spring,Rural,0,0,0,1,0,0,0,0,0,1,1,0,550
COVID-19,Henan,65+,Female,18,1,0,0,9,2022,Autumn,Rural,0,0,0,1,0,0,1,1,1,1,0,0,886
Hepatitis B,Zhejiang,15-24,Male,18,1,1,0,7,2019,Summer,Urban,1,0,0,0,0,0,1,1,0,0,1,19,398
Scarlet Fever,Zhejiang,0-14,Male,14,0,1,1,3,2019,Spring,Rural,1,0,1,0,0,0,0,0,1,0,1,27,650
Dysentery,Sichuan,25-44,Male,23,0,1,1,1,2021,Winter,Rural,1,1,0,0,0,1,1,0,0,1,0,17,330
Hepatitis B,Hunan,15-24,Female,22,0,1,0,4,2019,Spring,Urban,0,0,0,0,0,0,1,0,0,1,0,23,510
Dysentery,Hunan,15-24,Female,13,2,0,0,9,2019,Autumn,Rural,1,1,0,1,0,0,1,0,0,1,0,0,505
Typhoid,Guangdong,0-14,Female,23,0,1,1,12,2022,Winter,Rural,1,0,0,0,0,0,0,0,0,1,0,11,916
Tuberculosis,Yunnan,45-64,Female,25,0,1,1,7,2022,Summer,Rural,0,0,0,0,0,1,0,0,0,1,1,16,413
Rabies,Shandong,15-24,Female,23,0,1,1,5,2018,Spring,Urban,1,0,0,0,0,0,1,0,1,1,0,25,926
Malaria,Beijing,45-64,Male,18,0,1,1,11,2018,Autumn,Rural,0,0,1,0,0,0,1,0,1,1,0,16,306
Scarlet Fever,Shandong,45-64,Male,20,0,1,1,6,2019,Summer,Rural,1,0,0,0,0,0,1,0,0,1,0,10,651
Rabies,Zhejiang,65+,Male,19,1,0,0,1,2020,Winter,Urban,0,0,0,1,0,1,1,0,0,1,1,0,717
Rabies,Zhejiang,0-14,Female,11,0,1,1,7,2018,Summer,Rural,1,0,0,0,0,0,0,0,1,1,1,19,882
Rabies,Shanghai,45-64,Female,18,1,1,0,12,2019,Winter,Rural,1,0,0,0,1,1,0,1,1,1,0,0,387
COVID-19,Sichuan,0-14,Male,23,0,1,1,5,2022,Spring,Rural,1,0,0,1,0,0,1,0,0,1,1,18,157
Hepatitis B,Hunan,65+,Female,10,0,1,1,7,2021,Summer,Rural,0,1,0,1,0,1,1,0,0,1,1,6,450
Dysentery,Jiangsu,0-14,Female,17,0,1,1,5,2022,Spring,Urban,1,0,0,0,0,1,0,0,1,1,0,18,599
Syphilis,Shandong,15-24,Female,14,0,1,1,5,2022,Spring,Urban,1,0,0,1,0,1,0,0,0,1,1,27,155
Typhoid,Zhejiang,45-64,Male,29,1,1,0,3,2021,Spring,Rural,0,0,0,0,1,1,1,0,0,0,0,0,202
Influenza,Yunnan,0-14,Male,15,0,1,1,5,2022,Spring,Urban,1,0,0,1,0,1,0,0,0,0,0,28,474
Rabies,Guangdong,25-44,Female,18,0,1,1,8,2018,Summer,Rural,0,0,0,0,0,0,0,1,0,1,1,29,151
HIV/AIDS,Beijing,0-14,Female,20,0,1,1,8,2022,Summer,Rural,0,0,1,1,0,1,0,0,1,1,1,9,328
Hepatitis B,Sichuan,45-64,Female,23,0,1,1,2,2021,Winter,Urban,1,0,0,0,0,0,1,0,0,1,0,28,819
Scarlet Fever,Yunnan,65+,Female,17,1,0,0,11,2019,Autumn,Rural,0,0,0,0,0,1,1,0,1,1,1,0,383
Mumps,Sichuan,65+,Male,20,0,1,1,1,2019,Winter,Rural,1,0,0,1,0,0,1,0,0,1,0,15,195
Scarlet Fever,Shanghai,45-64,Female,16,0,0,1,2,2019,Winter,Rural,1,1,0,0,0,0,0,0,0,1,1,0,859
Malaria,Jiangsu,15-24,Male,15,0,1,0,11,2021,Autumn,Rural,1,0,0,1,0,1,1,1,0,1,1,3,507
Influenza,Zhejiang,15-24,Male,22,0,1,1,7,2021,Summer,Urban,0,0,0,0,0,1,1,0,1,1,0,27,481
Syphilis,Guangdong,65+,Male,25,0,1,1,3,2018,Spring,Urban,1,0,0,0,1,1,1,0,0,1,1,19,776
HIV/AIDS,Yunnan,65+,Female,16,0,0,0,8,2021,Summer,Urban,1,0,1,1,0,0,1,0,1,1,1,0,801
Scarlet Fever,Sichuan,45-64,Male,23,0,0,1,4,2019,Spring,Urban,0,0,0,0,0,1,0,0,0,1,0,0,104
Syphilis,Hunan,15-24,Male,27,0,1,1,10,2021,Autumn,Urban,1,0,0,1,0,0,1,0,0,1,1,20,783
Influenza,Shanghai,65+,Female,23,2,1,0,10,2020,Autumn,Rural,0,0,0,0,0,1,0,0,1,1,1,14,405
Rabies,Hunan,15-24,Female,19,0,1,1,8,2022,Summer,Urban,1,0,0,0,0,0,0,0,0,0,1,25,740
HIV/AIDS,Guangdong,65+,Female,18,0,1,1,2,2018,Winter,Urban,1,0,0,0,0,1,1,1,0,1,1,15,547
Syphilis,Yunnan,0-14,Male,18,2,1,0,5,2019,Spring,Rural,0,1,0,0,0,1,0,0,1,1,1,28,560
Malaria,Shanghai,25-44,Female,21,1,1,0,6,2019,Summer,Rural,1,1,0,0,0,1,1,0,0,1,0,7,343
Dysentery,Yunnan,0-14,Male,10,2,1,0,1,2020,Winter,Rural,0,0,1,0,0,1,1,1,0,1,1,16,847
Tuberculosis,Zhejiang,65+,Male,15,1,1,0,1,2018,Winter,Rural,0,0,0,0,0,0,1,0,0,1,1,1,555
Dysentery,Henan,25-44,Female,13,0,1,1,9,2022,Autumn,Rural,1,0,0,0,0,0,1,0,1,1,1,16,356
Influenza,Shanghai,25-44,Male,17,0,0,1,5,2018,Spring,Urban,1,0,0,0,0,1,0,0,0,1,1,0,242
Hepatitis B,Hunan,65+,Male,29,0,1,1,4,2018,Spring,Urban,1,0,0,0,0,0,0,0,0,0,1,19,301
Tuberculosis,Guangdong,65+,Male,19,0,0,1,1,2019,Winter,Urban,0,1,0,0,0,0,0,0,0,1,0,0,100
Typhoid,Jiangsu,15-24,Male,20,1,1,0,3,2021,Spring,Rural,1,0,0,1,0,1,1,0,0,1,1,10,592
Malaria,Zhejiang,65+,Female,17,0,1,1,4,2022,Spring,Urban,1,0,0,1,0,0,0,0,1,1,0,18,919
Typhoid,Henan,45-64,Male,18,0,1,1,11,2018,Autumn,Rural,0,0,0,0,0,1,1,0,1,1,0,23,845
COVID-19,Jiangsu,65+,Female,24,0,1,1,11,2020,Autumn,Urban,1,0,0,0,0,0,0,0,0,0,0,5,611
HIV/AIDS,Beijing,45-64,Male,21,0,1,1,5,2019,Spring,Rural,1,0,0,1,0,1,0,0,1,1,0,17,456
Chickenpox,Zhejiang,65+,Male,17,1,1,0,10,2021,Autumn,Urban,0,0,0,0,0,0,1,0,1,1,0,8,652
Tuberculosis,Guangdong,15-24,Female,16,0,0,1,12,2021,Winter,Urban,1,0,0,0,0,0,0,0,0,1,1,0,930
Typhoid,Sichuan,45-64,Male,20,0,1,1,5,2019,Spring,Rural,1,0,0,0,0,0,0,0,0,1,0,15,376
Scarlet Fever,Shanghai,0-14,Male,29,1,0,0,10,2018,Autumn,Rural,1,0,0,0,0,0,1,0,1,1,0,0,850
Typhoid,Yunnan,45-64,Male,22,0,1,0,8,2019,Summer,Rural,0,0,0,0,1,0,1,0,1,1,1,22,318
Syphilis,Guangdong,15-24,Male,21,0,1,0,3,2021,Spring,Urban,1,0,1,1,0,1,1,0,1,1,0,25,470
Dysentery,Shanghai,45-64,Male,17,0,1,1,7,2021,Summer,Rural,1,0,0,0,0,1,1,0,1,1,0,7,151
Syphilis,Jiangsu,65+,Male,17,0,0,1,6,2020,Summer,Rural,1,0,0,0,0,1,0,1,0,1,1,0,298
COVID-19,Yunnan,65+,Female,10,1,1,0,10,2020,Autumn,Rural,0,0,0,0,0,1,0,0,1,1,0,16,565
Tuberculosis,Shandong,15-24,Female,23,0,0,1,11,2021,Autumn,Urban,1,0,0,0,0,0,0,0,1,1,1,0,903
Tuberculosis,Hunan,25-44,Female,19,0,1,1,10,2020,Autumn,Rural,1,0,0,1,0,1,1,0,0,1,0,21,891
COVID-19,Beijing,65+,Male,18,0,0,1,10,2020,Autumn,Urban,1,0,0,0,0,0,1,1,0,1,1,0,600
Influenza,Zhejiang,0-14,Male,19,1,1,0,11,2020,Autumn,Urban,1,1,0,1,0,1,0,1,0,1,1,5,710
Syphilis,Guangdong,15-24,Male,30,0,1,1,6,2021,Summer,Urban,0,0,0,0,0,1,0,1,0,1,0,15,167
Measles,Beijing,45-64,Female,20,1,1,0,10,2018,Autumn,Rural,0,0,0,1,0,0,0,0,0,1,1,2,348
Scarlet Fever,Sichuan,45-64,Male,20,0,1,1,9,2018,Autumn,Urban,1,0,0,1,0,1,0,1,1,1,0,1,869
Mumps,Shanghai,0-14,Female,17,0,1,1,7,2022,Summer,Rural,1,0,1,0,0,1,0,0,0,1,0,7,966
Dysentery,Shanghai,65+,Male,21,1,1,0,11,2020,Autumn,Rural,1,0,0,0,0,1,1,0,1,0,0,26,437
Tuberculosis,Guangdong,15-24,Male,17,0,1,1,7,2018,Summer,Rural,1,0,0,0,0,1,1,0,0,1,0,3,549
Influenza,Henan,0-14,Male,18,0,1,1,11,2022,Autumn,Urban,0,0,0,0,0,0,1,1,0,1,0,11,190
Chickenpox,Henan,65+,Female,18,0,1,1,1,2019,Winter,Urban,1,0,0,0,0,1,0,0,0,1,0,1,924
Scarlet Fever,Shandong,15-24,Male,19,0,1,1,1,2020,Winter,Urban,1,0,0,0,1,0,0,0,1,1,1,23,930
Syphilis,Hunan,45-64,Female,16,0,1,1,9,2018,Autumn,Rural,1,0,0,0,0,0,0,0,0,1,0,28,715
Dysentery,Yunnan,15-24,Male,20,0,0,1,9,2018,Autumn,Rural,0,0,0,0,0,0,0,0,0,1,1,0,938
Chickenpox,Sichuan,25-44,Male,24,0,0,0,12,2018,Winter,Urban,0,0,0,0,0,1,0,0,1,1,0,0,865
Syphilis,Beijing,15-24,Female,23,1,1,0,11,2022,Autumn,Urban,1,0,0,1,0,1,1,0,0,1,0,16,396
Typhoid,Henan,25-44,Male,18,0,0,1,10,2019,Autumn,Rural,1,0,0,0,0,1,0,0,1,1,0,0,450
Chickenpox,Shandong,15-24,Male,18,0,1,1,3,2020,Spring,Rural,0,0,0,0,0,1,0,0,0,1,0,15,859
Brucellosis,Guangdong,45-64,Male,20,0,1,1,11,2021,Autumn,Rural,1,1,0,0,0,1,0,0,0,1,0,8,325
Influenza,Sichuan,65+,Female,16,0,0,1,8,2020,Summer,Urban,0,0,1,0,0,1,0,0,0,1,1,0,362
Dysentery,Jiangsu,25-44,Female,15,0,1,1,9,2021,Autumn,Urban,1,1,0,0,0,0,0,0,1,0,1,11,668
Rabies,Yunnan,25-44,Male,24,0,1,1,1,2022,Winter,Rural,1,0,1,1,1,0,1,0,1,1,1,0,784
Brucellosis,Hunan,45-64,Male,23,0,0,1,12,2018,Winter,Urban,0,1,0,0,0,0,1,0,0,1,1,0,225
HIV/AIDS,Zhejiang,25-44,Female,25,0,1,1,3,2020,Spring,Urban,1,0,0,0,0,1,0,0,0,1,0,10,192
HIV/AIDS,Guangdong,0-14,Male,15,0,1,1,6,2020,Summer,Rural,0,1,1,1,0,0,1,0,0,1,0,5,220
Dysentery,Yunnan,45-64,Female,14,0,1,1,4,2018,Spring,Rural,1,0,1,0,0,1,1,0,0,1,1,25,324
Chickenpox,Zhejiang,0-14,Male,20,0,1,1,8,2019,Summer,Urban,0,0,1,1,0,0,1,0,0,1,1,16,614
Syphilis,Zhejiang,45-64,Female,23,0,1,1,9,2022,Autumn,Rural,1,0,0,0,0,1,1,1,1,1,1,23,203
Influenza,Sichuan,25-44,Female,23,0,1,0,7,2018,Summer,Urban,0,0,0,0,0,1,0,1,1,1,1,9,771
Mumps,Sichuan,0-14,Female,17,0,1,1,11,2020,Autumn,Rural,1,0,1,0,0,0,0,0,0,1,0,26,822
HIV/AIDS,Beijing,25-44,Female,25,0,1,1,1,2019,Winter,Urban,1,0,0,1,0,1,1,1,0,1,0,2,423
Influenza,Shandong,45-64,Male,17,0,1,1,2,2020,Winter,Rural,1,0,0,0,0,0,1,0,1,1,1,18,493
HIV/AIDS,Yunnan,25-44,Male,24,1,1,0,1,2021,Winter,Urban,0,0,0,0,0,1,1,0,1,1,1,2,885
Typhoid,Guangdong,0-14,Female,18,1,1,0,9,2020,Autumn,Rural,1,0,0,0,1,1,0,0,0,1,0,26,438
Syphilis,Shanghai,0-14,Female,20,1,1,0,4,2022,Spring,Rural,0,0,0,1,0,1,0,0,1,1,0,24,280
Typhoid,Guangdong,25-44,Female,16,0,1,1,10,2018,Autumn,Rural,1,0,0,0,0,0,1,0,0,1,1,20,687
Scarlet Fever,Beijing,15-24,Female,15,0,1,1,8,2020,Summer,Rural,0,0,0,0,1,1,0,1,0,1,1,0,771
HIV/AIDS,Hunan,45-64,Male,28,0,1,1,5,2021,Spring,Rural,1,1,0,1,0,1,1,0,0,1,0,19,617
Rabies,Shandong,45-64,Female,26,1,1,0,5,2021,Spring,Urban,1,0,0,0,0,0,1,1,0,1,1,22,777
Rabies,Shanghai,25-44,Female,22,0,1,1,5,2018,Spring,Urban,1,0,0,0,1,0,1,0,0,1,1,0,922
Typhoid,Henan,15-24,Female,24,0,1,1,11,2021,Autumn,Rural,1,0,0,0,0,1,0,0,1,1,0,25,893
Brucellosis,Sichuan,65+,Female,24,0,1,1,3,2022,Spring,Urban,0,1,0,0,0,1,1,0,0,1,1,17,685
Rabies,Zhejiang,65+,Female,19,2,0,0,6,2018,Summer,Rural,1,0,0,1,0,0,0,0,0,1,1,0,313
HIV/AIDS,Henan,25-44,Female,18,0,0,1,1,2019,Winter,Urban,0,0,0,1,0,0,0,0,0,1,1,0,325
Dysentery,Guangdong,15-24,Male,20,1,1,0,8,2021,Summer,Urban,1,1,0,0,0,1,1,0,1,1,0,18,208
Typhoid,Guangdong,15-24,Female,13,0,1,1,4,2021,Spring,Urban,1,0,0,1,0,1,1,0,0,1,1,4,214
Scarlet Fever,Sichuan,45-64,Female,20,1,0,0,6,2020,Summer,Urban,0,0,0,1,0,0,0,0,1,1,0,0,355
Mumps,Beijing,0-14,Female,16,0,0,1,2,2019,Winter,Rural,1,0,0,0,0,1,1,0,1,1,1,0,697
Mumps,Yunnan,15-24,Male,20,1,1,0,2,2020,Winter,Urban,0,1,0,0,1,0,0,0,0,1,1,0,505
Hepatitis B,Henan,65+,Male,28,0,1,1,8,2018,Summer,Urban,1,0,1,0,0,1,1,0,0,1,1,8,617
Brucellosis,Henan,0-14,Male,19,0,0,1,1,2022,Winter,Urban,1,0,0,0,0,0,1,0,0,0,0,0,578
Chickenpox,Jiangsu,0-14,Female,24,0,1,1,8,2021,Summer,Urban,1,0,0,0,1,1,1,1,0,1,0,17,391
Syphilis,Hunan,25-44,Female,14,0,1,1,10,2022,Autumn,Rural,1,0,0,0,0,0,0,0,0,1,0,25,738
Rabies,Shandong,15-24,Female,21,1,1,0,10,2018,Autumn,Urban,1,1,0,1,0,1,0,0,0,1,0,23,878
Rabies,Hunan,25-44,Male,23,2,1,0,1,2018,Winter,Rural,1,0,0,0,0,1,0,0,0,0,0,18,437
Chickenpox,Yunnan,15-24,Female,14,0,1,1,9,2019,Autumn,Rural,1,1,0,1,0,0,1,0,0,1,0,24,987
Tuberculosis,Guangdong,45-64,Male,16,0,1,1,1,2020,Winter,Rural,1,0,1,0,0,1,0,0,1,1,0,4,645
Scarlet Fever,Guangdong,25-44,Male,21,0,1,1,4,2021,Spring,Rural,0,1,0,0,0,0,0,0,1,1,1,20,358
Measles,Guangdong,25-44,Male,18,1,1,0,9,2021,Autumn,Rural,1,1,1,0,0,1,0,0,1,1,0,10,852
Typhoid,Jiangsu,65+,Male,22,0,1,1,1,2022,Winter,Urban,0,0,0,0,1,0,1,0,0,0,0,0,716
Scarlet Fever,Yunnan,15-24,Female,20,0,1,1,8,2018,Summer,Rural,0,0,0,0,0,0,1,0,0,1,1,1,533
Malaria,Sichuan,65+,Female,20,0,1,1,5,2019,Spring,Rural,1,0,0,0,0,0,0,1,1,1,0,11,457
Rabies,Shandong,25-44,Male,24,1,1,0,6,2021,Summer,Urban,1,0,1,0,0,1,1,0,0,1,1,5,347
Syphilis,Yunnan,25-44,Female,19,0,1,1,5,2020,Spring,Urban,1,1,0,0,1,1,0,0,1,1,1,22,903
Hepatitis B,Shandong,45-64,Female,14,0,1,1,4,2022,Spring,Rural,1,0,1,0,0,0,1,0,0,1,0,23,820
Mumps,Yunnan,25-44,Male,26,1,1,0,12,2018,Winter,Urban,0,1,0,0,0,0,0,0,1,1,1,19,705
Rabies,Guangdong,0-14,Male,23,0,0,1,10,2018,Autumn,Urban,1,1,0,0,0,1,0,0,1,1,0,0,538
Hepatitis B,Sichuan,65+,Female,17,0,1,1,12,2018,Winter,Rural,0,1,0,1,0,1,1,0,0,0,0,24,641
HIV/AIDS,Henan,0-14,Female,14,0,1,1,4,2020,Spring,Rural,0,1,0,0,0,1,0,0,0,1,0,11,673
Scarlet Fever,Hunan,65+,Female,25,0,1,0,10,2021,Autumn,Rural,1,0,0,1,0,1,0,1,0,1,1,2,854
HIV/AIDS,Zhejiang,45-64,Female,21,0,1,1,8,2021,Summer,Rural,1,0,0,0,1,1,1,0,0,1,0,23,280
Measles,Sichuan,25-44,Male,11,2,1,0,8,2019,Summer,Rural,0,0,0,0,0,0,0,0,0,1,1,25,206
Dysentery,Henan,25-44,Female,26,1,1,0,9,2019,Autumn,Urban,1,0,0,0,0,1,0,0,0,0,1,14,661
Malaria,Beijing,25-44,Male,12,1,1,0,3,2021,Spring,Rural,0,0,1,0,0,1,1,0,0,1,0,10,322
Scarlet Fever,Yunnan,65+,Male,18,1,1,0,10,2018,Autumn,Urban,0,0,0,0,0,0,0,0,0,1,0,9,259
Tuberculosis,Beijing,25-44,Female,25,0,1,1,8,2020,Summer,Rural,0,0,0,0,0,1,1,0,0,1,1,20,219
Measles,Henan,0-14,Female,28,0,1,0,3,2021,Spring,Rural,0,0,0,0,0,1,0,0,0,1,0,27,979
Influenza,Sichuan,25-44,Female,23,0,0,1,2,2020,Winter,Rural,0,0,0,0,0,1,0,0,0,1,1,0,438
Tuberculosis,Yunnan,45-64,Male,19,1,1,0,2,2022,Winter,Rural,0,0,0,0,0,0,0,0,0,1,0,22,876
Brucellosis,Zhejiang,0-14,Male,27,0,1,1,9,2018,Autumn,Rural,1,0,0,0,0,1,1,0,0,1,0,20,980
Typhoid,Guangdong,25-44,Male,17,0,1,0,4,2022,Spring,Rural,1,0,1,0,0,1,0,1,0,1,0,22,371
Syphilis,Yunnan,25-44,Male,17,0,0,1,5,2021,Spring,Urban,0,0,0,0,0,0,0,0,0,1,1,0,521
Scarlet Fever,Yunnan,15-24,Female,21,0,0,1,2,2019,Winter,Rural,0,0,0,1,0,0,1,1,0,1,1,0,502
Influenza,Sichuan,65+,Male,11,0,1,1,9,2021,Autumn,Rural,1,0,0,1,0,1,0,0,0,1,1,11,961
Influenza,Sichuan,0-14,Male,23,1,0,0,7,2022,Summer,Urban,1,0,0,0,0,1,0,0,0,1,0,0,903
Measles,Henan,15-24,Female,19,0,1,0,3,2020,Spring,Urban,1,0,0,0,0,1,0,0,1,1,0,4,878
Chickenpox,Shanghai,45-64,Male,18,1,1,0,6,2021,Summer,Rural,0,0,0,1,1,1,1,0,1,1,0,0,599
Brucellosis,Yunnan,65+,Male,11,0,1,1,7,2019,Summer,Urban,1,0,0,1,0,0,0,0,0,1,1,9,690
Dysentery,Hunan,0-14,Female,26,0,1,1,12,2022,Winter,Urban,0,0,0,0,0,1,0,0,0,1,0,5,332
Scarlet Fever,Yunnan,25-44,Male,15,1,1,0,6,2021,Summer,Rural,0,1,0,1,0,0,0,0,0,0,0,24,290
Chickenpox,Henan,0-14,Male,23,1,1,0,10,2022,Autumn,Rural,1,0,0,1,0,1,1,1,0,1,1,28,696
Measles,Shandong,25-44,Male,23,0,1,1,11,2022,Autumn,Urban,0,0,0,1,0,1,0,0,0,0,1,28,735
Typhoid,Beijing,65+,Male,23,0,1,1,10,2018,Autumn,Rural,0,1,0,0,0,0,0,0,1,1,0,28,526
Mumps,Guangdong,25-44,Female,25,0,1,1,6,2020,Summer,Urban,0,0,1,1,0,0,0,0,0,1,1,13,685
Rabies,Shanghai,45-64,Male,14,0,1,1,8,2018,Summer,Urban,1,0,0,0,0,0,0,0,0,1,0,13,598
Rabies,Zhejiang,25-44,Female,28,0,1,1,8,2022,Summer,Urban,1,0,1,0,0,1,0,1,0,1,1,8,316
Dysentery,Zhejiang,45-64,Male,25,1,0,0,5,2019,Spring,Urban,0,1,0,0,0,0,0,0,0,0,0,0,451
Typhoid,Zhejiang,65+,Female,15,0,0,0,4,2019,Spring,Rural,1,0,0,1,0,1,0,1,0,1,0,0,388
Dysentery,Zhejiang,0-14,Female,13,0,0,1,5,2019,Spring,Rural,0,0,0,1,0,1,0,0,1,1,0,0,278
Scarlet Fever,Guangdong,45-64,Male,19,1,1,0,9,2022,Autumn,Rural,0,0,0,0,0,0,1,0,0,1,1,20,789
Scarlet Fever,Beijing,45-64,Male,14,1,1,0,12,2021,Winter,Rural,1,0,0,0,0,0,0,0,0,1,1,10,635
Hepatitis B,Zhejiang,15-24,Male,17,0,1,0,10,2022,Autumn,Rural,1,1,0,1,0,1,1,0,0,1,1,1,376
Chickenpox,Yunnan,15-24,Female,21,0,1,1,6,2021,Summer,Rural,0,0,0,0,0,1,1,0,0,1,0,21,509
Rabies,Sichuan,25-44,Male,25,0,0,1,3,2020,Spring,Rural,1,0,0,0,0,0,0,1,0,1,0,0,246
Influenza,Guangdong,15-24,Male,16,0,1,1,1,2020,Winter,Rural,1,0,0,0,0,1,1,0,0,1,0,19,806
Chickenpox,Beijing,45-64,Male,17,1,0,0,5,2022,Spring,Rural,0,0,0,0,0,1,1,0,0,1,1,0,560
Malaria,Shanghai,25-44,Female,20,1,1,0,6,2022,Summer,Rural,1,0,1,0,0,1,1,1,0,1,0,18,677
Scarlet Fever,Henan,65+,Female,26,0,0,1,8,2019,Summer,Urban,1,0,0,1,0,1,0,0,1,1,0,0,163
Brucellosis,Beijing,0-14,Male,29,0,1,0,11,2020,Autumn,Rural,1,0,0,0,0,0,1,0,1,1,1,16,464
Syphilis,Henan,15-24,Male,17,0,1,1,9,2020,Autumn,Rural,1,0,1,0,0,0,1,0,0,1,0,8,579
Typhoid,Shandong,65+,Male,18,0,0,0,7,2022,Summer,Rural,1,1,1,1,0,0,1,0,1,0,1,0,516
Tuberculosis,Henan,45-64,Female,20,0,1,1,1,2020,Winter,Rural,0,0,1,0,0,0,1,0,0,1,1,25,643
Dysentery,Hunan,0-14,Male,20,0,1,1,7,2022,Summer,Rural,1,0,0,0,0,1,0,0,0,1,1,10,717
Scarlet Fever,Yunnan,65+,Female,18,0,1,1,10,2018,Autumn,Urban,0,0,0,0,0,0,1,0,0,1,1,11,600
Chickenpox,Guangdong,0-14,Female,15,0,1,1,9,2020,Autumn,Urban,0,0,0,0,0,1,0,0,0,1,0,2,764
COVID-19,Jiangsu,15-24,Male,23,0,1,1,4,2021,Spring,Rural,0,1,0,0,0,0,0,0,0,1,1,16,543
Syphilis,Sichuan,45-64,Male,22,0,1,1,11,2019,Autumn,Rural,1,1,0,0,0,1,1,0,1,1,0,5,486
Brucellosis,Hunan,0-14,Male,21,0,1,1,12,2022,Winter,Rural,0,0,0,1,0,1,0,0,0,1,0,3,973
Chickenpox,Henan,65+,Female,20,0,1,1,7,2020,Summer,Urban,0,0,0,0,0,0,1,1,1,1,0,12,918
Tuberculosis,Zhejiang,15-24,Female,20,0,1,1,9,2020,Autumn,Rural,1,0,1,0,0,0,0,0,0,1,1,16,106
Syphilis,Guangdong,15-24,Male,23,0,1,1,1,2022,Winter,Rural,1,1,0,1,1,1,0,0,0,1,1,0,724
Malaria,Hunan,65+,Female,23,1,0,0,12,2021,Winter,Urban,1,0,0,0,0,1,0,0,1,1,1,0,288
Tuberculosis,Sichuan,65+,Male,31,0,1,1,10,2020,Autumn,Urban,1,0,0,0,0,0,0,0,0,1,0,17,892
Measles,Yunnan,0-14,Male,19,2,1,0,9,2018,Autumn,Rural,1,0,0,0,0,0,1,0,0,1,1,13,954
HIV/AIDS,Guangdong,25-44,Female,20,0,1,1,4,2019,Spring,Rural,1,0,0,0,0,0,0,0,0,1,0,15,353
Measles,Sichuan,15-24,Female,30,0,0,1,12,2022,Winter,Urban,1,1,0,1,0,0,1,1,1,1,1,0,703
Rabies,Shandong,0-14,Female,18,0,0,1,8,2020,Summer,Rural,1,0,1,1,0,1,0,1,0,1,0,0,815
Chickenpox,Shandong,65+,Female,26,0,0,1,3,2019,Spring,Rural,0,0,0,0,0,1,0,0,0,1,0,0,619
Scarlet Fever,Sichuan,0-14,Male,18,1,1,0,2,2022,Winter,Urban,0,0,0,0,0,0,1,0,0,1,1,25,853
Scarlet Fever,Hunan,65+,Male,19,1,1,0,12,2022,Winter,Rural,0,0,0,1,0,0,0,0,0,1,1,22,610
Scarlet Fever,Guangdong,45-64,Male,20,2,1,0,8,2022,Summer,Urban,1,0,0,0,0,0,0,0,0,0,1,22,838
Brucellosis,Hunan,65+,Female,14,0,1,1,8,2021,Summer,Rural,1,1,0,0,1,1,1,0,0,1,0,20,892
HIV/AIDS,Shanghai,65+,Male,19,0,1,1,3,2018,Spring,Rural,0,0,0,1,0,0,0,0,0,0,1,25,321
Measles,Henan,65+,Female,18,0,1,1,8,2022,Summer,Urban,0,0,0,0,0,0,0,0,1,1,1,12,546
HIV/AIDS,Shanghai,25-44,Female,15,0,0,1,11,2021,Autumn,Urban,1,0,0,0,0,0,1,0,0,1,0,0,515
Mumps,Shandong,65+,Female,20,0,1,1,11,2022,Autumn,Urban,1,1,0,0,1,0,1,0,1,0,1,28,327
Chickenpox,Yunnan,15-24,Male,26,1,0,0,6,2022,Summer,Urban,0,0,0,0,0,1,0,0,1,0,0,0,664
HIV/AIDS,Beijing,15-24,Female,28,1,1,0,10,2021,Autumn,Urban,1,0,1,0,1,1,1,0,1,1,1,12,380
Influenza,Henan,0-14,Female,20,0,0,1,9,2018,Autumn,Urban,1,0,0,0,0,0,0,0,0,1,0,0,637
Dysentery,Shandong,25-44,Female,13,0,0,1,10,2019,Autumn,Urban,1,0,0,1,0,1,0,0,0,1,0,0,107
Dysentery,Hunan,0-14,Female,15,0,0,1,6,2020,Summer,Urban,0,0,0,0,0,1,1,0,1,1,1,0,296
Influenza,Hunan,15-24,Female,27,0,0,1,8,2022,Summer,Urban,1,0,0,0,0,1,1,0,0,1,0,0,997
Syphilis,Hunan,15-24,Female,23,0,0,1,2,2018,Winter,Rural,0,0,0,1,0,0,1,0,0,1,0,0,246
Hepatitis B,Yunnan,45-64,Female,27,1,1,0,1,2020,Winter,Rural,1,0,1,0,0,1,0,0,0,0,0,27,815
Brucellosis,Shanghai,65+,Female,22,0,1,0,10,2022,Autumn,Urban,1,0,0,1,0,1,0,0,0,1,0,12,586
Syphilis,Beijing,15-24,Female,22,0,1,1,10,2020,Autumn,Rural,1,1,0,0,0,1,1,0,0,1,0,21,835
Tuberculosis,Hunan,0-14,Female,27,0,0,1,2,2021,Winter,Urban,1,0,0,0,0,1,0,0,0,1,0,0,297
Brucellosis,Henan,65+,Female,28,1,1,0,4,2018,Spring,Rural,0,0,0,0,0,0,0,0,0,0,0,3,875
Brucellosis,Guangdong,65+,Male,16,0,1,1,10,2019,Autumn,Urban,1,0,1,1,0,0,0,1,0,1,1,21,286
Tuberculosis,Jiangsu,45-64,Male,24,2,1,0,9,2019,Autumn,Urban,1,1,0,0,0,1,0,0,1,1,1,10,232
HIV/AIDS,Beijing,25-44,Female,16,0,0,1,7,2020,Summer,Urban,1,0,1,0,0,0,0,1,1,1,1,0,944
Measles,Yunnan,0-14,Female,25,0,1,1,9,2021,Autumn,Urban,0,0,0,1,0,0,0,0,0,1,0,5,258
Measles,Beijing,65+,Female,27,0,1,1,9,2020,Autumn,Rural,1,0,1,0,1,1,1,1,0,1,0,12,496
Dysentery,Guangdong,0-14,Male,20,0,1,1,9,2022,Autumn,Urban,1,0,0,0,0,1,0,1,0,1,1,19,217
Typhoid,Henan,65+,Male,19,0,1,1,8,2018,Summer,Rural,1,0,0,0,0,0,0,1,0,0,1,22,484
Syphilis,Guangdong,15-24,Male,20,1,1,0,6,2020,Summer,Rural,1,0,0,0,0,0,1,0,0,1,1,4,657
Mumps,Sichuan,0-14,Female,17,0,1,1,11,2020,Autumn,Urban,1,0,1,0,0,1,1,0,0,0,1,26,231
Chickenpox,Henan,15-24,Female,21,0,0,1,10,2018,Autumn,Rural,1,0,0,0,0,1,0,0,0,1,1,0,473
Rabies,Beijing,0-14,Female,14,1,1,0,7,2018,Summer,Rural,1,0,0,0,0,1,0,0,1,1,0,26,503
Malaria,Hunan,25-44,Female,22,2,1,0,2,2019,Winter,Rural,0,0,0,0,0,0,1,0,0,1,0,16,448
Measles,Beijing,45-64,Male,20,0,1,1,11,2019,Autumn,Rural,0,1,0,0,1,0,1,0,1,0,1,0,131
Chickenpox,Beijing,15-24,Female,22,1,0,0,1,2018,Winter,Urban,1,0,0,1,0,1,1,0,0,1,0,0,196
Malaria,Henan,65+,Male,16,0,0,1,5,2020,Spring,Urban,1,0,0,0,0,0,0,1,0,1,1,0,995
Chickenpox,Sichuan,25-44,Male,21,0,1,1,8,2022,Summer,Urban,0,1,0,0,0,0,1,0,0,1,0,3,689
HIV/AIDS,Beijing,0-14,Female,22,0,0,1,3,2020,Spring,Rural,0,0,0,0,0,1,0,1,0,1,0,0,438
Malaria,Jiangsu,15-24,Male,23,1,1,0,7,2022,Summer,Rural,1,0,0,0,0,1,0,0,1,1,0,11,982
Rabies,Shandong,0-14,Male,24,0,0,1,5,2018,Spring,Urban,1,0,0,1,0,1,0,0,0,1,0,0,486
Chickenpox,Zhejiang,0-14,Male,16,0,1,1,12,2022,Winter,Rural,0,1,0,0,0,0,0,0,0,1,1,1,919
Influenza,Zhejiang,0-14,Male,18,0,1,1,10,2019,Autumn,Rural,1,0,0,0,0,1,0,0,0,1,0,11,878
Rabies,Beijing,45-64,Female,25,0,1,1,8,2018,Summer,Urban,1,0,0,1,0,0,1,0,0,1,1,12,876
Malaria,Jiangsu,45-64,Female,21,0,1,0,6,2021,Summer,Rural,0,0,0,0,0,1,0,0,1,0,0,5,284
Rabies,Hunan,65+,Male,16,0,1,1,6,2022,Summer,Rural,1,0,0,0,1,0,1,0,1,0,1,0,283
Chickenpox,Yunnan,15-24,Female,23,0,1,1,7,2022,Summer,Urban,0,0,0,0,0,1,0,1,0,1,0,28,993
Hepatitis B,Yunnan,25-44,Male,17,2,1,0,7,2021,Summer,Urban,0,0,0,0,0,0,0,0,0,1,1,19,150
Chickenpox,Henan,25-44,Female,17,1,1,0,4,2021,Spring,Urban,1,0,0,0,0,1,0,0,1,1,0,4,831
Chickenpox,Zhejiang,25-44,Female,17,1,1,0,10,2018,Autumn,Urban,0,1,0,0,0,1,0,1,0,1,0,8,101
HIV/AIDS,Beijing,0-14,Female,23,0,0,1,12,2020,Winter,Urban,1,1,0,1,0,1,1,0,0,1,1,0,176
Syphilis,Yunnan,45-64,Female,13,0,1,1,10,2021,Autumn,Urban,0,0,0,0,1,0,1,0,1,1,1,0,578
Influenza,Beijing,15-24,Female,13,0,0,1,10,2022,Autumn,Urban,0,0,0,1,0,0,1,0,0,1,0,0,974
Mumps,Henan,0-14,Male,13,0,1,1,8,2021,Summer,Rural,1,0,0,0,1,1,0,0,0,1,1,15,561
Measles,Zhejiang,45-64,Female,26,1,1,0,6,2018,Summer,Urban,1,1,0,1,0,0,1,0,1,1,0,13,498
Brucellosis,Guangdong,45-64,Male,20,0,1,1,11,2018,Autumn,Rural,1,0,0,0,0,0,0,0,1,1,0,28,936
Tuberculosis,Shandong,15-24,Male,21,1,1,0,8,2022,Summer,Urban,0,1,0,1,0,1,1,0,0,1,0,17,138
Syphilis,Shandong,15-24,Female,22,0,1,1,7,2022,Summer,Rural,1,0,0,1,0,1,0,0,0,0,0,29,645
Tuberculosis,Yunnan,15-24,Male,10,1,0,0,1,2022,Winter,Rural,1,0,0,0,0,1,1,0,0,1,0,0,841
HIV/AIDS,Shandong,0-14,Female,14,0,1,1,4,2020,Spring,Rural,0,0,0,1,0,0,0,0,0,1,1,18,782
Influenza,Guangdong,65+,Male,21,0,1,1,7,2022,Summer,Rural,1,1,0,0,0,1,0,0,0,1,0,15,350
Scarlet Fever,Beijing,15-24,Male,28,0,1,1,9,2018,Autumn,Rural,1,1,0,0,0,1,0,1,0,1,1,8,165
Chickenpox,Henan,65+,Female,22,0,1,1,2,2018,Winter,Urban,0,0,0,0,0,1,1,0,0,1,1,20,528
Scarlet Fever,Guangdong,0-14,Female,24,0,1,1,5,2021,Spring,Urban,0,0,0,0,1,0,0,0,0,1,0,0,452
Scarlet Fever,Henan,65+,Female,26,0,1,1,9,2022,Autumn,Urban,1,0,0,0,1,1,1,0,0,1,1,8,482
COVID-19,Henan,25-44,Female,26,0,1,1,9,2020,Autumn,Rural,1,0,0,0,0,1,0,0,0,0,1,23,126
Dysentery,Zhejiang,65+,Male,17,1,1,0,6,2019,Summer,Rural,0,1,0,0,0,0,0,1,0,1,1,25,166
Scarlet Fever,Beijing,15-24,Female,24,0,0,1,7,2021,Summer,Rural,1,0,0,0,0,0,0,0,0,0,1,0,801
Measles,Jiangsu,0-14,Male,16,0,0,1,9,2020,Autumn,Urban,1,1,1,1,0,0,0,0,0,1,1,0,931
Hepatitis B,Shandong,15-24,Male,21,0,1,1,10,2022,Autumn,Rural,1,0,0,1,0,0,0,0,1,1,1,28,599
Dysentery,Jiangsu,25-44,Male,20,0,1,1,8,2020,Summer,Rural,1,0,0,0,0,1,1,0,0,1,1,22,997
HIV/AIDS,Zhejiang,15-24,Male,27,0,1,0,10,2019,Autumn,Urban,1,1,0,1,0,1,0,0,0,1,1,23,854
Brucellosis,Henan,15-24,Male,19,0,1,1,6,2020,Summer,Urban,0,0,1,0,0,0,1,0,0,1,0,10,511
Syphilis,Yunnan,15-24,Male,20,0,0,1,6,2019,Summer,Urban,1,0,0,0,0,0,0,1,1,1,1,0,729
Hepatitis B,Shandong,45-64,Female,20,0,0,1,7,2019,Summer,Rural,0,0,0,0,0,1,1,0,0,0,1,0,780
Rabies,Shandong,25-44,Male,20,0,0,1,7,2019,Summer,Rural,1,0,0,1,0,1,0,0,1,0,0,0,469
Malaria,Beijing,15-24,Male,15,0,1,1,2,2020,Winter,Urban,1,0,0,0,0,1,1,1,1,1,0,26,698
COVID-19,Sichuan,15-24,Male,24,0,0,1,9,2022,Autumn,Rural,1,0,1,1,0,0,0,0,1,1,0,0,708
Hepatitis B,Shanghai,15-24,Female,22,0,1,1,4,2018,Spring,Rural,0,0,0,0,0,1,0,0,0,1,1,18,535
Mumps,Shanghai,0-14,Female,22,0,0,0,10,2018,Autumn,Rural,1,0,0,0,0,0,0,0,0,1,1,0,881
Scarlet Fever,Shanghai,45-64,Male,18,0,1,1,9,2020,Autumn,Rural,1,0,0,1,0,1,1,0,1,1,1,1,160
HIV/AIDS,Sichuan,0-14,Female,22,0,1,1,12,2022,Winter,Urban,0,0,0,0,1,1,0,0,0,1,0,22,149
Typhoid,Beijing,45-64,Male,15,0,1,1,11,2018,Autumn,Rural,0,0,0,0,0,0,0,1,0,1,0,24,624
Malaria,Sichuan,15-24,Female,22,0,1,1,10,2019,Autumn,Rural,1,0,0,0,1,0,0,0,0,1,0,29,295
Tuberculosis,Shanghai,25-44,Male,23,2,1,0,3,2020,Spring,Urban,1,0,0,0,0,0,0,0,0,0,1,28,469
Measles,Zhejiang,65+,Female,16,0,0,1,5,2020,Spring,Rural,0,1,0,1,0,1,1,0,1,1,0,0,374
Tuberculosis,Guangdong,65+,Female,20,0,1,1,5,2021,Spring,Rural,0,0,0,0,0,1,1,0,0,0,0,11,315
Hepatitis B,Henan,15-24,Female,17,0,1,1,7,2021,Summer,Urban,0,0,0,0,0,1,1,0,0,1,0,7,391
Brucellosis,Sichuan,0-14,Male,15,0,1,1,12,2021,Winter,Rural,1,0,0,1,0,0,1,0,0,1,0,25,425
Tuberculosis,Beijing,25-44,Male,24,0,1,1,4,2022,Spring,Urban,1,0,0,0,0,0,0,0,0,1,0,9,879
Mumps,Beijing,45-64,Male,14,1,0,0,11,2020,Autumn,Rural,0,1,0,0,0,1,1,0,0,1,1,0,940
HIV/AIDS,Jiangsu,15-24,Female,27,1,1,0,12,2021,Winter,Rural,1,0,0,0,0,1,1,0,0,1,0,14,624
Rabies,Guangdong,25-44,Female,22,0,1,1,4,2020,Spring,Rural,0,0,0,1,1,0,0,0,0,1,1,15,635
Brucellosis,Yunnan,25-44,Male,20,0,0,1,1,2019,Winter,Urban,0,0,0,0,0,0,1,0,0,1,1,0,273
Syphilis,Shandong,45-64,Female,22,1,1,0,6,2021,Summer,Rural,1,0,0,0,1,1,0,0,0,1,1,0,882
Measles,Shanghai,25-44,Male,31,1,1,0,4,2020,Spring,Rural,1,1,0,1,0,1,0,0,0,0,1,25,529
Mumps,Yunnan,0-14,Male,23,0,0,1,11,2022,Autumn,Urban,1,1,0,0,0,0,1,0,0,1,0,0,981
Mumps,Jiangsu,0-14,Male,15,0,1,1,10,2022,Autumn,Rural,1,0,0,0,0,1,0,0,0,0,1,22,705
Tuberculosis,Shanghai,0-14,Male,20,0,1,1,10,2022,Autumn,Rural,1,1,0,1,1,0,1,0,1,0,1,0,707
Scarlet Fever,Guangdong,25-44,Female,26,0,1,0,5,2021,Spring,Rural,0,0,0,0,0,0,1,1,1,1,1,16,134
Tuberculosis,Jiangsu,0-14,Female,24,0,0,1,11,2022,Autumn,Urban,1,0,0,1,0,0,0,0,0,1,1,0,853
Hepatitis B,Shanghai,45-64,Female,24,1,1,0,9,2018,Autumn,Urban,1,0,0,0,0,0,1,0,0,1,0,3,818
Syphilis,Guangdong,25-44,Male,25,0,1,0,4,2019,Spring,Urban,1,0,0,0,0,0,0,0,1,1,0,1,761
Dysentery,Hunan,65+,Female,21,1,1,0,1,2020,Winter,Rural,1,0,0,1,1,0,0,0,0,1,0,1,892
Brucellosis,Yunnan,25-44,Male,20,0,1,1,11,2018,Autumn,Urban,1,0,0,0,0,0,1,0,0,1,0,6,891
Tuberculosis,Yunnan,45-64,Male,15,0,0,1,9,2021,Autumn,Rural,0,1,0,0,0,0,1,0,0,1,0,0,263
HIV/AIDS,Shandong,65+,Male,23,0,1,0,5,2020,Spring,Urban,0,0,1,0,0,0,0,0,1,1,0,15,493
Typhoid,Guangdong,25-44,Male,29,0,1,1,10,2020,Autumn,Urban,1,0,0,0,0,1,0,0,0,1,1,24,367
Measles,Sichuan,0-14,Male,21,0,1,1,12,2022,Winter,Rural,1,0,0,1,0,1,0,0,0,1,1,26,424
Chickenpox,Hunan,15-24,Male,26,0,1,1,11,2020,Autumn,Urban,1,0,1,1,0,1,0,0,0,1,1,15,503
Tuberculosis,Zhejiang,15-24,Female,22,1,0,0,7,2020,Summer,Urban,1,0,0,1,0,0,1,0,0,1,1,0,136
HIV/AIDS,Shanghai,0-14,Female,25,1,1,0,3,2019,Spring,Rural,1,1,0,0,0,0,1,0,0,1,0,22,595
Brucellosis,Hunan,15-24,Female,20,0,1,1,4,2021,Spring,Rural,0,1,0,0,0,1,0,0,0,1,0,10,629
HIV/AIDS,Guangdong,15-24,Female,17,0,0,1,12,2018,Winter,Rural,0,0,0,0,0,0,0,0,1,1,1,0,210
Measles,Henan,0-14,Male,18,0,0,1,10,2022,Autumn,Rural,0,0,0,0,0,1,1,0,1,1,1,0,587
Dysentery,Shanghai,0-14,Male,31,2,1,0,9,2019,Autumn,Rural,0,0,0,0,0,0,0,0,0,1,1,20,324
HIV/AIDS,Beijing,25-44,Female,28,0,1,1,10,2018,Autumn,Rural,1,0,0,1,0,1,1,0,0,0,0,23,396
Typhoid,Yunnan,25-44,Female,22,0,0,1,1,2018,Winter,Rural,1,0,0,0,0,0,1,0,0,1,0,0,879
HIV/AIDS,Guangdong,0-14,Female,18,0,1,1,12,2019,Winter,Rural,1,0,0,1,1,0,0,0,0,1,0,0,964
HIV/AIDS,Beijing,45-64,Female,19,0,0,1,11,2022,Autumn,Urban,0,1,0,1,0,1,0,0,0,1,0,0,296
HIV/AIDS,Shandong,15-24,Female,13,0,0,1,5,2021,Spring,Rural,1,1,0,0,0,0,0,0,0,1,1,0,428
Rabies,Jiangsu,25-44,Female,19,1,0,0,8,2019,Summer,Urban,0,0,0,0,0,1,0,0,1,0,1,0,196
Rabies,Zhejiang,15-24,Female,22,1,0,0,10,2019,Autumn,Rural,1,0,0,0,0,1,1,1,0,1,1,0,547
Dysentery,Zhejiang,65+,Female,20,0,0,1,7,2019,Summer,Rural,0,0,0,1,0,0,1,0,0,0,0,0,257
Tuberculosis,Beijing,0-14,Male,17,0,1,1,4,2022,Spring,Urban,1,0,1,0,1,1,1,0,0,1,0,7,593
HIV/AIDS,Yunnan,45-64,Male,26,0,1,1,7,2019,Summer,Urban,1,0,0,1,0,0,1,0,0,1,1,19,116
Syphilis,Henan,65+,Male,17,0,1,1,6,2020,Summer,Rural,1,1,0,0,0,1,0,0,0,0,1,28,435
COVID-19,Yunnan,65+,Female,27,0,0,1,9,2020,Autumn,Rural,0,0,0,1,0,0,1,0,0,1,1,0,523
Tuberculosis,Hunan,0-14,Male,27,0,1,1,3,2020,Spring,Rural,1,0,0,0,1,0,1,0,0,1,0,0,502
Dysentery,Zhejiang,25-44,Female,30,0,0,1,4,2020,Spring,Rural,0,0,0,1,0,1,0,0,0,1,0,0,927
Scarlet Fever,Hunan,0-14,Male,23,0,0,1,8,2019,Summer,Urban,1,1,0,0,0,1,1,0,1,1,0,0,530
Scarlet Fever,Shanghai,25-44,Female,20,0,1,1,12,2020,Winter,Rural,1,0,0,1,0,0,0,0,0,1,1,11,993
Influenza,Sichuan,65+,Female,23,0,1,1,5,2018,Spring,Urban,0,0,1,0,1,1,0,1,0,1,0,0,997
COVID-19,Guangdong,65+,Male,21,0,1,1,5,2021,Spring,Rural,1,0,0,1,0,0,0,0,0,0,1,2,809
Tuberculosis,Shandong,45-64,Male,31,0,1,1,1,2020,Winter,Rural,1,1,0,0,1,0,1,0,0,0,1,9,728
Tuberculosis,Yunnan,25-44,Female,16,0,1,1,6,2022,Summer,Urban,0,0,1,0,1,1,0,0,1,0,0,5,592
Malaria,Zhejiang,65+,Female,19,0,0,0,2,2021,Winter,Rural,0,0,0,0,0,0,0,0,1,1,0,0,543
Hepatitis B,Hunan,15-24,Female,20,0,1,1,1,2018,Winter,Urban,1,0,0,0,0,0,1,0,0,0,1,13,850
Chickenpox,Jiangsu,45-64,Male,23,0,0,1,6,2021,Summer,Rural,1,0,0,0,0,0,0,1,0,1,0,0,110
Brucellosis,Shanghai,0-14,Male,13,1,1,0,5,2021,Spring,Rural,0,0,0,1,0,0,0,0,1,1,0,5,940
Malaria,Guangdong,45-64,Female,15,0,1,1,5,2018,Spring,Rural,0,0,0,1,0,0,1,0,0,1,0,10,638
Typhoid,Guangdong,15-24,Male,16,0,1,1,9,2020,Autumn,Rural,0,0,0,0,0,0,1,0,0,1,1,3,369
Rabies,Yunnan,25-44,Female,18,0,1,0,12,2018,Winter,Rural,1,0,0,1,0,0,1,0,0,1,1,7,710
Rabies,Shandong,0-14,Male,14,0,0,1,10,2022,Autumn,Urban,1,0,0,0,0,1,1,1,0,1,1,0,225
Hepatitis B,Henan,0-14,Male,14,0,1,1,10,2018,Autumn,Rural,1,0,0,0,0,1,1,0,1,1,0,4,823
Measles,Jiangsu,25-44,Male,27,0,0,1,3,2019,Spring,Rural,1,0,0,0,0,1,0,0,0,1,0,0,221
Measles,Yunnan,45-64,Male,20,0,0,1,1,2019,Winter,Rural,1,0,0,1,0,1,0,0,1,1,1,0,451
Dysentery,Hunan,65+,Male,20,0,1,1,8,2021,Summer,Rural,1,0,0,1,1,1,0,0,0,1,0,0,467
Mumps,Sichuan,45-64,Female,21,1,1,0,12,2020,Winter,Urban,1,1,0,1,0,0,0,0,0,1,1,28,491
Hepatitis B,Beijing,15-24,Female,19,1,0,0,5,2020,Spring,Rural,1,0,1,0,0,0,0,0,0,1,0,0,174
Chickenpox,Henan,65+,Male,24,1,1,0,11,2019,Autumn,Urban,0,0,0,0,0,1,0,0,0,1,0,19,549
Tuberculosis,Shandong,45-64,Female,13,0,1,1,5,2022,Spring,Urban,0,0,0,0,0,1,0,0,0,1,1,10,104
Measles,Shanghai,25-44,Female,25,1,1,0,8,2018,Summer,Urban,1,1,0,1,0,0,0,1,1,0,0,19,257
Chickenpox,Henan,15-24,Male,21,0,0,1,8,2018,Summer,Urban,0,1,0,1,0,1,1,0,0,1,0,0,335
HIV/AIDS,Zhejiang,15-24,Female,18,0,1,1,11,2018,Autumn,Urban,0,1,0,0,0,1,0,0,0,1,0,11,588
COVID-19,Shandong,15-24,Male,20,0,1,1,2,2022,Winter,Rural,1,0,1,1,0,1,0,1,0,1,0,20,302
COVID-19,Sichuan,65+,Female,15,0,1,1,3,2022,Spring,Urban,1,0,0,0,0,1,0,0,0,1,1,11,819
Mumps,Zhejiang,0-14,Female,24,1,1,0,10,2018,Autumn,Urban,1,0,0,1,0,0,0,0,0,1,1,16,892
Syphilis,Henan,65+,Female,27,0,1,1,10,2018,Autumn,Urban,1,1,0,1,0,1,0,1,0,1,1,19,461
Tuberculosis,Beijing,45-64,Female,26,0,0,1,1,2022,Winter,Urban,1,0,0,0,0,1,1,0,0,1,0,0,892
Brucellosis,Beijing,0-14,Female,22,0,1,1,3,2018,Spring,Urban,1,1,0,1,0,1,0,0,0,0,1,22,430
Brucellosis,Sichuan,45-64,Female,20,1,0,0,12,2022,Winter,Urban,1,0,0,0,0,1,1,0,0,1,1,0,673
Typhoid,Guangdong,0-14,Female,20,0,1,0,4,2021,Spring,Rural,1,0,0,0,0,0,0,0,1,1,1,25,420
Brucellosis,Jiangsu,65+,Male,15,1,0,0,11,2019,Autumn,Rural,1,0,0,0,0,0,0,0,1,0,0,0,836
HIV/AIDS,Shanghai,15-24,Male,15,0,1,1,7,2019,Summer,Urban,1,1,0,0,0,0,0,0,1,1,0,26,356
HIV/AIDS,Guangdong,25-44,Male,31,0,1,1,9,2022,Autumn,Urban,1,0,0,1,0,0,0,0,1,1,0,16,475
Hepatitis B,Beijing,65+,Female,21,0,1,1,5,2019,Spring,Urban,1,1,0,1,0,1,0,0,0,1,0,27,274
Mumps,Hunan,0-14,Female,24,0,0,1,12,2020,Winter,Urban,0,1,0,0,0,0,0,0,0,1,0,0,428
Dysentery,Zhejiang,15-24,Female,16,0,1,1,1,2018,Winter,Rural,0,0,0,0,1,0,1,0,1,1,1,29,382
Typhoid,Henan,65+,Male,23,0,1,1,2,2022,Winter,Rural,1,0,0,0,1,1,0,1,0,1,0,0,393
Measles,Shanghai,45-64,Male,19,0,0,1,10,2020,Autumn,Rural,0,0,0,1,0,0,0,0,0,1,1,0,502
Chickenpox,Sichuan,25-44,Male,15,0,1,1,2,2022,Winter,Rural,0,1,0,0,1,0,0,1,1,0,1,13,907
Hepatitis B,Henan,15-24,Female,21,0,1,1,9,2018,Autumn,Rural,1,0,0,1,0,0,1,0,0,1,0,7,820
Measles,Hunan,0-14,Male,18,0,1,1,10,2021,Autumn,Rural,1,0,1,1,0,1,0,0,1,1,0,13,751
Hepatitis B,Beijing,45-64,Female,15,0,1,1,7,2021,Summer,Urban,1,1,0,0,0,0,1,0,1,1,1,26,677
Hepatitis B,Sichuan,65+,Male,22,0,1,1,2,2021,Winter,Urban,1,0,0,0,0,0,0,0,1,1,0,5,299
Hepatitis B,Beijing,25-44,Female,27,0,0,1,1,2018,Winter,Rural,1,0,0,1,0,1,0,0,0,1,0,0,132
Brucellosis,Zhejiang,65+,Female,19,0,1,0,12,2020,Winter,Rural,0,0,0,0,0,1,0,1,0,1,1,9,240
Mumps,Henan,65+,Male,23,0,1,1,1,2018,Winter,Rural,1,0,1,0,0,1,0,0,0,1,0,29,142
Dysentery,Henan,15-24,Male,17,1,1,0,9,2018,Autumn,Rural,1,0,0,0,0,0,1,0,1,1,0,16,760
Brucellosis,Guangdong,15-24,Female,19,0,0,1,3,2020,Spring,Urban,1,0,0,1,0,0,0,0,0,1,0,0,822
Hepatitis B,Sichuan,0-14,Female,25,2,0,0,2,2020,Winter,Urban,0,0,0,0,0,0,0,0,0,1,1,0,517
Influenza,Jiangsu,65+,Male,16,0,0,1,6,2022,Summer,Rural,1,0,0,0,0,0,1,0,0,1,0,0,897
Syphilis,Hunan,15-24,Female,20,0,0,1,3,2019,Spring,Urban,1,0,1,0,0,0,0,0,0,1,0,0,375
Measles,Jiangsu,25-44,Male,15,0,1,0,5,2019,Spring,Rural,1,0,0,1,0,0,1,0,0,1,1,21,181
Tuberculosis,Guangdong,25-44,Female,19,1,1,0,10,2022,Autumn,Urban,1,0,0,1,0,0,0,0,0,0,0,23,312
Malaria,Shanghai,65+,Male,24,0,1,1,8,2021,Summer,Urban,1,0,0,0,0,1,0,0,0,1,1,27,731
Brucellosis,Hunan,15-24,Female,21,0,0,1,10,2018,Autumn,Rural,0,1,0,0,0,0,0,0,0,1,1,0,874
Chickenpox,Zhejiang,0-14,Male,24,1,0,0,2,2020,Winter,Rural,1,1,0,1,0,0,0,0,0,1,1,0,296
COVID-19,Jiangsu,0-14,Male,23,0,1,1,12,2020,Winter,Rural,1,1,1,0,0,0,0,0,0,1,1,4,876
Typhoid,Zhejiang,0-14,Male,17,0,1,1,5,2021,Spring,Rural,1,0,0,0,0,0,0,1,0,1,1,5,144
Rabies,Jiangsu,25-44,Female,20,0,1,1,11,2020,Autumn,Urban,0,1,0,0,0,1,0,0,1,1,0,5,629
Dysentery,Zhejiang,15-24,Male,16,0,0,1,8,2021,Summer,Rural,1,0,0,0,0,0,1,0,0,1,1,0,402
Tuberculosis,Jiangsu,15-24,Female,24,0,1,1,1,2022,Winter,Urban,0,0,0,0,1,0,1,0,0,1,1,28,725
HIV/AIDS,Zhejiang,25-44,Female,22,0,0,1,10,2021,Autumn,Rural,1,0,0,1,0,1,0,0,0,0,0,0,612
Scarlet Fever,Guangdong,0-14,Female,16,0,1,1,10,2019,Autumn,Urban,1,0,0,0,0,1,1,1,0,1,1,12,848
Influenza,Shandong,0-14,Male,16,0,1,1,11,2021,Autumn,Rural,0,0,0,0,0,0,1,1,1,0,0,26,945
Rabies,Hunan,65+,Female,21,0,0,0,12,2022,Winter,Rural,1,0,1,0,0,1,0,0,0,1,0,0,427
Malaria,Sichuan,45-64,Female,20,0,1,1,12,2021,Winter,Rural,1,1,0,0,0,0,1,1,0,1,1,29,920
Tuberculosis,Shanghai,15-24,Female,17,0,0,1,4,2022,Spring,Urban,1,0,0,0,0,1,1,0,1,1,1,0,136
Rabies,Yunnan,15-24,Male,10,0,0,1,5,2019,Spring,Urban,1,1,0,1,0,0,0,0,0,1,1,0,119
Tuberculosis,Beijing,15-24,Female,23,0,1,1,10,2018,Autumn,Rural,1,0,0,0,0,1,0,0,1,1,0,16,450
Chickenpox,Sichuan,45-64,Female,24,0,0,1,12,2022,Winter,Urban,1,1,0,0,0,1,0,1,0,0,1,0,285
Influenza,Beijing,65+,Female,19,0,1,1,11,2018,Autumn,Rural,1,0,0,1,0,1,1,0,1,0,0,11,731
Malaria,Hunan,45-64,Female,23,0,1,1,3,2022,Spring,Urban,1,0,0,0,0,0,0,0,0,1,1,27,140
HIV/AIDS,Sichuan,0-14,Male,14,1,0,0,12,2021,Winter,Rural,1,0,0,1,0,0,1,0,1,1,1,0,399
Hepatitis B,Zhejiang,0-14,Male,18,0,1,1,2,2018,Winter,Rural,1,0,0,0,0,0,0,1,0,1,0,6,476
Measles,Zhejiang,15-24,Female,22,0,1,1,12,2022,Winter,Urban,0,0,0,0,0,0,0,0,0,1,1,4,334
HIV/AIDS,Yunnan,25-44,Female,22,0,0,1,3,2022,Spring,Urban,1,0,0,0,0,0,0,0,0,1,1,0,980
Hepatitis B,Beijing,15-24,Female,23,0,1,0,11,2018,Autumn,Urban,0,0,0,1,0,0,1,0,0,1,1,18,994
Scarlet Fever,Shanghai,25-44,Female,20,1,0,0,5,2022,Spring,Rural,1,0,0,0,0,1,1,0,1,1,1,0,518
Mumps,Zhejiang,0-14,Male,19,0,1,1,2,2019,Winter,Urban,0,0,0,0,0,1,0,0,1,1,0,11,126
Mumps,Shandong,25-44,Male,21,0,1,1,7,2020,Summer,Urban,1,0,1,1,0,1,0,1,0,1,0,18,120
Mumps,Guangdong,45-64,Male,27,0,1,0,6,2019,Summer,Urban,1,0,0,0,0,1,1,0,1,0,1,18,395
Dysentery,Guangdong,0-14,Female,23,0,1,1,7,2018,Summer,Urban,1,0,0,1,0,1,0,0,0,1,1,19,857
Brucellosis,Jiangsu,25-44,Female,30,0,0,1,7,2021,Summer,Rural,1,0,0,0,0,0,1,0,1,1,0,0,655
Syphilis,Shanghai,15-24,Male,21,0,0,1,9,2021,Autumn,Rural,1,0,0,0,0,0,0,0,0,1,0,0,976
Typhoid,Guangdong,15-24,Male,18,0,1,1,7,2020,Summer,Urban,1,0,0,0,0,0,1,0,0,1,1,23,957
Typhoid,Jiangsu,15-24,Female,21,0,1,1,12,2018,Winter,Rural,1,0,0,0,0,0,0,0,0,1,1,8,271
Brucellosis,Beijing,45-64,Female,13,0,0,1,6,2022,Summer,Urban,0,0,0,0,0,0,0,0,0,1,0,0,872
Mumps,Zhejiang,15-24,Female,23,0,1,1,10,2019,Autumn,Urban,1,0,0,0,0,1,0,0,0,1,1,20,964
Measles,Zhejiang,65+,Female,27,0,1,1,8,2019,Summer,Rural,1,0,0,0,1,1,1,0,0,1,1,0,479
Malaria,Shandong,0-14,Female,17,1,0,0,7,2020,Summer,Rural,0,0,0,1,0,1,1,1,0,1,1,0,808
Influenza,Sichuan,45-64,Male,19,0,1,0,6,2020,Summer,Rural,1,0,1,0,0,0,1,0,0,1,0,26,831
Malaria,Guangdong,15-24,Male,21,1,1,0,4,2020,Spring,Rural,1,1,0,0,0,1,0,0,1,1,1,6,248
Influenza,Beijing,0-14,Female,23,0,0,1,7,2020,Summer,Rural,0,0,0,0,0,1,0,0,1,1,1,0,619
Malaria,Henan,25-44,Female,13,1,1,0,12,2020,Winter,Rural,1,0,1,1,0,1,0,1,1,0,0,27,933
Syphilis,Guangdong,15-24,Male,25,0,1,1,8,2020,Summer,Rural,0,0,1,1,0,1,0,0,1,1,1,11,986
Dysentery,Shanghai,0-14,Female,28,0,1,1,8,2022,Summer,Urban,1,0,0,0,1,0,1,1,1,1,0,0,264
Dysentery,Sichuan,65+,Male,22,1,0,0,12,2022,Winter,Urban,1,0,1,0,0,0,0,0,1,0,0,0,517
Mumps,Guangdong,25-44,Male,17,1,1,0,12,2019,Winter,Urban,1,0,1,0,0,0,0,0,0,1,0,3,472
Scarlet Fever,Beijing,65+,Male,14,0,1,1,4,2019,Spring,Rural,1,0,0,0,0,0,0,0,1,0,0,1,207
Hepatitis B,Guangdong,0-14,Male,20,0,1,1,10,2020,Autumn,Urban,0,0,0,0,0,1,1,1,1,1,0,6,415
Scarlet Fever,Shanghai,65+,Female,20,0,1,1,9,2019,Autumn,Urban,0,0,0,0,0,1,0,0,0,1,1,21,544
Rabies,Henan,0-14,Female,24,1,1,0,3,2020,Spring,Urban,0,0,0,0,0,0,1,0,1,1,0,26,529
Dysentery,Hunan,0-14,Male,24,0,1,1,9,2022,Autumn,Urban,1,0,0,0,0,1,0,0,0,1,1,2,584
Dysentery,Yunnan,65+,Female,19,0,1,1,3,2021,Spring,Rural,0,0,1,1,0,1,0,0,0,1,0,1,760
HIV/AIDS,Henan,0-14,Female,21,0,1,1,7,2022,Summer,Urban,0,0,0,0,0,0,0,0,0,1,0,11,318
HIV/AIDS,Jiangsu,15-24,Female,13,1,1,0,4,2018,Spring,Urban,1,0,0,0,0,0,0,0,0,1,0,25,597
Hepatitis B,Guangdong,0-14,Female,15,0,1,0,5,2022,Spring,Urban,0,0,0,0,0,1,1,0,0,1,0,18,348
Chickenpox,Zhejiang,45-64,Male,19,0,1,1,3,2018,Spring,Urban,0,0,1,1,0,0,1,0,1,1,0,19,373
Rabies,Shandong,0-14,Female,22,1,1,0,2,2019,Winter,Urban,0,1,0,0,0,1,0,0,1,1,0,25,467
Scarlet Fever,Zhejiang,45-64,Male,20,0,0,1,12,2022,Winter,Rural,1,0,0,0,0,0,0,0,0,1,0,0,928
Measles,Henan,0-14,Male,14,0,1,1,8,2021,Summer,Urban,0,0,0,0,0,0,1,0,0,0,1,23,296
HIV/AIDS,Zhejiang,0-14,Female,18,0,1,1,7,2022,Summer,Urban,1,1,0,0,0,0,1,0,1,1,0,17,773
Measles,Beijing,65+,Male,28,0,0,1,7,2022,Summer,Urban,0,0,0,1,0,1,0,0,1,1,1,0,949
Tuberculosis,Zhejiang,15-24,Female,14,0,1,0,8,2022,Summer,Urban,1,0,0,0,0,0,0,0,0,1,0,12,605
HIV/AIDS,Sichuan,15-24,Female,18,0,0,1,1,2020,Winter,Urban,0,1,0,0,0,1,0,0,0,1,0,0,710
Syphilis,Hunan,25-44,Male,21,0,1,1,12,2022,Winter,Urban,1,0,0,1,0,1,1,0,0,1,1,24,701
Chickenpox,Guangdong,65+,Female,25,0,1,1,8,2022,Summer,Rural,1,0,0,0,0,1,0,1,0,1,1,21,768
Rabies,Zhejiang,65+,Male,16,0,1,1,10,2021,Autumn,Urban,1,1,0,0,0,1,1,1,0,1,0,18,959
Hepatitis B,Hunan,65+,Female,16,0,1,1,5,2018,Spring,Rural,0,0,1,1,1,1,0,0,0,1,1,7,189
Tuberculosis,Hunan,15-24,Female,19,0,1,1,8,2021,Summer,Rural,0,0,0,1,0,1,1,0,1,1,1,19,413
Rabies,Hunan,0-14,Male,21,0,0,1,2,2022,Winter,Urban,1,0,0,0,0,1,0,0,1,0,1,0,772
Scarlet Fever,Shandong,15-24,Female,20,0,1,1,3,2019,Spring,Rural,1,1,1,0,0,1,1,0,1,1,1,3,195
Mumps,Zhejiang,15-24,Male,16,1,1,0,6,2021,Summer,Urban,1,1,0,1,0,0,0,0,0,1,1,26,829
Syphilis,Beijing,45-64,Male,26,0,1,1,9,2019,Autumn,Rural,0,0,1,0,0,1,0,1,0,1,1,24,825
Rabies,Henan,65+,Female,25,0,1,1,10,2018,Autumn,Urban,0,0,0,0,0,1,0,0,0,1,0,15,389
Syphilis,Sichuan,65+,Female,18,0,0,0,10,2020,Autumn,Urban,1,0,0,0,0,1,0,0,0,0,1,0,218
Brucellosis,Yunnan,15-24,Female,19,0,1,1,8,2019,Summer,Urban,1,0,0,1,0,1,0,0,0,1,1,13,730
Syphilis,Jiangsu,0-14,Male,19,0,1,0,6,2020,Summer,Rural,0,0,0,0,0,0,0,0,1,1,0,12,148
Measles,Hunan,0-14,Female,20,0,0,1,5,2019,Spring,Rural,1,0,0,1,0,1,1,0,0,0,1,0,623
Brucellosis,Beijing,0-14,Male,26,0,0,1,3,2021,Spring,Rural,1,0,0,0,0,1,0,1,0,1,0,0,353
Malaria,Guangdong,65+,Female,21,0,1,1,12,2020,Winter,Rural,1,0,0,0,0,1,0,0,1,1,0,24,249
Mumps,Jiangsu,15-24,Male,27,0,1,1,7,2021,Summer,Urban,1,0,0,0,0,1,0,0,1,1,1,7,763
Brucellosis,Sichuan,25-44,Male,16,0,1,1,7,2018,Summer,Rural,0,1,0,0,0,1,0,0,0,1,1,23,411
Scarlet Fever,Hunan,45-64,Female,26,0,1,0,3,2022,Spring,Rural,1,1,0,1,1,0,1,0,0,1,0,25,764
Tuberculosis,Shandong,25-44,Female,15,1,1,0,4,2021,Spring,Rural,0,0,0,0,0,0,1,0,1,1,1,17,549
Rabies,Jiangsu,45-64,Female,16,1,0,0,3,2021,Spring,Rural,1,0,0,0,0,0,1,0,0,1,1,0,740
Influenza,Sichuan,0-14,Female,19,1,1,0,2,2018,Winter,Urban,0,0,1,0,0,0,0,0,0,1,0,5,301
Tuberculosis,Hunan,65+,Female,19,1,1,0,6,2020,Summer,Rural,1,0,0,0,0,0,0,0,0,0,1,5,473
Malaria,Beijing,25-44,Male,24,0,1,1,7,2019,Summer,Urban,1,1,0,1,0,1,0,0,0,1,0,24,773
Tuberculosis,Henan,45-64,Male,23,1,1,0,4,2020,Spring,Rural,1,0,0,0,0,1,1,0,0,1,0,19,488
Dysentery,Shandong,65+,Male,30,0,1,1,5,2021,Spring,Urban,0,0,0,1,0,1,1,0,0,1,1,22,884
Scarlet Fever,Yunnan,25-44,Male,26,0,1,1,8,2019,Summer,Rural,0,0,0,0,0,1,0,0,1,0,1,24,740
Influenza,Guangdong,15-24,Female,23,1,1,0,9,2022,Autumn,Urban,0,0,0,0,0,0,0,1,0,1,0,20,561
Brucellosis,Shanghai,45-64,Male,15,0,1,1,7,2022,Summer,Urban,1,1,1,0,0,0,0,0,0,1,1,26,504
Brucellosis,Beijing,15-24,Male,13,2,1,0,10,2019,Autumn,Urban,1,0,0,0,0,1,0,0,1,1,0,21,105
Brucellosis,Guangdong,0-14,Male,22,0,1,1,1,2021,Winter,Urban,1,0,1,0,1,1,0,0,1,0,1,16,942
Malaria,Zhejiang,15-24,Female,22,0,1,0,11,2018,Autumn,Urban,1,0,0,0,1,0,0,1,1,0,0,28,138
Measles,Shanghai,15-24,Male,21,0,1,1,3,2020,Spring,Urban,1,0,0,1,0,0,0,0,1,1,0,22,759
COVID-19,Guangdong,45-64,Female,29,0,1,0,11,2020,Autumn,Urban,0,0,0,0,0,1,0,1,1,1,0,15,951
Rabies,Sichuan,0-14,Male,31,0,1,1,5,2018,Spring,Urban,1,1,0,1,1,1,1,1,1,1,1,4,824
Chickenpox,Shandong,15-24,Female,17,1,0,0,3,2018,Spring,Urban,0,0,0,1,0,1,1,0,0,1,0,0,729
Typhoid,Guangdong,65+,Male,22,0,0,1,1,2022,Winter,Rural,1,0,0,0,0,0,0,0,0,1,0,0,251
Malaria,Henan,15-24,Male,23,0,0,0,8,2019,Summer,Urban,1,0,0,1,0,0,0,0,0,1,1,0,218
Hepatitis B,Sichuan,0-14,Female,18,0,1,1,7,2022,Summer,Rural,1,1,1,1,0,0,1,0,0,1,1,2,701
Scarlet Fever,Beijing,15-24,Female,15,0,0,1,10,2021,Autumn,Rural,0,1,0,1,0,0,0,0,0,1,1,0,422
Rabies,Beijing,25-44,Male,18,0,1,0,3,2022,Spring,Urban,0,1,0,0,0,1,0,0,1,1,1,27,905
COVID-19,Beijing,0-14,Female,24,0,1,1,4,2022,Spring,Urban,0,0,0,0,0,0,1,0,0,1,1,15,332
Mumps,Beijing,45-64,Female,18,0,1,1,3,2020,Spring,Rural,0,1,0,0,1,0,0,0,0,1,1,15,137
Malaria,Henan,0-14,Male,24,0,1,1,4,2018,Spring,Urban,1,0,0,0,0,1,0,0,0,1,0,28,383
Dysentery,Guangdong,45-64,Male,16,0,0,1,8,2019,Summer,Urban,1,0,1,0,0,1,0,1,0,1,1,0,350
Typhoid,Hunan,0-14,Female,15,0,1,1,9,2018,Autumn,Urban,0,0,0,0,1,0,1,0,0,0,1,2,877
Dysentery,Guangdong,25-44,Male,16,0,1,1,7,2020,Summer,Rural,1,1,0,0,0,1,1,0,1,1,1,11,251
Brucellosis,Zhejiang,25-44,Male,19,1,1,0,9,2018,Autumn,Rural,1,0,0,0,0,0,1,0,1,1,0,16,929
Typhoid,Shandong,0-14,Male,19,0,1,1,9,2019,Autumn,Rural,1,0,0,1,0,0,0,0,0,1,1,11,715
Mumps,Hunan,25-44,Female,21,0,1,1,7,2020,Summer,Urban,0,0,1,0,0,0,0,0,0,1,0,1,467
Brucellosis,Hunan,45-64,Female,15,0,1,1,8,2019,Summer,Urban,1,1,0,0,0,1,1,0,0,1,1,9,170
Chickenpox,Guangdong,45-64,Female,15,0,0,1,12,2018,Winter,Urban,1,0,1,0,0,1,1,0,1,1,1,0,314
Scarlet Fever,Hunan,65+,Female,18,0,1,1,10,2020,Autumn,Urban,1,0,0,1,0,0,0,0,1,0,0,16,314
Hepatitis B,Jiangsu,45-64,Female,10,1,1,0,12,2020,Winter,Rural,1,1,1,0,0,0,1,0,1,1,1,23,962
Rabies,Jiangsu,65+,Female,23,0,1,1,12,2022,Winter,Urban,0,0,0,0,0,0,0,1,0,1,1,4,981
Measles,Zhejiang,0-14,Male,24,0,0,1,3,2019,Spring,Rural,1,0,0,1,0,0,0,1,0,1,1,0,351
Dysentery,Shanghai,0-14,Female,21,0,1,1,8,2019,Summer,Urban,1,0,0,0,0,1,1,0,1,0,1,23,149
Dysentery,Yunnan,0-14,Female,20,0,1,1,1,2018,Winter,Rural,1,0,0,0,0,0,0,1,0,0,0,13,850
Brucellosis,Henan,15-24,Male,20,1,0,0,6,2022,Summer,Urban,1,0,0,0,0,1,0,0,1,1,1,0,830
Syphilis,Guangdong,15-24,Male,19,0,1,1,2,2019,Winter,Urban,1,0,0,0,0,1,1,0,0,1,1,14,936
Typhoid,Henan,65+,Male,16,2,1,0,7,2020,Summer,Urban,0,0,0,1,0,0,0,1,0,1,0,4,454
HIV/AIDS,Yunnan,45-64,Female,17,0,1,0,3,2019,Spring,Urban,1,0,0,1,0,1,0,1,1,1,1,25,788
Chickenpox,Guangdong,45-64,Male,24,0,0,1,11,2022,Autumn,Rural,1,0,0,0,0,1,1,1,0,1,1,0,116
Rabies,Guangdong,0-14,Female,31,0,0,1,10,2021,Autumn,Urban,0,0,0,0,0,0,1,0,0,1,0,0,474
Typhoid,Shanghai,25-44,Female,27,0,0,1,5,2020,Spring,Rural,0,0,0,0,0,0,0,1,1,1,1,0,330
Syphilis,Henan,15-24,Female,23,0,1,1,10,2019,Autumn,Rural,1,0,0,0,0,1,1,0,1,1,0,29,697
Tuberculosis,Jiangsu,15-24,Male,16,0,1,1,2,2020,Winter,Rural,1,0,0,0,0,0,0,0,1,1,1,23,985
Typhoid,Beijing,0-14,Male,23,0,1,1,1,2018,Winter,Urban,1,1,0,0,0,1,1,1,0,1,1,12,920
Measles,Henan,15-24,Female,24,0,0,1,5,2020,Spring,Urban,1,1,0,1,0,0,1,1,1,1,0,0,961
Rabies,Shandong,0-14,Female,25,0,1,0,9,2019,Autumn,Rural,1,0,0,1,1,1,1,0,1,1,0,0,805
Chickenpox,Guangdong,45-64,Male,19,1,1,0,7,2018,Summer,Rural,1,0,1,0,0,0,1,0,1,1,1,4,997
Syphilis,Beijing,25-44,Female,24,0,1,1,9,2018,Autumn,Rural,0,0,1,0,0,1,0,0,0,1,0,9,801
Tuberculosis,Sichuan,45-64,Male,18,0,1,1,4,2021,Spring,Urban,0,0,1,0,0,1,1,0,0,1,0,24,198
Scarlet Fever,Yunnan,45-64,Female,17,0,1,1,3,2021,Spring,Urban,1,1,0,0,0,1,0,1,1,1,0,28,514
Influenza,Zhejiang,65+,Male,24,0,1,1,11,2018,Autumn,Rural,1,0,0,1,0,0,1,0,0,1,1,1,180
Syphilis,Beijing,15-24,Female,22,0,1,1,4,2019,Spring,Rural,1,0,0,1,0,0,0,0,0,1,1,23,802
Influenza,Zhejiang,25-44,Male,14,0,1,1,7,2018,Summer,Urban,1,1,0,0,1,0,0,0,0,0,0,20,322
Rabies,Henan,15-24,Male,23,0,0,1,8,2018,Summer,Urban,1,1,0,0,0,1,0,0,0,1,1,0,854
Dysentery,Henan,45-64,Male,26,0,0,1,2,2020,Winter,Urban,0,0,0,1,0,0,0,0,0,1,1,0,429
Syphilis,Zhejiang,0-14,Male,16,0,0,1,5,2020,Spring,Rural,1,0,0,0,0,0,0,0,0,1,1,0,431
Scarlet Fever,Yunnan,45-64,Male,20,0,0,1,5,2020,Spring,Rural,1,0,0,0,0,1,0,1,1,1,1,0,217
Hepatitis B,Beijing,15-24,Male,30,1,1,0,9,2022,Autumn,Rural,1,0,0,0,0,0,1,0,0,1,0,11,629
Brucellosis,Sichuan,45-64,Female,23,0,1,1,3,2020,Spring,Urban,0,0,0,0,0,0,0,0,0,1,1,14,214
Influenza,Guangdong,0-14,Female,25,0,1,0,12,2020,Winter,Rural,0,0,0,0,1,0,0,0,1,1,0,0,304
Brucellosis,Shanghai,65+,Female,16,0,1,1,6,2019,Summer,Rural,0,0,1,0,0,0,0,0,1,1,1,27,540
Measles,Henan,15-24,Female,18,1,1,0,10,2021,Autumn,Rural,1,0,0,0,0,0,1,0,0,0,1,8,811
Hepatitis B,Shandong,45-64,Male,21,0,1,1,12,2021,Winter,Urban,0,0,0,0,0,0,0,1,1,1,0,6,966
Brucellosis,Yunnan,15-24,Female,22,0,0,1,5,2021,Spring,Rural,0,0,0,1,0,1,0,1,0,1,0,0,474
Malaria,Shanghai,65+,Male,25,1,1,0,2,2022,Winter,Urban,1,0,0,0,0,0,1,1,0,0,1,24,417
Malaria,Sichuan,45-64,Male,26,0,1,1,2,2018,Winter,Rural,1,0,0,0,0,0,1,1,0,1,0,22,866
Tuberculosis,Hunan,45-64,Male,21,0,1,1,4,2020,Spring,Rural,0,0,0,1,0,1,1,1,0,1,1,29,487
Chickenpox,Guangdong,15-24,Female,29,0,0,1,12,2019,Winter,Urban,0,1,0,1,0,1,1,1,0,1,1,0,401
Dysentery,Henan,15-24,Male,20,1,1,0,4,2022,Spring,Urban,0,1,0,1,0,1,0,0,0,0,0,23,938
Rabies,Guangdong,0-14,Female,22,1,1,0,7,2021,Summer,Urban,1,1,0,1,0,0,1,1,1,1,1,3,927
Syphilis,Shanghai,65+,Female,17,0,1,1,12,2022,Winter,Rural,0,1,0,0,0,0,1,0,0,1,0,29,784
HIV/AIDS,Guangdong,0-14,Female,23,0,0,1,1,2019,Winter,Urban,1,0,0,0,0,1,1,1,0,1,0,0,975
Measles,Hunan,45-64,Female,25,0,0,1,11,2022,Autumn,Rural,1,0,0,0,0,1,1,0,0,1,1,0,178
Influenza,Shanghai,15-24,Female,30,0,1,1,6,2021,Summer,Rural,0,1,0,0,1,0,0,0,1,0,0,15,581
Rabies,Henan,45-64,Male,13,0,1,1,11,2018,Autumn,Urban,0,0,0,0,1,0,1,1,0,1,1,27,761
Hepatitis B,Beijing,45-64,Male,20,0,0,1,9,2021,Autumn,Urban,0,0,0,1,0,1,1,0,0,1,0,0,292
Mumps,Shandong,25-44,Female,21,1,1,0,2,2021,Winter,Urban,0,1,1,0,0,0,0,0,1,0,1,19,361
Malaria,Shanghai,25-44,Male,27,0,0,1,12,2021,Winter,Urban,0,0,0,0,0,0,0,0,0,1,1,0,932
Mumps,Jiangsu,45-64,Female,19,0,1,1,5,2022,Spring,Rural,1,0,1,0,1,1,0,0,1,0,1,12,694
Scarlet Fever,Hunan,15-24,Male,18,0,1,0,10,2019,Autumn,Rural,0,0,0,0,0,1,1,0,0,1,0,23,995
Measles,Shanghai,45-64,Male,18,0,0,1,11,2021,Autumn,Urban,0,0,0,0,0,0,0,1,0,1,0,0,226
HIV/AIDS,Shanghai,25-44,Male,20,0,1,1,10,2022,Autumn,Urban,1,0,0,0,0,0,0,0,0,1,0,13,282
Syphilis,Jiangsu,15-24,Male,11,0,1,1,4,2019,Spring,Rural,1,0,0,0,1,1,0,0,0,1,1,4,561
Tuberculosis,Henan,45-64,Male,25,0,1,1,4,2018,Spring,Rural,1,0,0,0,0,0,1,0,0,1,1,18,773
HIV/AIDS,Shanghai,65+,Male,25,0,0,1,8,2021,Summer,Urban,0,0,0,0,0,0,1,1,1,1,0,0,652
Measles,Shandong,65+,Male,25,0,1,0,6,2020,Summer,Rural,0,0,0,0,0,1,0,1,1,1,1,29,259
HIV/AIDS,Guangdong,45-64,Male,21,1,1,0,7,2022,Summer,Rural,0,0,0,0,0,1,0,0,0,1,1,1,550
Measles,Henan,15-24,Male,11,0,0,1,11,2018,Autumn,Rural,1,0,1,0,0,0,0,0,0,0,1,0,662
Measles,Shandong,45-64,Male,14,0,1,1,12,2018,Winter,Rural,0,0,0,0,0,1,0,0,0,1,0,29,209
Typhoid,Henan,45-64,Male,20,0,1,1,9,2018,Autumn,Rural,0,0,0,0,0,0,0,1,1,0,1,29,179
Influenza,Shandong,25-44,Male,24,0,1,1,3,2022,Spring,Rural,1,0,0,1,0,1,0,1,0,1,0,28,522
Mumps,Shandong,25-44,Female,20,0,1,1,2,2020,Winter,Rural,1,1,0,0,0,0,1,1,0,0,0,18,616
COVID-19,Shandong,45-64,Male,16,0,1,1,8,2021,Summer,Rural,0,0,1,1,0,0,0,0,0,1,0,9,326
COVID-19,Beijing,25-44,Male,26,0,0,1,9,2020,Autumn,Urban,0,0,0,0,0,1,0,0,0,0,1,0,506
Brucellosis,Beijing,65+,Male,13,0,0,1,10,2019,Autumn,Urban,1,0,0,0,0,1,0,1,1,0,0,0,573
Malaria,Yunnan,25-44,Male,21,0,1,1,5,2021,Spring,Urban,1,1,0,0,0,0,1,0,0,1,0,16,273
Typhoid,Zhejiang,65+,Male,23,0,1,1,8,2020,Summer,Urban,0,0,1,0,0,1,0,0,0,1,1,21,723
Syphilis,Zhejiang,25-44,Female,18,0,0,1,11,2022,Autumn,Urban,1,0,0,0,0,1,0,0,0,1,0,0,490
Typhoid,Guangdong,65+,Female,23,1,1,0,7,2021,Summer,Rural,1,1,0,0,1,0,1,0,0,1,0,15,204
Dysentery,Zhejiang,25-44,Female,25,1,0,0,12,2019,Winter,Urban,1,0,0,0,0,0,0,0,0,1,0,0,161
Dysentery,Guangdong,25-44,Male,21,0,1,1,12,2020,Winter,Rural,1,0,0,0,0,0,0,1,0,1,0,19,106
Brucellosis,Yunnan,15-24,Male,26,0,1,1,9,2021,Autumn,Urban,0,0,0,1,0,0,0,0,1,1,1,26,626
Malaria,Yunnan,65+,Male,16,0,1,1,4,2021,Spring,Rural,0,1,0,0,0,0,0,0,1,1,0,13,224
HIV/AIDS,Hunan,65+,Female,19,1,0,0,10,2022,Autumn,Rural,1,0,0,1,0,0,0,0,1,1,0,0,631
Influenza,Beijing,65+,Male,27,0,1,1,3,2021,Spring,Urban,0,0,0,1,0,0,1,0,0,0,1,15,953
Malaria,Shandong,0-14,Male,22,0,1,1,9,2020,Autumn,Rural,1,0,0,0,0,1,0,0,0,1,1,1,467
Brucellosis,Shandong,25-44,Female,17,0,1,1,8,2018,Summer,Urban,1,0,1,1,0,1,1,0,1,1,0,7,409
Measles,Jiangsu,65+,Female,18,0,1,1,7,2020,Summer,Rural,0,0,0,0,0,0,0,1,0,1,1,5,533
Hepatitis B,Jiangsu,0-14,Male,15,0,1,1,1,2020,Winter,Rural,1,0,0,0,0,1,0,0,0,1,1,9,938
Influenza,Sichuan,15-24,Male,16,1,1,0,2,2022,Winter,Urban,1,0,1,0,0,0,1,1,1,1,0,1,706
Chickenpox,Henan,65+,Male,19,1,0,0,9,2022,Autumn,Rural,0,0,0,1,0,0,1,0,1,0,0,0,532
Mumps,Hunan,65+,Male,21,0,1,1,5,2021,Spring,Rural,1,0,0,1,0,1,0,0,0,1,1,29,860
Influenza,Sichuan,0-14,Female,17,0,0,1,1,2022,Winter,Rural,1,0,0,0,0,1,0,0,1,1,1,0,917
Brucellosis,Sichuan,25-44,Male,20,2,1,0,9,2021,Autumn,Rural,1,0,0,0,0,0,0,0,0,1,1,3,358
Measles,Shanghai,15-24,Male,26,0,1,1,1,2018,Winter,Rural,0,0,0,1,0,1,1,0,1,1,0,5,985
Measles,Shanghai,65+,Female,14,0,1,1,8,2019,Summer,Rural,1,0,0,0,0,0,0,0,0,1,0,12,718
Tuberculosis,Sichuan,25-44,Male,22,0,1,0,5,2022,Spring,Urban,1,0,0,1,1,1,1,0,0,1,0,0,547
COVID-19,Zhejiang,15-24,Male,16,1,0,0,11,2022,Autumn,Rural,0,0,0,0,0,0,0,0,0,1,0,0,346
Malaria,Henan,45-64,Female,23,0,1,1,12,2018,Winter,Urban,0,0,0,0,1,1,0,0,0,1,1,23,657
Measles,Hunan,45-64,Female,29,0,0,1,6,2022,Summer,Rural,1,1,0,1,0,1,0,0,0,1,1,0,948
Dysentery,Sichuan,15-24,Male,19,2,1,0,1,2018,Winter,Urban,1,0,0,0,0,1,0,0,0,1,0,6,982
COVID-19,Shandong,0-14,Female,23,0,1,1,2,2021,Winter,Rural,1,0,0,0,1,1,0,0,1,1,0,13,535
Syphilis,Henan,15-24,Female,26,1,1,0,7,2022,Summer,Urban,1,0,0,0,0,1,0,0,0,0,1,26,136
Hepatitis B,Shanghai,15-24,Male,17,0,1,1,2,2022,Winter,Rural,0,0,0,1,0,1,0,0,0,1,1,18,736
Brucellosis,Shandong,0-14,Female,10,0,1,1,5,2021,Spring,Urban,1,0,0,1,0,0,0,0,0,1,1,29,159
Mumps,Shanghai,0-14,Male,26,0,0,1,11,2022,Autumn,Urban,1,0,0,0,0,1,1,0,0,1,1,0,531
Malaria,Shanghai,25-44,Male,22,0,1,1,9,2020,Autumn,Urban,0,1,0,0,1,0,1,1,0,1,0,17,513
Rabies,Henan,25-44,Male,25,0,0,1,5,2018,Spring,Rural,1,0,0,0,0,0,0,1,0,1,0,0,315
Dysentery,Shanghai,0-14,Male,26,1,1,0,12,2019,Winter,Rural,0,0,0,1,0,1,1,0,0,1,0,25,708
Scarlet Fever,Yunnan,45-64,Female,28,0,1,1,3,2020,Spring,Rural,1,0,0,0,0,0,1,1,0,1,1,20,910
Chickenpox,Beijing,45-64,Male,16,1,0,0,11,2019,Autumn,Urban,1,0,0,0,0,1,1,0,0,1,1,0,237
HIV/AIDS,Yunnan,15-24,Male,20,0,0,1,6,2020,Summer,Rural,0,0,0,1,0,0,1,1,0,0,1,0,426
Measles,Beijing,65+,Male,21,0,0,1,7,2020,Summer,Urban,1,0,1,1,0,0,0,0,0,1,1,0,963
Rabies,Jiangsu,15-24,Male,22,0,1,1,10,2020,Autumn,Rural,1,0,0,0,0,0,0,0,0,1,0,6,101
Measles,Jiangsu,15-24,Female,20,0,0,0,11,2018,Autumn,Urban,0,0,0,0,0,1,0,0,0,0,0,0,683
Influenza,Shanghai,65+,Female,31,0,0,1,10,2019,Autumn,Urban,1,0,1,1,0,0,0,0,1,1,1,0,595
Dysentery,Hunan,0-14,Female,19,1,1,0,11,2021,Autumn,Urban,1,0,0,0,0,0,0,0,0,1,0,26,934
Influenza,Hunan,45-64,Male,23,0,1,1,8,2021,Summer,Rural,0,0,0,0,0,1,0,0,1,0,0,4,567
Tuberculosis,Beijing,15-24,Female,27,0,1,1,3,2022,Spring,Urban,0,0,0,0,0,1,1,1,0,1,0,6,325
Influenza,Shandong,65+,Female,19,0,1,1,11,2018,Autumn,Rural,0,1,0,1,1,0,0,0,0,1,1,5,338
Tuberculosis,Henan,25-44,Male,14,0,1,1,4,2018,Spring,Urban,0,0,0,0,0,0,0,0,0,1,0,16,273
Chickenpox,Shanghai,15-24,Female,25,0,0,0,10,2018,Autumn,Rural,1,0,0,1,0,0,1,0,0,1,0,0,472
Brucellosis,Henan,45-64,Male,17,0,1,1,4,2020,Spring,Urban,0,0,0,1,0,0,0,0,1,1,0,28,268
Tuberculosis,Yunnan,0-14,Female,19,0,0,1,2,2018,Winter,Urban,0,0,0,1,0,0,0,1,0,1,1,0,103
Rabies,Hunan,15-24,Female,21,1,1,0,7,2021,Summer,Urban,1,0,0,1,1,0,0,0,0,1,1,11,698
Measles,Yunnan,65+,Female,21,0,1,0,4,2020,Spring,Urban,1,1,1,0,1,0,1,0,0,1,0,11,621
HIV/AIDS,Yunnan,25-44,Male,28,0,1,1,4,2019,Spring,Urban,1,0,0,0,0,1,1,0,0,1,0,16,611
Mumps,Guangdong,0-14,Female,19,0,0,1,8,2019,Summer,Rural,1,0,0,0,0,0,1,0,0,1,0,0,201
Brucellosis,Yunnan,45-64,Male,22,0,1,0,6,2022,Summer,Urban,1,0,0,0,0,0,0,0,0,1,0,1,616
Influenza,Shanghai,0-14,Female,15,0,1,1,6,2020,Summer,Rural,1,0,0,1,1,0,0,0,1,1,0,0,173
Scarlet Fever,Sichuan,15-24,Female,24,2,1,0,11,2018,Autumn,Rural,0,0,0,1,0,1,0,0,0,1,1,1,701
Mumps,Sichuan,15-24,Female,10,0,1,1,9,2022,Autumn,Urban,1,0,1,0,0,0,1,0,0,0,1,12,212
Dysentery,Shanghai,25-44,Female,10,0,1,1,4,2022,Spring,Rural,1,0,0,0,0,0,1,1,1,1,1,27,179
Tuberculosis,Guangdong,45-64,Female,20,0,1,1,9,2019,Autumn,Urban,1,0,0,0,0,1,1,0,0,1,0,19,732
Measles,Guangdong,65+,Female,17,0,1,1,1,2021,Winter,Urban,0,0,1,0,0,1,0,0,0,1,1,16,542
Hepatitis B,Beijing,45-64,Male,18,0,1,1,11,2021,Autumn,Urban,1,0,0,1,0,1,0,0,0,1,0,28,541
Malaria,Hunan,15-24,Male,17,0,1,1,9,2021,Autumn,Rural,0,0,1,0,0,1,1,0,0,1,1,15,506
Rabies,Henan,65+,Female,19,0,1,1,1,2021,Winter,Rural,0,1,0,1,1,0,1,0,0,1,1,0,416
HIV/AIDS,Guangdong,45-64,Male,18,0,1,1,7,2020,Summer,Urban,1,1,1,0,0,1,1,1,1,1,0,16,383
Typhoid,Zhejiang,45-64,Female,23,0,1,1,6,2018,Summer,Urban,1,0,0,0,0,0,0,0,1,1,1,24,245
Rabies,Beijing,65+,Male,27,0,1,1,7,2018,Summer,Rural,1,0,0,0,0,0,0,0,1,1,0,13,919
Chickenpox,Jiangsu,15-24,Male,19,0,0,1,9,2020,Autumn,Rural,1,0,1,0,0,0,0,0,0,1,1,0,669
Hepatitis B,Shandong,45-64,Male,30,1,0,0,10,2019,Autumn,Urban,1,0,0,1,0,0,0,0,0,1,0,0,780
Scarlet Fever,Jiangsu,65+,Female,10,0,0,1,4,2018,Spring,Urban,1,0,0,0,0,0,0,0,0,1,1,0,814
Malaria,Beijing,15-24,Male,20,1,1,0,12,2022,Winter,Urban,0,0,0,0,0,1,1,0,0,1,0,17,837
Hepatitis B,Yunnan,65+,Female,17,0,1,1,9,2018,Autumn,Rural,1,1,0,0,0,0,0,0,0,1,1,6,593
Influenza,Henan,65+,Female,24,1,1,0,3,2020,Spring,Urban,1,0,0,0,1,1,1,0,0,1,1,0,690
Tuberculosis,Shandong,45-64,Female,23,0,1,1,10,2019,Autumn,Rural,0,1,1,1,0,0,1,0,0,1,0,16,868
Brucellosis,Jiangsu,15-24,Male,24,0,1,1,11,2018,Autumn,Urban,1,0,0,0,0,1,0,1,0,0,1,10,452
HIV/AIDS,Shandong,45-64,Male,17,0,1,1,11,2020,Autumn,Rural,1,0,0,0,0,0,0,0,0,1,0,24,172
Syphilis,Zhejiang,0-14,Male,22,0,1,1,9,2022,Autumn,Rural,0,0,0,1,0,0,1,1,0,1,0,16,719
Tuberculosis,Zhejiang,0-14,Female,21,0,1,1,1,2021,Winter,Urban,1,0,0,0,0,1,0,0,0,1,0,18,756
Syphilis,Zhejiang,15-24,Female,28,0,1,1,5,2022,Spring,Rural,1,0,0,1,0,1,0,0,1,1,1,5,562
Mumps,Beijing,65+,Male,24,0,1,1,10,2022,Autumn,Rural,1,0,0,0,0,0,1,0,0,1,1,19,359
Brucellosis,Henan,45-64,Female,23,0,1,1,5,2019,Spring,Urban,0,0,0,0,0,0,0,0,0,0,1,17,200
Malaria,Beijing,45-64,Male,18,0,0,0,1,2018,Winter,Rural,1,0,0,0,0,1,0,0,0,1,0,0,401
Measles,Sichuan,15-24,Male,25,0,1,0,1,2021,Winter,Rural,1,0,0,0,0,1,1,0,0,1,1,9,937
Typhoid,Yunnan,15-24,Male,19,0,1,1,3,2020,Spring,Urban,0,0,0,0,0,1,1,0,0,1,0,1,617
Dysentery,Yunnan,0-14,Male,24,0,1,1,9,2021,Autumn,Rural,1,1,0,0,0,1,0,0,0,1,0,1,438
Brucellosis,Sichuan,15-24,Male,21,0,1,1,6,2019,Summer,Urban,0,0,0,0,0,0,0,0,0,1,0,26,705
Tuberculosis,Guangdong,25-44,Male,16,0,1,1,9,2018,Autumn,Urban,1,0,0,1,0,1,0,0,1,1,0,5,219
HIV/AIDS,Guangdong,15-24,Male,20,1,1,0,4,2020,Spring,Urban,1,0,0,0,0,0,0,0,0,1,0,26,484
COVID-19,Zhejiang,65+,Male,18,0,1,1,4,2021,Spring,Rural,1,0,0,0,1,1,1,0,0,1,0,24,608
Chickenpox,Jiangsu,65+,Male,25,0,0,1,3,2022,Spring,Urban,0,0,1,0,0,1,1,0,1,0,1,0,812
Chickenpox,Beijing,0-14,Male,29,1,1,0,5,2018,Spring,Urban,0,0,0,0,0,1,0,1,0,0,1,6,800
Hepatitis B,Zhejiang,0-14,Male,22,0,1,1,5,2019,Spring,Urban,0,0,0,1,0,1,0,0,1,0,1,9,292
HIV/AIDS,Shandong,15-24,Female,18,1,0,0,10,2021,Autumn,Urban,0,1,0,0,0,1,0,0,0,1,0,0,924
Malaria,Yunnan,45-64,Female,11,1,1,0,7,2022,Summer,Urban,0,0,1,1,1,0,0,0,0,1,1,7,519
Mumps,Guangdong,0-14,Female,20,0,0,1,7,2020,Summer,Urban,1,1,1,1,0,1,1,1,0,0,1,0,124
Syphilis,Shanghai,45-64,Male,25,0,1,1,6,2022,Summer,Rural,0,0,0,1,0,1,0,0,0,1,1,29,627
Hepatitis B,Guangdong,45-64,Female,29,0,1,1,4,2021,Spring,Rural,0,0,0,0,0,0,0,0,0,1,0,28,831
Chickenpox,Yunnan,15-24,Female,29,0,1,1,7,2022,Summer,Urban,0,0,1,0,1,0,0,1,1,0,1,20,616
Dysentery,Shandong,25-44,Female,22,0,1,1,2,2021,Winter,Urban,1,1,0,0,0,1,1,1,0,1,1,1,979
Dysentery,Yunnan,15-24,Male,24,0,1,1,12,2022,Winter,Rural,1,0,0,1,0,1,1,1,1,1,0,26,249
Tuberculosis,Shanghai,0-14,Female,13,1,1,0,9,2018,Autumn,Urban,0,0,0,0,0,1,0,0,0,1,1,18,881
Malaria,Zhejiang,45-64,Female,17,1,1,0,7,2019,Summer,Rural,1,0,0,0,0,1,0,0,0,1,0,9,556
Measles,Sichuan,15-24,Male,21,0,1,1,2,2021,Winter,Urban,0,0,0,0,0,1,0,0,0,1,0,3,561
Chickenpox,Shanghai,15-24,Female,16,0,1,1,10,2021,Autumn,Rural,0,0,0,0,0,1,1,0,1,0,0,16,691
Scarlet Fever,Yunnan,15-24,Male,14,0,0,1,2,2019,Winter,Urban,0,0,0,0,0,1,1,0,0,0,0,0,738
Malaria,Yunnan,0-14,Female,25,0,0,1,6,2020,Summer,Rural,1,1,0,1,0,0,0,1,0,1,0,0,835
Mumps,Hunan,25-44,Male,20,0,1,1,11,2021,Autumn,Rural,1,1,0,0,0,1,1,1,1,1,1,9,937
Syphilis,Hunan,15-24,Female,16,0,0,0,7,2018,Summer,Urban,1,1,0,1,0,0,1,0,1,1,0,0,884
HIV/AIDS,Henan,0-14,Female,21,0,1,1,9,2022,Autumn,Rural,0,0,0,0,0,1,1,0,0,1,0,10,356
Chickenpox,Beijing,65+,Male,14,0,1,1,8,2021,Summer,Urban,1,0,1,0,0,0,1,0,0,0,0,12,686
COVID-19,Sichuan,0-14,Female,22,0,1,1,10,2020,Autumn,Rural,0,0,0,0,0,1,0,0,0,1,1,19,110
Dysentery,Shandong,65+,Male,25,0,1,1,2,2021,Winter,Rural,0,0,0,1,0,1,0,0,0,0,1,1,703
HIV/AIDS,Shanghai,15-24,Male,19,0,1,1,6,2020,Summer,Rural,0,0,0,1,0,0,0,0,0,1,1,1,879
HIV/AIDS,Yunnan,15-24,Male,19,1,1,0,4,2019,Spring,Rural,1,1,0,1,0,0,0,0,0,1,0,13,261
HIV/AIDS,Henan,0-14,Male,11,0,1,1,8,2022,Summer,Urban,1,0,0,0,1,0,0,0,1,0,1,20,691
Dysentery,Henan,65+,Female,19,0,0,1,9,2018,Autumn,Rural,1,1,0,0,0,1,0,1,0,1,0,0,813
Mumps,Shandong,15-24,Female,17,0,0,0,2,2020,Winter,Rural,1,0,0,0,0,0,0,1,0,1,0,0,861
Rabies,Shanghai,25-44,Male,13,2,1,0,7,2019,Summer,Rural,1,0,0,1,0,1,0,0,0,0,0,13,977
COVID-19,Guangdong,25-44,Female,15,0,1,1,8,2021,Summer,Urban,0,0,0,1,0,1,0,1,0,1,1,7,353
Influenza,Hunan,15-24,Male,20,0,1,1,5,2020,Spring,Rural,0,0,0,1,1,0,1,0,0,1,0,17,714
Syphilis,Zhejiang,65+,Male,19,0,1,1,11,2022,Autumn,Urban,1,1,0,0,0,0,0,1,0,1,0,4,317
Scarlet Fever,Henan,15-24,Male,15,0,1,1,3,2020,Spring,Urban,0,0,0,0,0,0,0,0,0,1,1,2,909
Rabies,Hunan,65+,Female,15,0,1,1,1,2021,Winter,Rural,1,0,0,1,0,0,1,1,1,1,1,21,845
Syphilis,Hunan,45-64,Female,20,0,1,1,4,2021,Spring,Urban,0,0,0,0,0,1,1,0,0,0,1,5,241
Hepatitis B,Beijing,65+,Male,18,0,0,1,3,2022,Spring,Rural,1,0,0,0,0,0,0,0,1,1,1,0,492
Malaria,Sichuan,15-24,Female,21,1,1,0,2,2022,Winter,Rural,0,0,0,0,1,0,0,0,0,1,1,0,340
Malaria,Zhejiang,45-64,Female,18,0,1,1,6,2019,Summer,Rural,0,0,0,0,1,0,0,0,0,0,0,20,182
Typhoid,Guangdong,0-14,Male,27,0,1,1,7,2018,Summer,Urban,0,0,1,0,0,1,1,0,1,1,0,4,453
Malaria,Yunnan,25-44,Male,17,1,0,0,10,2020,Autumn,Urban,0,0,1,0,0,0,0,0,0,1,0,0,978
Dysentery,Hunan,15-24,Male,22,0,1,0,12,2018,Winter,Urban,1,0,0,1,0,1,0,0,0,1,0,1,227
Scarlet Fever,Hunan,15-24,Male,28,0,1,1,8,2019,Summer,Urban,1,1,0,0,0,1,0,1,0,1,1,2,896
Measles,Jiangsu,45-64,Female,14,0,1,1,2,2022,Winter,Urban,1,0,0,0,0,1,1,0,0,1,0,3,127
Tuberculosis,Zhejiang,0-14,Female,21,0,0,1,11,2022,Autumn,Urban,0,0,0,0,0,0,0,0,0,1,0,0,851
Typhoid,Zhejiang,65+,Male,14,0,1,1,12,2021,Winter,Rural,1,0,1,0,0,1,0,0,0,1,0,22,340
Brucellosis,Jiangsu,0-14,Female,17,0,1,1,10,2020,Autumn,Rural,0,0,0,1,0,1,1,0,0,1,1,25,443
Brucellosis,Zhejiang,45-64,Male,17,0,1,0,6,2020,Summer,Rural,0,0,0,1,0,0,0,0,0,1,0,27,191
Tuberculosis,Hunan,15-24,Male,31,1,1,0,6,2020,Summer,Urban,1,0,0,1,0,0,0,0,1,1,1,1,205
Syphilis,Henan,25-44,Female,26,0,1,1,10,2019,Autumn,Rural,1,0,0,0,0,0,0,0,0,1,0,15,847
Tuberculosis,Shanghai,15-24,Male,30,1,0,0,12,2019,Winter,Rural,0,0,0,0,0,0,0,0,0,0,0,0,221
Tuberculosis,Hunan,65+,Male,19,0,1,1,1,2020,Winter,Rural,1,1,0,0,0,0,0,0,1,1,0,25,175
Brucellosis,Beijing,25-44,Male,21,0,1,1,2,2021,Winter,Urban,1,0,0,0,0,0,0,1,0,1,1,22,438
Typhoid,Sichuan,15-24,Female,21,0,1,0,9,2018,Autumn,Urban,1,0,0,0,0,0,0,0,0,1,0,7,361
Hepatitis B,Jiangsu,25-44,Female,10,0,1,1,8,2019,Summer,Urban,0,0,0,1,0,0,0,1,0,0,0,1,869
COVID-19,Guangdong,0-14,Female,19,0,1,0,12,2020,Winter,Rural,0,0,0,1,0,1,1,0,0,1,1,26,664
HIV/AIDS,Yunnan,45-64,Male,22,1,1,0,4,2022,Spring,Rural,1,1,0,0,0,1,0,0,1,1,0,2,355
Malaria,Guangdong,15-24,Male,19,0,1,1,6,2019,Summer,Rural,1,1,0,1,0,0,1,0,0,1,1,13,981
Malaria,Hunan,65+,Female,21,0,1,1,2,2018,Winter,Urban,1,1,1,0,0,0,1,0,0,1,1,6,458
Dysentery,Beijing,0-14,Female,30,0,1,0,12,2019,Winter,Rural,1,0,0,0,0,0,1,1,0,1,0,12,386
Typhoid,Hunan,15-24,Female,23,0,0,1,5,2018,Spring,Urban,0,0,1,0,0,0,0,0,0,1,0,0,136
Dysentery,Sichuan,0-14,Male,13,0,1,1,2,2018,Winter,Urban,1,0,0,0,0,1,1,0,0,1,1,15,795
Measles,Henan,65+,Female,29,1,1,0,5,2019,Spring,Urban,0,0,0,1,0,1,0,0,0,1,1,2,729
Measles,Yunnan,15-24,Male,21,1,1,0,7,2018,Summer,Rural,1,1,0,0,0,0,0,0,0,1,0,25,576
Dysentery,Sichuan,65+,Female,18,0,1,1,7,2019,Summer,Urban,1,0,0,0,0,0,0,0,1,1,1,4,779
Typhoid,Jiangsu,25-44,Male,21,0,1,1,9,2019,Autumn,Rural,1,0,1,0,0,0,0,1,0,1,1,22,751
Dysentery,Jiangsu,65+,Male,16,0,1,1,3,2021,Spring,Urban,0,1,0,0,0,1,0,0,1,1,0,2,860
Malaria,Hunan,25-44,Female,29,0,1,1,12,2022,Winter,Rural,0,0,0,1,0,1,1,0,1,1,1,23,666
Rabies,Beijing,15-24,Male,19,0,1,0,4,2018,Spring,Urban,1,0,0,0,0,1,0,0,0,0,0,27,836
Influenza,Sichuan,25-44,Female,25,1,1,0,9,2019,Autumn,Rural,1,0,0,0,1,1,0,0,0,1,0,14,796
Brucellosis,Shandong,15-24,Male,25,1,1,0,8,2018,Summer,Rural,0,1,0,1,0,1,0,0,0,1,0,19,466
Brucellosis,Beijing,15-24,Male,26,1,1,0,12,2019,Winter,Urban,1,0,0,0,0,0,0,1,0,1,0,10,784
Scarlet Fever,Henan,45-64,Female,15,0,1,1,7,2019,Summer,Rural,1,1,0,0,0,0,1,0,1,1,0,29,124
Tuberculosis,Jiangsu,15-24,Male,17,0,0,1,8,2019,Summer,Rural,1,0,0,0,0,1,0,0,0,0,0,0,781
Influenza,Hunan,25-44,Female,26,0,0,1,9,2022,Autumn,Urban,1,0,0,0,0,0,0,0,1,0,0,0,245
Typhoid,Jiangsu,45-64,Female,18,0,1,1,4,2022,Spring,Rural,1,0,1,0,0,0,1,0,0,1,1,21,885
Mumps,Yunnan,15-24,Male,29,0,1,1,5,2022,Spring,Urban,1,0,0,0,0,0,1,0,0,1,1,12,746
Influenza,Shanghai,65+,Male,18,0,1,1,9,2022,Autumn,Rural,1,1,0,0,0,0,1,0,0,1,0,28,690
Scarlet Fever,Zhejiang,65+,Male,17,0,1,1,7,2022,Summer,Urban,0,0,0,0,0,1,0,0,0,0,1,1,385
Measles,Hunan,45-64,Female,24,0,1,1,4,2021,Spring,Urban,1,1,0,1,0,0,1,0,1,1,0,26,488
Syphilis,Shandong,15-24,Female,24,1,0,0,6,2018,Summer,Urban,1,1,1,0,0,0,0,0,0,1,0,0,296
Tuberculosis,Zhejiang,65+,Male,24,0,1,1,11,2018,Autumn,Rural,1,0,0,0,0,0,0,0,1,1,0,8,516
Scarlet Fever,Yunnan,15-24,Male,24,0,1,1,1,2019,Winter,Urban,0,1,0,1,0,1,0,0,0,0,1,29,105
HIV/AIDS,Beijing,15-24,Female,16,1,0,0,1,2018,Winter,Rural,1,0,0,0,0,0,0,0,0,1,0,0,403
Mumps,Shandong,45-64,Male,18,0,1,1,9,2022,Autumn,Rural,0,0,1,0,0,1,1,0,0,1,0,3,971
Typhoid,Jiangsu,45-64,Female,28,0,1,1,8,2020,Summer,Urban,0,0,1,0,0,0,1,0,0,1,0,20,487
Tuberculosis,Shandong,0-14,Male,24,0,1,1,1,2018,Winter,Urban,0,0,0,0,0,0,1,0,0,1,1,24,752
COVID-19,Sichuan,65+,Female,28,0,1,1,11,2020,Autumn,Urban,1,1,1,0,0,0,1,0,0,1,0,25,717
Influenza,Yunnan,65+,Male,23,0,1,1,2,2021,Winter,Urban,1,0,0,1,1,0,0,0,0,1,0,26,893
Measles,Zhejiang,65+,Male,16,1,1,0,4,2019,Spring,Urban,0,1,0,1,1,0,1,1,1,1,1,1,631
Hepatitis B,Sichuan,25-44,Female,19,1,1,0,1,2019,Winter,Rural,1,0,1,1,0,0,0,0,0,1,0,15,771
Rabies,Shandong,15-24,Female,21,0,1,1,2,2019,Winter,Urban,0,1,0,0,0,0,0,0,0,1,0,4,323
HIV/AIDS,Sichuan,45-64,Female,17,0,1,1,5,2021,Spring,Rural,1,0,0,1,0,0,1,0,1,1,0,19,725
Mumps,Guangdong,65+,Male,22,1,0,0,8,2022,Summer,Rural,1,0,0,0,0,1,1,0,1,1,1,0,584
Rabies,Yunnan,0-14,Female,24,0,1,1,6,2020,Summer,Urban,0,0,1,1,0,1,0,0,0,1,1,1,719
Tuberculosis,Henan,65+,Female,24,0,1,1,6,2018,Summer,Urban,0,1,0,0,1,0,0,0,0,1,0,13,349
Measles,Beijing,15-24,Male,17,1,1,0,4,2022,Spring,Rural,0,0,0,0,0,0,0,0,0,1,1,14,572
Measles,Shandong,15-24,Female,14,1,1,0,2,2019,Winter,Rural,0,0,0,0,0,1,1,0,1,1,1,24,792
Scarlet Fever,Yunnan,45-64,Female,26,1,1,0,3,2019,Spring,Urban,0,1,0,0,0,1,1,1,0,1,1,9,164
Brucellosis,Henan,25-44,Female,25,0,0,1,6,2022,Summer,Rural,1,1,0,1,0,1,1,1,0,1,1,0,742
Brucellosis,Henan,45-64,Male,15,0,1,1,6,2020,Summer,Rural,1,1,0,1,0,0,1,0,0,1,1,15,970
Influenza,Hunan,65+,Male,20,1,0,0,5,2022,Spring,Rural,1,0,1,1,0,0,0,0,1,0,0,0,504
Scarlet Fever,Sichuan,0-14,Male,14,0,0,1,6,2021,Summer,Urban,0,0,0,0,0,1,0,0,0,1,1,0,398
Malaria,Henan,45-64,Female,12,1,0,0,11,2019,Autumn,Rural,1,0,0,0,0,0,1,0,0,1,0,0,892
Influenza,Guangdong,25-44,Male,19,0,1,1,6,2020,Summer,Rural,0,0,0,0,0,0,1,0,0,0,1,23,599
Malaria,Yunnan,45-64,Female,28,1,0,0,1,2018,Winter,Rural,1,1,0,1,0,1,0,1,0,1,0,0,952
Brucellosis,Shanghai,15-24,Female,24,0,1,0,6,2019,Summer,Urban,1,0,0,0,0,1,0,1,1,1,0,20,466
Scarlet Fever,Shanghai,65+,Female,23,0,1,1,5,2022,Spring,Urban,0,1,1,0,0,1,0,0,1,1,0,13,587
Malaria,Shandong,65+,Male,29,0,1,1,8,2020,Summer,Rural,1,0,0,0,0,0,0,0,1,0,0,19,832
HIV/AIDS,Jiangsu,65+,Male,25,0,0,0,9,2019,Autumn,Rural,1,0,0,0,0,0,1,0,1,1,0,0,697
Scarlet Fever,Sichuan,65+,Female,13,0,1,1,6,2018,Summer,Rural,1,1,0,0,0,1,0,0,1,1,0,12,250
Brucellosis,Jiangsu,65+,Female,15,0,1,1,12,2018,Winter,Urban,1,0,0,0,0,1,0,0,0,1,0,18,880
Influenza,Henan,65+,Male,25,1,1,0,12,2022,Winter,Urban,1,0,0,1,0,1,0,0,0,1,1,1,581
Chickenpox,Yunnan,0-14,Male,20,0,1,1,10,2021,Autumn,Rural,1,0,1,0,1,0,1,1,0,1,1,25,122
Scarlet Fever,Shandong,25-44,Male,26,0,1,1,4,2022,Spring,Rural,0,0,0,0,0,0,0,0,0,1,0,4,162
Hepatitis B,Zhejiang,65+,Female,17,0,0,1,3,2020,Spring,Rural,1,0,1,0,0,1,1,0,0,1,0,0,710
Mumps,Henan,25-44,Male,16,1,0,0,10,2022,Autumn,Rural,1,0,0,0,0,0,0,0,1,1,1,0,694
Brucellosis,Sichuan,65+,Male,20,0,0,1,12,2020,Winter,Rural,1,0,0,1,0,0,1,0,1,1,0,0,626
Dysentery,Shanghai,45-64,Male,27,0,1,1,1,2021,Winter,Rural,1,0,0,1,0,1,0,0,1,1,1,22,216
Dysentery,Hunan,65+,Female,15,1,1,0,7,2022,Summer,Rural,1,0,1,0,0,0,1,0,0,1,0,20,562
Influenza,Yunnan,15-24,Male,19,0,1,1,5,2018,Spring,Urban,0,0,0,0,0,1,0,0,1,1,0,25,343
Influenza,Beijing,0-14,Female,16,0,1,1,4,2020,Spring,Urban,0,1,0,1,0,1,0,0,1,1,0,24,893
Rabies,Jiangsu,45-64,Female,22,0,1,1,9,2020,Autumn,Urban,0,0,0,1,0,1,1,0,1,1,0,23,970
Mumps,Shandong,45-64,Female,22,0,0,1,7,2018,Summer,Rural,0,0,0,0,0,0,0,0,0,0,0,0,550
Mumps,Jiangsu,15-24,Male,14,0,1,1,10,2022,Autumn,Urban,0,0,0,0,0,1,1,0,0,1,1,1,604
HIV/AIDS,Yunnan,65+,Male,16,1,0,0,8,2021,Summer,Rural,0,0,0,1,0,0,1,1,0,1,1,0,436
Influenza,Jiangsu,0-14,Male,11,1,0,0,4,2019,Spring,Urban,0,0,0,0,0,0,0,0,0,0,0,0,705
Mumps,Yunnan,45-64,Female,23,0,1,0,10,2022,Autumn,Urban,0,1,0,1,1,0,0,0,1,1,1,10,672
COVID-19,Jiangsu,0-14,Male,21,0,0,1,12,2022,Winter,Urban,0,0,0,0,0,0,1,0,0,1,1,0,767
Rabies,Guangdong,45-64,Female,17,0,0,1,10,2020,Autumn,Urban,1,0,0,1,0,1,1,0,0,1,0,0,389
Malaria,Zhejiang,65+,Male,21,0,1,0,8,2020,Summer,Urban,1,0,0,0,0,0,0,0,1,1,1,24,755
Measles,Henan,45-64,Male,21,0,1,1,4,2021,Spring,Rural,1,0,0,0,0,0,0,0,0,1,1,9,526
Measles,Henan,45-64,Male,15,1,1,0,1,2021,Winter,Rural,0,0,0,0,0,1,1,0,0,1,1,13,332
Malaria,Sichuan,25-44,Male,18,0,1,1,11,2021,Autumn,Urban,1,0,0,0,0,1,1,0,1,1,1,1,750
Typhoid,Beijing,65+,Female,24,0,1,1,8,2018,Summer,Rural,1,0,0,0,0,1,0,0,1,1,0,4,763
Brucellosis,Beijing,15-24,Female,29,0,1,1,1,2019,Winter,Urban,1,0,0,1,0,1,0,0,1,1,1,14,570
Rabies,Sichuan,15-24,Female,19,0,1,1,12,2019,Winter,Urban,0,0,0,0,0,1,1,0,0,1,0,9,508
COVID-19,Hunan,65+,Female,21,0,1,1,3,2021,Spring,Urban,1,0,0,0,0,0,1,0,0,1,1,14,328
Mumps,Henan,15-24,Male,10,0,1,1,7,2020,Summer,Rural,0,0,0,0,1,1,1,0,0,1,0,1,688
Chickenpox,Hunan,65+,Female,17,0,1,1,3,2019,Spring,Urban,0,0,0,0,0,1,0,1,1,0,1,23,389
Rabies,Yunnan,15-24,Female,22,0,1,1,8,2022,Summer,Urban,1,0,0,1,0,0,1,0,1,1,0,10,473
Scarlet Fever,Yunnan,25-44,Female,21,0,1,1,5,2018,Spring,Rural,0,0,0,0,0,0,1,0,1,0,0,17,933
Malaria,Shanghai,15-24,Male,26,0,1,0,3,2020,Spring,Urban,0,0,0,0,0,1,1,0,1,1,1,5,299
Hepatitis B,Beijing,65+,Female,25,1,1,0,5,2022,Spring,Rural,1,1,1,0,0,1,0,0,0,1,1,1,686
Syphilis,Shanghai,0-14,Male,23,0,1,1,8,2019,Summer,Rural,1,0,0,0,0,0,0,0,0,1,1,16,421
Tuberculosis,Zhejiang,0-14,Male,18,0,1,1,12,2018,Winter,Rural,1,1,0,1,0,1,0,0,0,1,1,21,969
Brucellosis,Sichuan,65+,Female,22,1,1,0,9,2018,Autumn,Rural,0,0,0,0,0,1,0,1,0,0,1,4,793
Malaria,Sichuan,25-44,Female,16,0,1,1,6,2018,Summer,Rural,1,0,1,1,0,0,0,0,0,1,0,19,865
Chickenpox,Yunnan,15-24,Male,21,0,1,1,10,2022,Autumn,Rural,0,0,0,0,0,1,0,0,0,1,1,13,891
Mumps,Henan,25-44,Female,21,0,0,0,3,2020,Spring,Rural,1,0,1,0,0,1,1,0,0,1,1,0,687
Chickenpox,Hunan,0-14,Male,31,0,0,1,2,2020,Winter,Rural,0,0,0,0,0,0,0,0,0,1,1,0,841
Chickenpox,Beijing,65+,Female,27,0,1,1,11,2022,Autumn,Rural,1,0,0,0,0,0,0,0,0,1,0,8,435
Influenza,Shanghai,65+,Female,18,0,0,1,3,2018,Spring,Rural,0,1,0,1,0,1,0,1,0,1,1,0,278
Influenza,Hunan,25-44,Female,27,1,1,0,9,2018,Autumn,Rural,1,1,0,0,0,1,1,1,0,1,0,17,763
HIV/AIDS,Shanghai,25-44,Female,21,0,1,1,7,2021,Summer,Rural,1,0,1,0,1,0,0,1,0,1,0,0,533
Malaria,Jiangsu,15-24,Female,25,0,1,1,11,2019,Autumn,Rural,1,1,0,0,0,0,1,1,0,1,0,6,972
HIV/AIDS,Zhejiang,45-64,Male,25,1,1,0,11,2019,Autumn,Rural,1,0,0,0,0,0,1,0,0,1,0,29,537
Malaria,Zhejiang,45-64,Male,19,1,1,0,9,2020,Autumn,Rural,1,0,0,0,0,0,0,0,0,1,1,4,884
Brucellosis,Hunan,15-24,Female,15,1,1,0,6,2022,Summer,Rural,1,0,0,0,0,0,0,0,0,1,1,14,579
Rabies,Hunan,45-64,Female,25,1,0,0,8,2018,Summer,Urban,1,1,0,0,0,1,0,0,1,0,1,0,567
Tuberculosis,Hunan,0-14,Female,21,0,1,1,10,2019,Autumn,Urban,0,0,0,0,1,0,0,0,1,1,1,25,596
Chickenpox,Shanghai,45-64,Male,14,1,1,0,11,2022,Autumn,Rural,0,0,0,0,0,1,1,0,0,1,1,12,518
Brucellosis,Jiangsu,15-24,Male,19,0,1,1,9,2022,Autumn,Rural,0,0,0,0,0,1,0,1,0,1,0,13,641
Rabies,Guangdong,45-64,Male,26,0,1,1,3,2018,Spring,Urban,0,1,0,0,0,1,1,0,0,1,1,24,274
Syphilis,Hunan,65+,Male,24,0,1,1,7,2022,Summer,Urban,0,0,1,0,0,1,0,0,1,1,1,3,397
Measles,Henan,25-44,Male,13,0,0,1,9,2019,Autumn,Rural,1,0,0,0,0,1,0,0,0,1,1,0,377
Dysentery,Beijing,0-14,Male,17,1,0,0,2,2021,Winter,Rural,1,0,0,1,0,0,0,0,0,1,1,0,130
Scarlet Fever,Beijing,65+,Male,13,0,1,1,12,2019,Winter,Urban,1,0,0,0,0,1,1,0,1,1,1,12,150
COVID-19,Shanghai,65+,Male,24,0,1,1,7,2021,Summer,Rural,1,0,0,0,0,0,0,1,0,0,1,12,776
Malaria,Hunan,15-24,Female,22,0,1,1,5,2022,Spring,Urban,1,0,0,0,0,0,0,0,0,1,0,17,955
Syphilis,Yunnan,25-44,Male,13,0,0,1,8,2019,Summer,Rural,1,1,0,0,0,1,0,1,1,1,0,0,700
Measles,Sichuan,25-44,Male,22,0,0,1,4,2018,Spring,Urban,1,0,1,0,0,0,1,0,0,1,1,0,735
Mumps,Guangdong,0-14,Male,19,0,1,1,1,2022,Winter,Rural,1,0,0,0,0,1,0,0,0,1,0,1,258
Typhoid,Henan,15-24,Male,24,1,0,0,11,2018,Autumn,Rural,0,0,0,0,0,1,0,0,1,1,0,0,199
Tuberculosis,Jiangsu,0-14,Female,20,0,1,1,10,2021,Autumn,Urban,1,0,0,0,0,0,1,0,1,1,0,10,241
COVID-19,Yunnan,45-64,Male,18,0,1,1,8,2020,Summer,Rural,1,0,1,0,1,1,0,0,0,0,0,24,216
HIV/AIDS,Zhejiang,65+,Female,20,0,0,1,6,2020,Summer,Urban,1,0,0,0,0,0,1,0,0,0,0,0,567
HIV/AIDS,Yunnan,0-14,Female,16,0,1,1,8,2021,Summer,Urban,1,0,0,0,0,0,0,0,0,1,0,27,138
Rabies,Shanghai,65+,Female,18,0,1,1,3,2020,Spring,Urban,1,0,0,1,0,1,0,0,0,1,0,12,447
COVID-19,Guangdong,15-24,Male,18,0,1,0,8,2022,Summer,Rural,1,0,0,0,0,0,0,0,0,0,1,15,265
Influenza,Shandong,45-64,Male,18,0,1,1,8,2022,Summer,Urban,1,0,0,0,0,0,1,0,0,1,0,18,206
Measles,Shandong,15-24,Male,27,0,1,1,12,2019,Winter,Rural,1,1,0,0,0,0,1,0,0,1,0,14,942
Typhoid,Hunan,45-64,Female,17,0,0,1,1,2022,Winter,Urban,1,0,0,1,0,1,1,1,0,1,0,0,885
Syphilis,Hunan,45-64,Female,28,0,1,1,4,2020,Spring,Urban,1,0,0,0,0,0,0,0,1,1,0,11,650
Tuberculosis,Shanghai,65+,Female,21,0,0,1,7,2018,Summer,Urban,1,0,0,0,0,1,1,0,0,1,1,0,694
Brucellosis,Jiangsu,15-24,Female,11,0,1,1,11,2019,Autumn,Urban,0,1,0,1,0,0,0,0,0,1,0,7,603
Measles,Hunan,15-24,Male,14,0,1,1,1,2018,Winter,Rural,1,1,0,0,0,1,0,0,0,1,1,26,422
Typhoid,Sichuan,0-14,Male,24,1,0,0,3,2020,Spring,Rural,1,0,1,0,0,0,0,0,0,1,0,0,908
Dysentery,Guangdong,15-24,Male,18,0,1,1,3,2018,Spring,Rural,1,0,0,0,0,1,0,0,1,1,1,1,913
Malaria,Shanghai,0-14,Female,17,0,1,1,6,2020,Summer,Rural,1,0,0,0,0,0,0,0,1,1,1,21,601
Brucellosis,Beijing,25-44,Female,21,0,1,1,5,2022,Spring,Rural,0,0,0,0,0,0,0,0,0,1,0,7,254
HIV/AIDS,Zhejiang,25-44,Male,20,0,1,1,12,2019,Winter,Rural,1,0,0,0,0,1,0,1,0,1,1,4,221
Brucellosis,Shanghai,25-44,Male,19,0,1,1,11,2021,Autumn,Urban,1,0,1,0,0,1,0,0,0,1,1,23,122
Syphilis,Shanghai,15-24,Female,17,1,0,0,7,2020,Summer,Rural,1,0,0,0,0,1,1,0,0,1,0,0,134
HIV/AIDS,Shandong,15-24,Male,18,1,0,0,3,2022,Spring,Rural,0,0,0,0,0,1,1,0,1,0,1,0,329
Syphilis,Henan,0-14,Male,18,1,1,0,11,2018,Autumn,Rural,0,1,0,0,0,0,0,0,0,1,1,11,590
Rabies,Jiangsu,45-64,Female,12,1,0,0,1,2022,Winter,Rural,0,0,0,0,0,0,1,0,0,1,1,0,240
Influenza,Henan,0-14,Female,26,0,0,1,11,2018,Autumn,Rural,1,0,0,0,0,1,1,0,1,1,0,0,481
Syphilis,Sichuan,25-44,Female,18,0,0,1,3,2018,Spring,Rural,0,0,0,1,0,0,0,0,1,1,1,0,381
HIV/AIDS,Beijing,0-14,Male,22,0,1,1,8,2018,Summer,Urban,1,0,0,0,0,1,0,0,0,1,1,8,305
Rabies,Shandong,45-64,Female,24,1,1,0,5,2018,Spring,Urban,0,0,0,0,0,0,1,0,0,1,0,9,262
Syphilis,Beijing,15-24,Male,21,0,1,1,3,2019,Spring,Rural,0,0,1,1,0,0,1,0,1,1,1,20,524
Dysentery,Sichuan,0-14,Male,23,0,1,1,8,2018,Summer,Urban,0,0,0,0,0,0,0,0,1,1,1,12,233
Brucellosis,Henan,25-44,Female,18,0,1,1,6,2019,Summer,Rural,1,0,1,0,0,0,0,0,0,0,1,9,683
Influenza,Shanghai,25-44,Male,17,1,1,0,3,2021,Spring,Urban,0,0,0,0,0,0,1,0,1,1,0,27,663
Syphilis,Hunan,15-24,Female,20,0,1,1,5,2019,Spring,Rural,1,0,0,1,0,0,0,0,0,1,0,9,587
Rabies,Hunan,0-14,Female,15,0,1,1,1,2018,Winter,Urban,1,0,0,0,0,0,0,0,0,1,0,13,664
Mumps,Yunnan,45-64,Male,20,1,1,0,6,2021,Summer,Urban,0,0,0,1,0,0,0,0,1,1,1,18,594
Measles,Zhejiang,15-24,Male,30,0,1,1,12,2022,Winter,Rural,1,0,1,0,0,1,1,0,0,1,1,18,562
Hepatitis B,Jiangsu,0-14,Female,18,2,0,0,9,2019,Autumn,Rural,1,1,0,0,0,0,0,0,0,0,1,0,786
Typhoid,Sichuan,65+,Female,17,0,1,1,12,2022,Winter,Urban,1,0,0,1,0,1,1,0,0,1,0,1,179
Hepatitis B,Zhejiang,25-44,Female,17,0,0,1,7,2021,Summer,Rural,0,1,0,1,0,0,0,1,0,1,0,0,192
Mumps,Jiangsu,45-64,Female,19,1,1,0,11,2019,Autumn,Rural,1,0,0,0,1,0,1,1,0,1,0,0,163
Hepatitis B,Zhejiang,45-64,Female,27,0,0,1,8,2018,Summer,Rural,1,0,0,0,0,0,0,0,0,1,0,0,645
Mumps,Henan,45-64,Female,14,0,0,1,6,2019,Summer,Rural,0,1,1,0,0,0,0,0,1,1,1,0,609
Tuberculosis,Jiangsu,25-44,Male,13,0,0,1,11,2018,Autumn,Rural,1,0,1,0,0,1,1,0,0,1,0,0,384
Mumps,Henan,0-14,Male,14,0,1,1,5,2020,Spring,Rural,1,0,0,0,0,1,1,1,0,1,0,29,518
Mumps,Shanghai,15-24,Male,18,0,0,1,12,2019,Winter,Urban,0,0,0,0,0,1,1,0,0,0,0,0,915
Chickenpox,Shandong,0-14,Male,26,0,0,1,6,2019,Summer,Rural,1,1,0,0,0,1,0,0,0,1,0,0,813
Mumps,Henan,15-24,Female,23,0,0,1,7,2022,Summer,Rural,1,0,0,0,0,0,0,0,0,0,1,0,727
Dysentery,Hunan,45-64,Male,16,1,1,0,9,2022,Autumn,Urban,1,0,0,0,0,0,0,0,0,0,1,9,292
Measles,Zhejiang,0-14,Male,12,0,1,1,8,2021,Summer,Urban,0,0,1,0,0,0,0,0,1,1,1,1,552
Malaria,Yunnan,45-64,Female,16,0,1,1,5,2018,Spring,Urban,0,0,1,0,1,0,1,0,1,1,0,7,550
Syphilis,Guangdong,65+,Male,14,0,1,1,7,2022,Summer,Rural,0,1,0,1,0,1,0,1,0,1,1,4,458
Typhoid,Jiangsu,45-64,Female,20,0,0,1,8,2021,Summer,Urban,1,0,1,0,0,1,0,0,0,1,1,0,497
Influenza,Sichuan,45-64,Female,21,1,1,0,1,2018,Winter,Urban,1,0,0,1,0,1,1,1,0,1,1,18,273
Measles,Yunnan,15-24,Female,15,0,1,1,8,2018,Summer,Urban,1,0,0,1,0,1,1,1,1,1,0,26,126
HIV/AIDS,Hunan,65+,Female,14,1,1,0,11,2018,Autumn,Urban,0,0,0,0,0,1,0,0,0,0,1,29,512
Malaria,Henan,45-64,Female,23,0,1,1,7,2020,Summer,Urban,1,0,0,0,1,1,1,0,0,0,0,24,356
Tuberculosis,Shandong,45-64,Male,17,0,1,1,11,2018,Autumn,Urban,1,0,0,1,1,1,0,0,0,1,1,1,949
Tuberculosis,Shanghai,65+,Male,19,0,1,1,12,2021,Winter,Urban,0,0,0,1,0,0,0,0,0,0,1,19,742
Scarlet Fever,Guangdong,65+,Male,22,0,1,1,12,2018,Winter,Urban,0,0,0,0,0,1,0,0,0,1,0,22,637
Brucellosis,Beijing,0-14,Female,23,0,1,1,2,2018,Winter,Rural,0,0,0,1,0,1,0,0,1,1,0,23,504
Mumps,Yunnan,15-24,Male,17,0,1,0,2,2021,Winter,Rural,1,0,0,0,0,1,1,0,0,1,1,10,729
Measles,Shandong,65+,Male,25,0,0,1,12,2019,Winter,Urban,1,0,0,0,0,1,1,0,0,1,0,0,891
Rabies,Beijing,65+,Male,16,1,0,0,6,2018,Summer,Rural,1,1,0,0,0,0,0,0,0,1,0,0,400
Chickenpox,Guangdong,25-44,Male,20,0,0,1,3,2021,Spring,Rural,0,0,0,0,0,0,1,0,1,1,0,0,727
Hepatitis B,Sichuan,65+,Female,23,0,1,1,1,2022,Winter,Rural,0,0,0,0,0,1,0,1,0,1,0,8,850
HIV/AIDS,Sichuan,15-24,Male,19,0,1,0,8,2021,Summer,Urban,0,0,0,0,0,1,0,0,1,1,1,7,823
Tuberculosis,Zhejiang,45-64,Female,27,0,1,1,7,2020,Summer,Urban,1,0,0,0,0,0,0,0,1,1,0,5,512
Typhoid,Guangdong,45-64,Female,23,1,0,0,4,2022,Spring,Rural,0,0,0,0,0,1,1,0,1,1,1,0,117
Tuberculosis,Guangdong,45-64,Male,21,0,0,1,1,2019,Winter,Urban,1,0,0,0,0,1,0,1,0,1,0,0,742
Influenza,Beijing,45-64,Female,19,0,1,1,2,2019,Winter,Rural,0,0,0,0,1,0,0,0,1,1,0,7,995
Syphilis,Shandong,25-44,Female,16,0,0,1,9,2021,Autumn,Urban,1,1,1,0,0,1,1,0,0,0,1,0,722
Tuberculosis,Jiangsu,65+,Female,16,0,1,1,4,2021,Spring,Rural,1,0,0,0,0,1,1,0,0,1,1,26,227
Influenza,Beijing,45-64,Female,14,0,1,1,3,2018,Spring,Urban,1,0,0,0,0,1,1,1,1,1,1,25,213
Measles,Shanghai,0-14,Female,17,0,1,1,8,2018,Summer,Urban,1,0,0,1,0,1,1,0,0,1,1,23,836
Measles,Sichuan,45-64,Female,23,1,1,0,4,2020,Spring,Rural,1,0,0,0,0,1,0,0,0,1,0,2,245
Chickenpox,Sichuan,65+,Female,22,0,1,1,7,2018,Summer,Rural,1,0,0,1,0,1,0,0,0,1,1,22,987
Brucellosis,Zhejiang,45-64,Male,26,0,0,1,5,2021,Spring,Rural,1,0,1,0,0,0,1,0,0,1,1,0,290
Scarlet Fever,Shanghai,25-44,Male,19,0,1,1,5,2021,Spring,Rural,1,0,0,0,0,1,0,0,1,1,0,27,719
Malaria,Sichuan,15-24,Female,25,0,1,1,11,2018,Autumn,Urban,0,0,0,0,0,1,0,1,1,1,0,21,630
Tuberculosis,Beijing,15-24,Female,20,1,0,0,6,2020,Summer,Urban,1,0,0,0,0,0,0,1,0,1,0,0,250
Typhoid,Shanghai,65+,Male,16,1,1,0,12,2021,Winter,Rural,0,1,0,0,1,0,1,0,0,1,1,5,951
Tuberculosis,Beijing,15-24,Male,14,0,1,1,4,2020,Spring,Rural,0,0,0,0,0,1,1,0,1,1,1,6,794
Scarlet Fever,Jiangsu,15-24,Male,15,0,1,1,2,2021,Winter,Urban,1,0,0,1,0,0,0,0,0,1,1,28,891
COVID-19,Jiangsu,0-14,Male,23,0,1,0,6,2020,Summer,Urban,1,0,0,1,0,0,0,0,0,1,1,12,566
Typhoid,Sichuan,65+,Female,10,0,1,0,5,2020,Spring,Urban,1,0,1,1,1,0,0,0,0,1,1,19,253
Dysentery,Sichuan,65+,Female,15,0,1,1,3,2020,Spring,Urban,1,0,1,0,0,1,1,0,0,1,0,25,324
Mumps,Shandong,15-24,Male,16,1,1,0,4,2018,Spring,Rural,0,1,0,0,0,1,0,1,0,1,1,28,603
Malaria,Jiangsu,15-24,Male,21,0,1,1,3,2019,Spring,Rural,1,0,0,0,0,0,0,0,0,1,1,25,665
Dysentery,Yunnan,15-24,Male,24,0,0,0,3,2020,Spring,Urban,1,1,0,0,0,1,0,0,0,1,1,0,710
COVID-19,Yunnan,25-44,Male,28,1,0,0,4,2020,Spring,Urban,1,0,0,0,0,0,0,0,0,1,1,0,700
COVID-19,Zhejiang,45-64,Female,19,0,1,1,2,2021,Winter,Rural,1,0,0,0,1,1,0,0,0,0,0,0,772
Scarlet Fever,Jiangsu,25-44,Male,25,1,1,0,4,2019,Spring,Rural,0,0,0,0,0,0,0,0,0,1,0,15,156
Tuberculosis,Beijing,65+,Male,18,0,1,1,10,2021,Autumn,Urban,1,0,0,1,0,1,0,1,0,1,1,24,733
Scarlet Fever,Beijing,0-14,Male,15,1,1,0,11,2021,Autumn,Rural,1,0,0,0,1,1,0,1,0,1,0,0,980
Scarlet Fever,Hunan,45-64,Female,19,0,1,1,2,2020,Winter,Rural,1,0,0,1,0,0,1,0,1,1,0,6,492
COVID-19,Shanghai,0-14,Female,20,0,1,1,10,2022,Autumn,Urban,0,1,0,1,0,0,1,1,0,1,1,14,200
Malaria,Henan,65+,Female,21,0,0,1,8,2019,Summer,Rural,1,1,0,0,0,1,1,0,0,0,0,0,931
Dysentery,Yunnan,65+,Male,13,0,1,0,10,2021,Autumn,Urban,1,0,0,0,0,1,1,0,0,0,0,4,840
Hepatitis B,Sichuan,0-14,Male,26,0,1,0,5,2022,Spring,Urban,1,0,0,0,0,1,0,0,1,0,1,1,302
Tuberculosis,Zhejiang,0-14,Male,17,1,0,0,7,2022,Summer,Urban,1,0,0,0,0,1,1,0,0,1,0,0,696
COVID-19,Henan,0-14,Female,26,1,0,0,11,2021,Autumn,Rural,0,0,0,1,0,1,0,1,1,1,1,0,158
Dysentery,Guangdong,65+,Female,21,0,1,1,4,2020,Spring,Rural,1,0,0,0,0,0,0,0,0,1,0,19,308
Brucellosis,Zhejiang,15-24,Male,20,0,1,1,10,2018,Autumn,Rural,0,0,0,0,0,0,0,0,1,0,0,4,115
Hepatitis B,Guangdong,0-14,Male,24,0,1,1,6,2021,Summer,Urban,1,0,0,0,0,0,1,0,0,1,0,11,655
Hepatitis B,Jiangsu,45-64,Female,27,0,1,1,12,2020,Winter,Rural,1,0,0,0,1,0,0,0,0,1,1,0,657
Measles,Guangdong,65+,Male,24,0,1,1,10,2019,Autumn,Rural,0,0,0,0,0,0,0,1,0,1,0,29,865
Chickenpox,Guangdong,25-44,Male,12,1,1,0,4,2020,Spring,Urban,1,0,1,0,0,0,1,0,0,1,1,26,432
Tuberculosis,Shandong,25-44,Male,22,0,0,1,6,2022,Summer,Rural,0,1,0,0,0,0,0,1,0,1,0,0,594
Hepatitis B,Shandong,45-64,Female,18,0,1,1,1,2019,Winter,Rural,1,0,1,1,0,1,0,0,0,0,1,17,669
Measles,Jiangsu,0-14,Male,22,1,0,0,6,2018,Summer,Rural,1,1,0,1,0,0,1,0,0,1,1,0,840
Dysentery,Henan,65+,Male,20,0,1,1,2,2018,Winter,Rural,1,0,0,1,0,1,1,0,1,1,0,28,419
Brucellosis,Zhejiang,0-14,Male,15,0,0,1,12,2021,Winter,Rural,1,0,0,0,0,1,0,0,0,0,0,0,307
Influenza,Zhejiang,65+,Female,23,0,1,1,10,2020,Autumn,Rural,1,0,0,0,0,1,1,0,0,1,1,19,937
Tuberculosis,Sichuan,25-44,Female,16,0,0,0,10,2021,Autumn,Rural,0,0,0,0,0,1,0,0,1,1,1,0,832
Malaria,Shandong,0-14,Female,21,0,0,1,9,2018,Autumn,Rural,1,1,1,0,0,1,1,0,0,1,0,0,482
Scarlet Fever,Jiangsu,45-64,Male,22,0,1,1,6,2022,Summer,Urban,0,0,0,0,0,0,0,0,0,1,1,25,671
Typhoid,Sichuan,15-24,Female,14,0,0,1,12,2018,Winter,Urban,1,1,0,0,0,0,1,0,1,1,1,0,380
Typhoid,Shanghai,45-64,Male,18,0,0,1,11,2020,Autumn,Urban,1,0,1,0,0,1,0,0,0,1,1,0,954
Dysentery,Sichuan,15-24,Female,23,1,1,0,7,2022,Summer,Rural,0,0,0,0,0,1,1,1,0,1,1,24,878
Rabies,Henan,0-14,Male,22,0,1,1,2,2021,Winter,Urban,0,0,0,1,0,0,0,0,1,1,1,28,448
Rabies,Yunnan,0-14,Female,23,0,1,1,2,2021,Winter,Urban,1,0,0,0,0,1,1,0,0,1,1,3,952
Dysentery,Guangdong,15-24,Female,24,0,1,1,2,2018,Winter,Urban,0,0,0,1,0,0,0,0,0,1,0,26,418
Hepatitis B,Yunnan,65+,Male,28,0,0,1,11,2021,Autumn,Urban,0,0,0,0,0,1,0,0,1,1,0,0,765
Chickenpox,Sichuan,45-64,Male,16,0,1,1,9,2021,Autumn,Rural,0,0,0,0,0,1,1,0,0,1,1,26,140
Tuberculosis,Jiangsu,45-64,Male,16,0,1,1,3,2019,Spring,Urban,0,1,0,0,0,0,1,0,0,1,0,25,408
Typhoid,Guangdong,45-64,Female,25,1,1,0,4,2020,Spring,Urban,1,1,0,1,1,1,0,0,0,0,1,7,814
Typhoid,Zhejiang,0-14,Male,17,1,1,0,1,2019,Winter,Urban,0,0,1,0,0,0,0,0,1,1,0,29,841
Chickenpox,Beijing,45-64,Male,19,0,1,1,1,2019,Winter,Urban,1,1,1,1,0,0,1,0,0,1,1,19,251
Hepatitis B,Guangdong,65+,Male,23,0,1,1,4,2021,Spring,Rural,1,0,0,0,0,1,1,0,0,1,0,19,948
Typhoid,Henan,65+,Male,12,1,1,0,2,2020,Winter,Urban,1,1,0,0,0,0,0,0,0,1,0,2,556
Scarlet Fever,Henan,15-24,Male,18,0,0,1,8,2021,Summer,Urban,0,1,0,1,0,0,0,0,0,1,1,0,555
Malaria,Sichuan,0-14,Male,24,0,1,1,4,2019,Spring,Urban,1,1,0,0,0,1,0,0,0,1,0,8,193
Tuberculosis,Shanghai,65+,Female,13,1,1,0,3,2019,Spring,Rural,0,0,0,0,1,0,0,0,0,1,1,19,490
Syphilis,Henan,25-44,Female,13,2,1,0,3,2021,Spring,Urban,1,0,0,0,0,1,0,0,0,1,0,1,739
Typhoid,Henan,0-14,Male,18,0,0,1,6,2018,Summer,Urban,1,1,0,0,0,0,0,0,0,1,0,0,328
Dysentery,Jiangsu,0-14,Female,21,0,0,1,12,2018,Winter,Rural,1,0,0,0,0,0,0,0,1,1,0,0,596
Malaria,Sichuan,65+,Female,20,0,0,1,6,2021,Summer,Rural,1,0,0,0,0,0,0,0,1,1,0,0,570
Typhoid,Guangdong,25-44,Male,17,1,1,0,6,2022,Summer,Urban,0,0,0,0,1,1,1,0,0,1,1,27,684
Mumps,Shanghai,15-24,Male,21,1,1,0,6,2022,Summer,Urban,1,0,0,0,0,1,0,0,0,1,0,1,182
Brucellosis,Yunnan,65+,Female,26,0,1,1,8,2018,Summer,Urban,0,0,0,0,0,0,1,0,0,1,0,23,847
Scarlet Fever,Beijing,25-44,Male,17,0,1,0,8,2020,Summer,Urban,1,1,0,0,0,0,0,0,0,1,1,28,291
Malaria,Shandong,0-14,Female,13,0,1,1,9,2019,Autumn,Rural,0,0,0,1,0,0,0,0,0,1,1,28,555
Measles,Zhejiang,25-44,Female,18,0,0,1,1,2020,Winter,Urban,0,0,0,1,0,0,0,0,0,1,0,0,979
Syphilis,Henan,0-14,Female,15,1,1,0,10,2018,Autumn,Urban,1,0,0,0,0,0,1,0,0,1,0,4,145
Brucellosis,Sichuan,65+,Male,19,0,1,1,8,2021,Summer,Urban,1,1,1,1,0,0,1,0,0,1,0,12,561
HIV/AIDS,Shandong,65+,Female,20,0,1,1,5,2022,Spring,Rural,1,0,0,1,1,0,0,0,0,1,0,0,662
Dysentery,Zhejiang,45-64,Male,14,0,1,1,3,2018,Spring,Rural,1,0,0,1,1,1,0,1,0,1,0,7,831
Dysentery,Zhejiang,45-64,Male,20,0,1,1,11,2020,Autumn,Urban,1,0,0,0,0,0,0,0,0,0,1,29,710
Tuberculosis,Yunnan,45-64,Male,18,0,1,1,10,2020,Autumn,Rural,0,0,0,1,0,0,1,0,0,1,0,6,897
Chickenpox,Yunnan,65+,Male,17,0,1,1,3,2018,Spring,Urban,0,0,0,1,0,0,1,1,0,0,1,22,200
Brucellosis,Yunnan,15-24,Male,13,1,0,0,6,2019,Summer,Urban,1,0,0,0,0,0,0,0,0,1,1,0,755
Malaria,Hunan,65+,Female,31,0,1,1,8,2020,Summer,Rural,0,0,0,0,0,1,0,0,1,1,0,7,334
Hepatitis B,Hunan,25-44,Male,31,1,0,0,10,2019,Autumn,Rural,1,1,0,0,0,0,0,0,0,1,0,0,986
Dysentery,Zhejiang,65+,Male,26,0,0,1,2,2019,Winter,Rural,1,0,0,0,0,0,1,0,1,1,0,0,412
Malaria,Yunnan,65+,Male,29,0,0,0,12,2021,Winter,Urban,1,0,0,0,0,1,1,0,1,1,1,0,461
Malaria,Henan,0-14,Male,16,1,1,0,5,2018,Spring,Urban,1,0,0,0,1,0,1,1,0,0,1,4,884
Mumps,Shandong,65+,Male,19,0,1,1,1,2021,Winter,Urban,0,0,0,0,1,0,0,0,0,0,0,4,347
Influenza,Hunan,15-24,Male,31,1,0,0,6,2020,Summer,Urban,0,0,0,1,0,0,0,1,1,1,0,0,362
Influenza,Zhejiang,25-44,Female,26,0,1,1,11,2020,Autumn,Urban,0,0,0,0,0,1,1,0,0,1,0,25,262
HIV/AIDS,Sichuan,25-44,Male,16,1,0,0,11,2018,Autumn,Rural,1,0,0,0,0,0,0,0,0,1,0,0,732
Measles,Guangdong,15-24,Female,15,1,1,0,5,2019,Spring,Rural,1,1,0,0,0,1,0,1,0,1,0,12,296
HIV/AIDS,Guangdong,15-24,Female,19,0,1,1,7,2021,Summer,Rural,1,0,0,0,0,1,1,0,0,1,1,27,958
COVID-19,Hunan,25-44,Female,19,0,0,1,7,2021,Summer,Urban,0,0,0,0,0,1,1,0,1,1,0,0,641
Brucellosis,Sichuan,45-64,Female,23,0,1,1,4,2020,Spring,Rural,1,1,0,0,0,1,0,0,0,1,1,16,783
Typhoid,Hunan,0-14,Male,19,0,0,1,5,2020,Spring,Rural,1,0,0,0,0,0,0,0,0,1,1,0,717
Hepatitis B,Guangdong,0-14,Male,20,1,1,0,10,2022,Autumn,Rural,1,0,0,0,0,0,0,0,0,1,1,26,582
Typhoid,Sichuan,25-44,Female,24,1,0,0,8,2022,Summer,Rural,0,1,0,0,0,0,0,0,0,1,0,0,307
Rabies,Yunnan,15-24,Female,26,0,1,1,2,2019,Winter,Urban,1,0,0,1,0,1,0,0,1,0,0,18,667
Typhoid,Zhejiang,45-64,Male,16,0,1,1,1,2022,Winter,Rural,0,0,0,0,1,0,1,1,0,1,0,0,235
Tuberculosis,Shandong,25-44,Female,21,0,1,1,6,2021,Summer,Urban,1,1,1,1,0,1,1,0,0,1,0,29,480
Typhoid,Jiangsu,0-14,Female,22,0,1,1,11,2022,Autumn,Urban,0,0,0,0,0,0,0,0,1,0,1,1,322
HIV/AIDS,Shanghai,65+,Female,25,0,1,1,4,2018,Spring,Urban,1,0,0,0,1,1,0,0,1,1,1,0,119
Dysentery,Zhejiang,15-24,Male,23,0,1,1,10,2018,Autumn,Urban,0,0,0,1,1,1,0,0,1,1,1,0,556
Scarlet Fever,Yunnan,65+,Female,24,0,1,1,3,2020,Spring,Urban,1,1,0,1,0,0,0,0,1,1,0,6,385
Dysentery,Guangdong,25-44,Male,17,0,1,1,7,2020,Summer,Rural,1,1,0,0,0,1,1,0,0,1,0,6,545
Influenza,Yunnan,0-14,Male,22,0,1,1,8,2019,Summer,Rural,1,0,0,0,0,0,0,0,0,0,1,28,432
Scarlet Fever,Hunan,45-64,Male,23,0,1,1,11,2018,Autumn,Urban,1,0,0,1,1,1,0,0,0,1,0,15,125
Chickenpox,Sichuan,65+,Female,25,1,1,0,12,2019,Winter,Rural,0,1,0,0,1,1,0,1,0,1,1,0,677
Hepatitis B,Shandong,45-64,Female,14,0,1,1,4,2019,Spring,Urban,0,0,0,0,0,1,0,0,0,1,1,4,672
Hepatitis B,Henan,0-14,Male,30,1,1,0,12,2022,Winter,Urban,0,0,0,0,0,0,1,0,1,1,0,20,544
Tuberculosis,Hunan,65+,Male,21,0,1,1,12,2020,Winter,Urban,1,0,0,0,0,0,0,1,0,1,1,13,656
Brucellosis,Zhejiang,45-64,Male,28,1,1,0,10,2019,Autumn,Urban,1,0,0,0,0,1,0,0,0,1,0,22,913
HIV/AIDS,Hunan,45-64,Female,26,1,0,0,12,2019,Winter,Rural,0,0,0,0,0,0,0,0,0,1,0,0,891
Influenza,Zhejiang,65+,Female,19,0,0,1,11,2020,Autumn,Urban,0,0,0,1,0,0,0,0,0,1,0,0,432
Mumps,Henan,0-14,Male,19,0,1,0,11,2020,Autumn,Rural,1,0,1,0,0,1,1,0,1,1,0,27,214
Rabies,Beijing,45-64,Male,15,1,0,0,6,2018,Summer,Rural,0,0,0,0,0,1,0,0,0,0,0,0,115
Brucellosis,Shandong,25-44,Female,21,0,1,0,11,2020,Autumn,Rural,0,0,0,0,0,0,0,0,0,1,0,4,437
Hepatitis B,Jiangsu,65+,Male,10,1,1,0,11,2022,Autumn,Rural,1,0,0,0,0,0,0,0,0,1,0,29,243
Dysentery,Jiangsu,15-24,Female,12,1,1,0,2,2018,Winter,Urban,1,0,0,0,0,1,0,0,0,1,1,23,933
Typhoid,Shanghai,15-24,Female,22,0,1,1,8,2019,Summer,Rural,1,0,0,0,0,0,1,0,0,1,1,18,740
Typhoid,Yunnan,0-14,Male,21,0,1,1,6,2022,Summer,Urban,0,0,0,0,0,0,1,0,0,1,0,17,685
Chickenpox,Beijing,25-44,Male,17,0,1,1,11,2022,Autumn,Rural,1,0,0,1,0,1,1,0,0,1,1,25,636
Influenza,Jiangsu,45-64,Female,22,1,0,0,9,2018,Autumn,Urban,1,0,0,1,0,1,0,0,0,1,0,0,113
HIV/AIDS,Hunan,15-24,Female,23,0,0,1,11,2019,Autumn,Urban,0,0,1,1,0,0,1,0,1,1,1,0,308
HIV/AIDS,Yunnan,0-14,Female,19,0,0,1,6,2018,Summer,Rural,0,1,0,0,0,1,1,0,1,1,1,0,746
Measles,Beijing,25-44,Female,17,0,1,1,6,2021,Summer,Rural,0,0,0,1,0,0,1,0,0,1,0,18,120
COVID-19,Sichuan,25-44,Female,24,0,1,1,12,2021,Winter,Rural,1,1,0,0,0,0,1,1,0,1,0,10,960
Syphilis,Sichuan,0-14,Male,19,0,1,1,2,2018,Winter,Urban,0,0,0,1,0,1,1,0,1,1,0,2,190
Hepatitis B,Yunnan,0-14,Female,17,0,1,1,5,2019,Spring,Rural,1,0,1,0,0,1,0,0,0,1,1,10,660
HIV/AIDS,Zhejiang,45-64,Female,20,0,1,1,9,2019,Autumn,Rural,1,1,0,0,0,0,0,0,0,1,1,6,999
Chickenpox,Zhejiang,0-14,Female,24,0,1,1,1,2020,Winter,Rural,1,0,0,0,0,1,1,0,0,1,0,16,623
Dysentery,Hunan,45-64,Male,18,1,1,0,4,2022,Spring,Urban,0,0,0,0,0,0,0,0,0,0,1,22,121
Influenza,Beijing,45-64,Male,18,0,1,1,10,2018,Autumn,Rural,0,0,0,1,0,1,0,0,0,0,1,17,971
Rabies,Beijing,65+,Female,22,1,1,0,10,2022,Autumn,Rural,1,0,1,0,0,1,0,1,1,1,1,25,773
Measles,Yunnan,25-44,Female,21,1,1,0,3,2022,Spring,Urban,1,0,0,1,0,1,1,0,0,1,1,14,509
Chickenpox,Guangdong,25-44,Male,17,0,1,1,1,2021,Winter,Rural,0,0,0,0,0,0,1,0,1,1,1,29,255
Malaria,Sichuan,25-44,Male,14,0,1,1,1,2021,Winter,Urban,1,0,0,0,0,0,0,0,0,1,1,16,258
Tuberculosis,Beijing,65+,Male,24,0,0,1,1,2018,Winter,Urban,1,0,0,0,0,0,0,0,0,1,1,0,881
Rabies,Yunnan,45-64,Male,22,0,1,1,1,2018,Winter,Urban,1,0,1,1,0,1,1,0,0,1,1,24,186
Malaria,Shanghai,0-14,Male,10,1,1,0,11,2018,Autumn,Urban,1,0,0,0,0,0,1,1,1,1,1,23,506
Mumps,Henan,65+,Female,14,0,1,1,5,2019,Spring,Urban,0,0,0,0,1,0,0,0,0,0,0,9,820
Typhoid,Hunan,65+,Male,14,0,1,1,4,2018,Spring,Urban,0,0,0,0,0,0,0,0,0,1,0,14,777
Tuberculosis,Beijing,0-14,Male,21,0,1,1,9,2019,Autumn,Urban,1,1,1,1,0,1,0,1,0,1,1,22,109
Hepatitis B,Shandong,15-24,Male,18,1,0,0,3,2022,Spring,Urban,1,0,0,0,0,0,1,0,0,1,1,0,129
Dysentery,Jiangsu,25-44,Male,18,0,1,1,2,2019,Winter,Urban,0,0,1,0,0,0,0,0,1,1,0,14,874
Tuberculosis,Shandong,25-44,Female,21,0,1,0,4,2022,Spring,Urban,1,0,0,1,0,0,1,0,0,1,1,25,357
COVID-19,Yunnan,45-64,Female,18,0,1,1,9,2022,Autumn,Urban,0,0,0,0,1,0,0,0,0,1,0,0,377
Syphilis,Beijing,15-24,Female,21,0,0,1,4,2022,Spring,Urban,0,0,0,0,0,0,0,0,0,1,0,0,232
Malaria,Shanghai,25-44,Male,18,0,1,1,12,2020,Winter,Rural,0,1,0,0,0,0,0,0,1,1,0,20,556
Hepatitis B,Yunnan,45-64,Female,22,0,1,1,5,2020,Spring,Urban,0,1,0,0,0,1,1,0,1,1,0,18,296
Scarlet Fever,Yunnan,15-24,Male,20,0,0,1,4,2019,Spring,Rural,1,0,0,0,0,1,1,0,0,1,1,0,667
Syphilis,Hunan,25-44,Female,17,0,1,1,8,2018,Summer,Rural,1,0,1,0,0,1,0,0,0,0,1,1,375
Typhoid,Hunan,0-14,Male,21,1,1,0,4,2019,Spring,Rural,1,1,0,0,0,0,0,0,0,1,0,5,576
Syphilis,Sichuan,65+,Female,12,0,1,1,2,2020,Winter,Rural,0,1,0,0,0,1,0,0,1,1,0,23,297
Measles,Sichuan,15-24,Female,23,0,0,0,12,2021,Winter,Rural,1,0,0,1,0,0,1,0,0,1,0,0,423
Measles,Zhejiang,45-64,Male,20,0,1,1,4,2021,Spring,Rural,0,0,1,0,0,1,0,0,1,1,0,23,583
Mumps,Guangdong,15-24,Female,21,0,0,1,2,2019,Winter,Urban,1,0,0,0,0,0,0,0,0,0,0,0,284
COVID-19,Beijing,45-64,Female,29,0,1,1,9,2020,Autumn,Rural,1,0,1,0,0,0,0,0,1,1,0,1,632
Influenza,Beijing,15-24,Male,17,0,1,1,11,2022,Autumn,Urban,1,0,0,0,0,0,1,0,0,1,0,9,116
Rabies,Shandong,45-64,Male,24,0,0,1,8,2020,Summer,Urban,1,0,0,1,0,1,0,0,1,1,0,0,178
Rabies,Beijing,25-44,Male,17,0,0,1,9,2019,Autumn,Rural,1,1,0,0,0,0,0,0,0,1,0,0,126
Scarlet Fever,Beijing,0-14,Male,17,0,1,0,4,2020,Spring,Urban,1,0,0,0,0,1,1,0,0,1,1,20,778
Scarlet Fever,Guangdong,25-44,Male,14,1,1,0,1,2021,Winter,Urban,1,0,0,1,0,1,1,1,1,1,1,25,438
Hepatitis B,Jiangsu,0-14,Female,12,0,0,1,3,2022,Spring,Rural,1,0,0,1,0,1,0,0,0,1,0,0,846
Typhoid,Sichuan,25-44,Male,27,0,1,1,7,2019,Summer,Urban,1,0,0,0,0,0,0,0,1,1,0,19,575
HIV/AIDS,Sichuan,25-44,Female,18,0,1,1,1,2019,Winter,Rural,1,0,0,1,0,0,0,0,0,1,0,4,210
Mumps,Shanghai,15-24,Female,22,0,1,1,11,2018,Autumn,Rural,0,0,0,0,0,1,0,1,0,0,1,14,825
Measles,Beijing,65+,Male,22,1,0,0,8,2022,Summer,Rural,0,1,0,1,0,0,1,1,0,0,1,0,470
Hepatitis B,Guangdong,45-64,Female,20,0,1,1,9,2019,Autumn,Rural,1,1,0,1,1,1,0,0,0,1,1,0,468
HIV/AIDS,Sichuan,45-64,Female,13,1,0,0,8,2020,Summer,Rural,1,0,0,1,0,1,0,0,0,1,1,0,809
Rabies,Guangdong,45-64,Male,12,0,1,1,5,2020,Spring,Urban,1,0,0,1,0,1,0,0,0,1,1,16,578
Influenza,Henan,0-14,Female,15,0,1,1,12,2020,Winter,Rural,0,1,0,0,0,0,0,0,1,1,1,8,808
Syphilis,Jiangsu,45-64,Male,24,1,1,0,11,2020,Autumn,Rural,1,0,1,1,1,1,0,0,1,1,0,8,112
Measles,Beijing,45-64,Male,18,0,1,1,12,2019,Winter,Urban,0,0,1,1,1,1,1,0,0,1,1,14,724
Hepatitis B,Shanghai,15-24,Male,21,1,1,0,9,2021,Autumn,Rural,1,0,0,0,0,1,0,0,0,1,0,17,709
Tuberculosis,Shandong,25-44,Female,13,0,1,1,4,2022,Spring,Rural,1,0,0,1,0,1,1,0,0,0,1,2,917
HIV/AIDS,Sichuan,45-64,Female,13,0,1,1,9,2020,Autumn,Rural,0,0,0,1,0,1,1,0,0,1,1,7,749
Syphilis,Henan,65+,Female,13,0,1,1,1,2019,Winter,Rural,1,0,0,0,0,1,0,0,0,1,0,2,667
Measles,Guangdong,45-64,Female,22,0,1,1,12,2019,Winter,Rural,1,1,1,0,1,1,0,0,0,1,0,18,203
Rabies,Hunan,0-14,Male,24,0,0,1,11,2020,Autumn,Rural,0,0,0,0,0,0,0,0,1,0,0,0,331
Chickenpox,Yunnan,0-14,Female,24,0,1,1,3,2018,Spring,Rural,1,0,0,0,0,1,1,1,0,1,1,12,271
Typhoid,Beijing,0-14,Male,17,0,1,1,4,2019,Spring,Urban,1,0,0,0,1,1,1,0,0,1,0,21,639
HIV/AIDS,Beijing,45-64,Female,20,0,1,1,11,2022,Autumn,Rural,1,0,0,0,0,1,1,0,0,1,0,15,568
Rabies,Henan,15-24,Female,24,0,0,1,10,2022,Autumn,Urban,0,1,0,0,0,1,1,0,0,1,1,0,904
Measles,Guangdong,65+,Female,24,1,1,0,1,2018,Winter,Rural,0,0,0,0,0,1,0,0,0,1,0,25,391
HIV/AIDS,Zhejiang,45-64,Female,10,0,1,1,12,2019,Winter,Rural,1,0,0,1,0,1,0,0,0,1,1,19,703
Mumps,Beijing,15-24,Female,21,0,1,1,6,2018,Summer,Rural,0,0,0,0,0,1,0,0,0,1,1,4,304
Syphilis,Zhejiang,15-24,Male,28,0,1,0,4,2019,Spring,Urban,1,0,0,0,0,1,1,0,0,1,1,25,924
Brucellosis,Hunan,45-64,Female,28,1,0,0,4,2019,Spring,Urban,1,0,0,0,0,0,1,0,0,1,1,0,647
Measles,Henan,45-64,Female,18,0,1,1,1,2018,Winter,Urban,1,0,0,1,0,1,0,0,0,0,1,29,228
Mumps,Guangdong,15-24,Female,23,1,1,0,5,2021,Spring,Rural,0,0,0,0,0,1,0,0,1,1,0,1,270
Malaria,Guangdong,15-24,Female,22,1,1,0,9,2020,Autumn,Rural,0,0,1,1,0,1,1,0,0,1,1,2,596
Hepatitis B,Jiangsu,15-24,Male,16,0,1,1,6,2020,Summer,Urban,1,0,0,0,0,0,0,0,0,0,1,27,462
Chickenpox,Yunnan,45-64,Female,17,0,1,1,8,2020,Summer,Urban,1,0,0,0,0,1,0,1,1,0,1,2,973
Scarlet Fever,Sichuan,15-24,Male,24,1,1,0,11,2018,Autumn,Rural,0,0,0,0,0,1,0,1,0,1,1,28,294
Syphilis,Sichuan,0-14,Female,12,0,0,1,4,2019,Spring,Rural,0,1,0,0,0,0,0,0,1,1,1,0,982
HIV/AIDS,Shandong,45-64,Male,19,0,0,1,9,2019,Autumn,Rural,0,0,0,0,0,1,1,0,0,0,1,0,643
Typhoid,Shanghai,0-14,Male,20,1,0,0,7,2022,Summer,Urban,1,0,0,0,0,0,0,0,0,1,0,0,730
Rabies,Henan,25-44,Male,13,0,1,0,7,2019,Summer,Urban,0,1,0,0,0,0,0,0,0,1,1,26,479
Scarlet Fever,Hunan,45-64,Male,29,1,1,0,8,2021,Summer,Rural,0,0,0,0,0,0,0,0,0,0,0,15,681
Tuberculosis,Guangdong,25-44,Male,18,1,1,0,2,2020,Winter,Rural,0,0,0,0,0,0,0,0,0,1,1,15,413
Rabies,Yunnan,15-24,Female,27,0,1,1,12,2021,Winter,Rural,1,0,0,0,0,1,0,0,0,1,1,18,535
HIV/AIDS,Zhejiang,15-24,Male,15,0,1,1,6,2020,Summer,Urban,0,0,0,1,0,0,0,0,0,1,0,16,297
Chickenpox,Henan,65+,Female,21,0,0,1,7,2018,Summer,Rural,0,0,1,1,0,0,0,0,0,1,0,0,444
COVID-19,Shandong,15-24,Male,18,0,1,1,3,2021,Spring,Urban,1,0,0,0,0,1,1,0,0,1,1,4,383
Rabies,Henan,25-44,Male,22,1,0,0,8,2019,Summer,Urban,0,0,0,0,0,1,0,1,0,1,0,0,330
COVID-19,Shandong,15-24,Female,19,1,1,0,1,2020,Winter,Urban,0,0,1,0,0,1,0,0,0,1,1,21,804
Hepatitis B,Guangdong,45-64,Male,14,0,1,1,1,2022,Winter,Rural,1,0,0,0,0,1,1,0,0,0,0,11,779
Chickenpox,Shanghai,15-24,Male,16,0,1,1,10,2021,Autumn,Rural,0,0,0,0,0,1,0,0,0,0,1,28,563
Measles,Shandong,65+,Male,24,0,1,1,3,2018,Spring,Urban,1,1,0,0,0,0,0,0,0,0,1,25,699
Mumps,Guangdong,15-24,Male,27,0,1,1,6,2022,Summer,Urban,1,0,0,0,0,0,1,1,0,1,0,6,214
Tuberculosis,Guangdong,25-44,Female,18,0,0,1,7,2018,Summer,Rural,1,0,1,1,0,1,0,0,1,1,1,0,749
Dysentery,Shanghai,25-44,Male,15,1,1,0,2,2020,Winter,Urban,1,0,0,0,1,1,0,0,0,1,1,0,175
HIV/AIDS,Sichuan,15-24,Male,24,0,1,1,6,2021,Summer,Rural,0,0,0,1,0,0,0,0,0,1,1,5,545
Influenza,Henan,25-44,Female,22,1,1,0,12,2018,Winter,Rural,1,0,0,0,1,1,1,0,0,1,1,15,392
Dysentery,Beijing,25-44,Female,18,0,0,1,5,2022,Spring,Rural,0,0,0,0,0,1,0,0,1,0,0,0,838
Rabies,Beijing,65+,Male,19,0,0,1,6,2022,Summer,Rural,1,0,0,0,0,1,0,0,0,1,1,0,927
Scarlet Fever,Zhejiang,45-64,Male,15,0,1,1,1,2019,Winter,Urban,0,0,0,0,0,1,0,0,1,1,0,22,702
HIV/AIDS,Zhejiang,65+,Female,11,1,0,0,10,2018,Autumn,Rural,1,1,0,1,0,0,0,0,0,1,0,0,176
Mumps,Beijing,0-14,Male,22,0,1,0,7,2021,Summer,Urban,1,1,0,0,0,0,0,0,1,1,0,28,449
Malaria,Hunan,65+,Female,16,0,1,1,8,2021,Summer,Urban,1,1,0,0,0,0,0,0,0,1,1,29,470
Mumps,Beijing,15-24,Male,20,0,1,1,7,2019,Summer,Urban,1,1,0,1,0,0,0,0,0,1,0,18,422
Influenza,Zhejiang,45-64,Female,14,0,1,1,9,2022,Autumn,Rural,0,0,0,1,0,1,0,0,0,1,1,29,279
Tuberculosis,Yunnan,15-24,Female,24,0,1,1,1,2018,Winter,Rural,0,0,1,0,0,0,1,0,0,1,0,24,518
Mumps,Zhejiang,0-14,Female,22,0,1,1,10,2022,Autumn,Urban,0,0,0,0,0,1,1,1,1,1,0,9,467
Typhoid,Hunan,45-64,Male,21,0,1,1,9,2018,Autumn,Rural,0,0,1,0,0,1,1,0,1,1,0,15,801
Malaria,Henan,25-44,Male,25,0,0,1,11,2018,Autumn,Rural,0,0,1,1,0,1,1,1,0,1,0,0,495
Dysentery,Beijing,65+,Male,17,0,0,1,11,2018,Autumn,Rural,1,0,0,0,0,0,1,0,0,1,1,0,853
Measles,Shanghai,15-24,Male,10,1,1,0,3,2022,Spring,Rural,1,0,0,0,0,0,0,0,0,0,1,10,640
Hepatitis B,Yunnan,0-14,Female,18,0,1,1,2,2022,Winter,Rural,0,0,0,1,0,1,0,0,1,1,1,23,385
Typhoid,Guangdong,25-44,Female,27,0,1,1,6,2022,Summer,Urban,1,0,0,0,0,1,1,0,0,1,0,23,761
Brucellosis,Hunan,65+,Female,20,0,1,1,11,2020,Autumn,Rural,1,0,0,0,1,0,0,1,0,1,1,27,436
Malaria,Zhejiang,25-44,Male,17,0,1,1,5,2022,Spring,Rural,1,0,0,0,0,0,0,1,0,1,0,1,408
Measles,Shanghai,65+,Male,20,0,1,1,4,2019,Spring,Urban,1,0,0,0,0,0,0,0,1,1,0,24,318
Measles,Shandong,45-64,Male,19,1,1,0,4,2020,Spring,Rural,1,0,0,0,1,1,0,0,0,1,1,2,889
HIV/AIDS,Sichuan,25-44,Female,24,0,1,1,8,2018,Summer,Urban,1,0,1,1,0,1,1,0,0,0,1,25,916
Malaria,Beijing,25-44,Male,31,0,1,1,10,2021,Autumn,Urban,1,0,0,1,0,1,0,0,0,1,1,21,490
Tuberculosis,Sichuan,25-44,Male,22,0,0,1,3,2020,Spring,Rural,1,0,0,1,0,1,1,0,1,1,1,0,145
Rabies,Hunan,45-64,Female,25,0,1,1,1,2020,Winter,Urban,1,1,0,1,1,1,0,0,0,1,0,3,110
Influenza,Shandong,0-14,Female,21,2,1,0,5,2018,Spring,Urban,1,0,0,0,0,1,1,1,0,1,1,13,115
Brucellosis,Shandong,65+,Male,20,1,1,0,8,2022,Summer,Rural,1,0,0,0,0,0,0,1,0,1,0,4,281
Influenza,Shandong,25-44,Female,23,0,1,1,3,2022,Spring,Urban,0,0,0,1,0,0,0,0,1,1,1,2,796
Dysentery,Guangdong,45-64,Male,19,0,1,1,2,2020,Winter,Rural,1,0,0,0,0,0,0,1,0,1,0,27,647
Dysentery,Hunan,0-14,Female,10,1,0,0,1,2022,Winter,Urban,0,0,0,1,0,0,0,0,0,1,1,0,150
Influenza,Henan,65+,Female,14,0,1,1,4,2020,Spring,Rural,1,0,0,0,0,1,0,0,0,1,1,7,249
Mumps,Sichuan,45-64,Female,13,0,0,1,11,2021,Autumn,Urban,1,1,0,0,0,1,1,0,0,1,1,0,587
Tuberculosis,Henan,65+,Male,24,1,1,0,2,2021,Winter,Rural,1,0,0,0,0,0,0,0,0,1,1,11,520
Mumps,Jiangsu,0-14,Male,22,0,1,1,11,2019,Autumn,Urban,1,0,1,0,0,1,0,0,0,0,0,7,390
Scarlet Fever,Yunnan,45-64,Female,19,1,1,0,10,2019,Autumn,Urban,0,0,1,0,0,1,0,0,0,1,1,22,724
Mumps,Yunnan,0-14,Female,17,0,1,1,12,2022,Winter,Rural,0,0,1,0,0,1,0,1,0,1,1,6,905
Hepatitis B,Henan,25-44,Female,26,0,0,1,9,2019,Autumn,Urban,1,0,0,0,0,1,0,0,0,0,0,0,461
Syphilis,Jiangsu,0-14,Female,20,0,1,1,10,2021,Autumn,Urban,1,0,0,0,0,1,0,0,0,1,1,25,666
Rabies,Jiangsu,0-14,Male,15,0,1,0,1,2018,Winter,Urban,0,0,0,0,0,0,1,0,0,1,1,11,524
Hepatitis B,Beijing,15-24,Male,25,0,0,1,2,2021,Winter,Rural,1,0,0,0,0,1,1,0,0,1,1,0,393
HIV/AIDS,Shanghai,0-14,Male,27,0,1,1,6,2020,Summer,Rural,0,0,0,0,0,1,1,1,0,1,0,19,827
Syphilis,Hunan,65+,Female,14,0,1,1,10,2022,Autumn,Rural,0,1,0,0,0,1,1,1,0,0,1,10,985
Syphilis,Jiangsu,45-64,Female,23,2,1,0,12,2022,Winter,Urban,0,0,0,1,0,1,1,1,0,1,1,8,261
Malaria,Zhejiang,15-24,Male,17,0,1,1,7,2019,Summer,Urban,1,0,0,0,0,1,0,1,1,1,0,4,622
Tuberculosis,Yunnan,45-64,Female,16,1,1,0,2,2020,Winter,Urban,1,1,0,0,0,1,0,1,0,1,0,5,306
Tuberculosis,Zhejiang,45-64,Male,19,0,1,1,8,2019,Summer,Rural,0,0,0,0,0,1,0,0,1,1,1,6,369
Syphilis,Shanghai,25-44,Female,15,1,1,0,10,2019,Autumn,Rural,1,0,0,0,1,0,0,1,0,1,1,13,436
Scarlet Fever,Jiangsu,25-44,Female,17,0,1,1,9,2019,Autumn,Rural,1,0,0,1,1,1,0,1,0,1,0,17,632
Mumps,Sichuan,15-24,Male,16,0,1,1,8,2020,Summer,Rural,1,0,0,0,0,1,0,0,0,1,0,14,511
Malaria,Yunnan,25-44,Male,21,0,1,1,9,2019,Autumn,Urban,1,1,1,1,0,0,0,0,0,1,0,1,718
Rabies,Beijing,25-44,Female,23,0,1,0,6,2022,Summer,Urban,0,0,0,0,0,0,1,1,1,1,1,15,201
Syphilis,Beijing,25-44,Male,17,0,0,1,11,2019,Autumn,Urban,0,0,1,0,0,0,0,0,1,1,0,0,953
Typhoid,Shandong,45-64,Male,22,0,1,1,7,2020,Summer,Rural,0,0,0,0,0,1,0,0,1,1,1,21,671
Dysentery,Guangdong,15-24,Female,16,1,0,0,6,2020,Summer,Urban,0,0,0,1,0,1,0,0,0,1,1,0,645
Dysentery,Jiangsu,45-64,Female,17,1,1,0,7,2021,Summer,Urban,1,0,1,0,0,1,0,0,1,0,0,6,164
Hepatitis B,Shanghai,65+,Female,16,1,1,0,3,2019,Spring,Rural,1,0,0,1,0,0,1,0,0,1,0,11,314
HIV/AIDS,Yunnan,45-64,Male,23,0,1,1,4,2020,Spring,Rural,1,0,0,0,0,1,1,1,0,1,0,27,871
Chickenpox,Guangdong,65+,Female,18,1,0,0,9,2019,Autumn,Urban,1,0,1,1,0,1,1,1,0,0,0,0,460
Chickenpox,Shanghai,0-14,Female,16,1,1,0,3,2018,Spring,Rural,1,0,1,0,0,0,0,0,0,1,1,11,846
Dysentery,Henan,0-14,Female,24,0,0,1,2,2022,Winter,Urban,0,0,0,0,0,0,1,0,1,1,1,0,411
COVID-19,Jiangsu,65+,Female,18,0,0,1,12,2022,Winter,Urban,1,0,0,0,0,0,1,0,0,1,1,0,169
Measles,Hunan,65+,Female,22,0,1,1,11,2019,Autumn,Rural,0,1,0,1,1,0,1,0,0,1,0,12,947
Hepatitis B,Hunan,45-64,Male,24,0,1,1,7,2022,Summer,Rural,0,0,0,0,0,0,1,0,0,1,0,4,109
Chickenpox,Jiangsu,65+,Female,15,0,1,1,6,2022,Summer,Urban,1,0,0,1,0,1,1,0,0,1,0,21,902
Dysentery,Shandong,15-24,Female,16,0,1,1,3,2018,Spring,Rural,1,0,0,1,0,1,0,0,0,1,0,21,315
HIV/AIDS,Shandong,0-14,Male,15,0,1,1,6,2022,Summer,Rural,0,0,0,0,0,1,1,0,0,0,1,20,863
Chickenpox,Hunan,0-14,Female,24,0,0,1,7,2022,Summer,Urban,0,0,1,0,0,1,0,0,0,1,1,0,943
Mumps,Sichuan,65+,Female,19,0,1,1,6,2020,Summer,Urban,0,0,0,1,0,1,0,0,0,1,1,17,290
Mumps,Yunnan,25-44,Male,22,0,1,1,1,2022,Winter,Urban,1,0,1,0,0,1,0,1,0,1,0,10,708
Tuberculosis,Hunan,25-44,Female,21,1,1,0,12,2019,Winter,Rural,1,0,0,0,0,1,1,0,0,0,1,25,318
Scarlet Fever,Sichuan,65+,Male,15,1,0,0,1,2022,Winter,Rural,1,0,0,0,0,0,0,0,0,1,0,0,508
Tuberculosis,Guangdong,15-24,Female,10,0,1,1,9,2019,Autumn,Rural,1,0,0,0,0,0,1,0,1,1,0,21,301
Rabies,Sichuan,25-44,Male,14,0,0,1,6,2022,Summer,Urban,1,0,1,0,0,0,0,1,0,1,1,0,480
Syphilis,Guangdong,65+,Male,22,0,0,1,12,2019,Winter,Rural,0,0,0,0,0,1,0,0,1,1,0,0,316
Typhoid,Shanghai,15-24,Female,16,0,1,1,2,2022,Winter,Urban,1,0,0,0,1,0,1,0,1,1,0,7,899
Tuberculosis,Zhejiang,15-24,Male,12,0,1,1,11,2019,Autumn,Rural,0,0,0,1,0,1,1,0,1,1,0,23,205
Brucellosis,Shanghai,45-64,Male,29,0,1,1,1,2022,Winter,Urban,1,0,1,0,0,0,0,0,0,1,0,7,155
Chickenpox,Hunan,15-24,Female,16,2,1,0,11,2018,Autumn,Rural,1,0,0,0,0,0,0,0,1,1,0,12,253
COVID-19,Guangdong,25-44,Female,21,0,0,1,12,2020,Winter,Urban,1,0,0,0,0,1,0,0,1,1,1,0,167
Malaria,Hunan,25-44,Male,22,0,1,1,2,2020,Winter,Urban,1,0,0,0,0,0,0,0,1,1,0,5,556
Dysentery,Jiangsu,65+,Female,20,0,1,1,8,2020,Summer,Urban,0,1,0,0,0,1,0,0,1,1,0,12,812
Malaria,Yunnan,65+,Male,17,0,1,1,5,2020,Spring,Urban,1,0,0,0,0,0,1,0,0,1,1,27,591
Brucellosis,Beijing,15-24,Male,21,0,1,1,7,2018,Summer,Rural,0,1,0,1,0,1,0,1,0,0,1,10,701
HIV/AIDS,Hunan,0-14,Female,22,0,1,1,7,2018,Summer,Rural,0,0,0,1,0,1,0,0,0,0,0,13,110
Tuberculosis,Yunnan,45-64,Female,26,0,1,1,2,2022,Winter,Rural,0,0,0,0,0,0,0,0,1,0,1,13,536
Typhoid,Sichuan,0-14,Male,24,0,0,1,4,2018,Spring,Rural,1,0,1,0,0,1,1,0,0,1,0,0,713
HIV/AIDS,Shanghai,15-24,Female,18,0,1,1,2,2020,Winter,Rural,1,0,0,0,0,1,0,0,0,1,0,4,899
Measles,Sichuan,15-24,Female,23,0,1,1,7,2021,Summer,Urban,1,1,0,0,0,0,1,0,1,0,1,14,798
Measles,Beijing,0-14,Male,21,0,0,1,5,2022,Spring,Rural,1,0,0,0,0,1,0,0,0,1,0,0,513
Malaria,Guangdong,45-64,Male,13,1,0,0,1,2019,Winter,Rural,0,0,0,0,0,0,1,1,1,1,1,0,330
Syphilis,Jiangsu,0-14,Male,21,0,1,1,2,2020,Winter,Urban,1,0,0,1,1,1,0,0,1,1,1,15,236
Hepatitis B,Yunnan,65+,Male,18,0,1,1,6,2020,Summer,Rural,0,0,0,0,1,1,0,0,0,0,0,28,622
Syphilis,Jiangsu,25-44,Male,16,0,1,0,4,2020,Spring,Rural,0,0,0,0,0,0,1,0,1,1,0,18,954
Chickenpox,Zhejiang,65+,Male,16,0,1,1,7,2018,Summer,Rural,0,0,0,1,0,1,0,0,1,1,0,16,500
Brucellosis,Hunan,25-44,Female,26,0,0,1,2,2019,Winter,Urban,1,0,0,0,0,1,1,1,0,1,0,0,963
Mumps,Guangdong,15-24,Male,18,0,1,1,12,2022,Winter,Urban,1,0,0,1,0,1,1,0,0,1,1,29,878
Rabies,Zhejiang,45-64,Female,12,0,0,1,2,2020,Winter,Rural,1,0,0,0,0,0,0,0,0,1,0,0,668
Syphilis,Henan,0-14,Female,23,0,1,0,12,2019,Winter,Urban,0,0,0,0,0,0,0,1,0,1,0,28,149
Scarlet Fever,Hunan,45-64,Male,21,0,1,1,6,2021,Summer,Rural,1,0,0,0,1,1,0,0,1,1,1,13,579
Rabies,Sichuan,0-14,Female,17,1,1,0,8,2018,Summer,Urban,1,0,1,0,0,0,0,0,1,1,1,16,684
Brucellosis,Shanghai,65+,Male,20,0,1,1,1,2020,Winter,Urban,1,0,0,0,0,0,0,0,0,1,1,6,948
Rabies,Yunnan,65+,Female,25,0,1,1,5,2019,Spring,Rural,1,0,0,0,0,0,0,0,0,1,0,5,152
Typhoid,Beijing,0-14,Male,21,0,1,1,1,2019,Winter,Urban,1,0,0,0,0,0,1,1,0,1,1,4,700
Tuberculosis,Beijing,45-64,Male,17,0,1,1,11,2020,Autumn,Rural,1,0,0,0,0,1,0,0,0,1,1,23,863
Typhoid,Sichuan,0-14,Male,17,0,0,1,6,2019,Summer,Urban,0,0,0,1,0,0,0,0,0,1,0,0,307
Rabies,Shandong,15-24,Male,27,0,1,1,7,2019,Summer,Rural,1,0,0,1,0,0,1,1,0,0,0,26,209
HIV/AIDS,Beijing,65+,Female,12,0,0,1,6,2022,Summer,Urban,0,0,0,0,0,1,1,0,0,1,0,0,836
Measles,Yunnan,15-24,Female,15,1,1,0,9,2018,Autumn,Rural,0,0,0,0,0,0,0,0,0,1,1,15,549
Rabies,Sichuan,65+,Female,29,0,0,1,3,2022,Spring,Rural,1,0,0,1,0,0,0,0,0,1,0,0,270
Typhoid,Guangdong,65+,Female,17,0,0,1,8,2018,Summer,Rural,0,0,0,0,0,0,1,0,1,1,0,0,906
Brucellosis,Jiangsu,15-24,Male,21,0,0,1,11,2022,Autumn,Urban,0,0,1,0,0,1,0,0,0,1,1,0,815
HIV/AIDS,Sichuan,15-24,Male,20,1,1,0,12,2020,Winter,Rural,0,1,0,0,0,0,1,0,0,1,1,28,764
Typhoid,Yunnan,25-44,Male,11,0,0,1,7,2019,Summer,Urban,0,1,1,0,0,0,0,0,1,1,1,0,689
Syphilis,Jiangsu,45-64,Male,23,1,1,0,5,2021,Spring,Urban,1,1,0,1,0,0,0,0,0,1,0,1,478
Dysentery,Hunan,15-24,Male,23,0,1,0,12,2022,Winter,Rural,1,0,0,0,0,1,0,0,0,1,0,1,833
Malaria,Hunan,0-14,Female,19,0,1,1,1,2022,Winter,Rural,0,0,1,1,0,1,0,0,1,0,0,28,608
Hepatitis B,Beijing,25-44,Male,19,1,1,0,11,2020,Autumn,Rural,0,0,0,0,0,0,1,0,0,1,1,25,877
Mumps,Jiangsu,15-24,Male,18,0,1,1,12,2019,Winter,Rural,0,0,0,0,0,0,1,0,1,1,1,8,315
Typhoid,Shanghai,45-64,Female,15,0,0,1,4,2022,Spring,Urban,0,1,0,1,0,0,0,0,0,1,0,0,773
Scarlet Fever,Hunan,15-24,Female,19,0,0,1,11,2021,Autumn,Rural,1,0,0,0,0,0,1,0,0,1,1,0,687
Hepatitis B,Shanghai,65+,Male,17,0,1,1,9,2019,Autumn,Rural,1,0,0,1,0,1,0,0,0,1,1,22,637
Brucellosis,Guangdong,0-14,Male,17,0,1,1,8,2022,Summer,Rural,0,0,1,0,1,1,0,0,1,1,1,0,646
COVID-19,Sichuan,25-44,Female,23,0,0,1,3,2022,Spring,Rural,0,1,0,1,0,0,0,0,0,1,1,0,176
Influenza,Zhejiang,65+,Male,20,0,1,1,2,2018,Winter,Urban,1,0,1,0,0,0,0,0,1,1,0,15,822
Typhoid,Yunnan,45-64,Male,17,0,1,1,11,2018,Autumn,Urban,1,0,0,0,0,0,0,0,0,0,0,13,923
Dysentery,Sichuan,65+,Male,22,0,1,1,9,2022,Autumn,Urban,1,1,0,0,0,1,1,0,1,1,0,22,147
Hepatitis B,Yunnan,65+,Female,19,0,0,1,1,2020,Winter,Rural,1,1,0,0,0,0,1,0,1,0,0,0,122
Mumps,Jiangsu,45-64,Male,25,1,0,0,9,2018,Autumn,Urban,1,0,0,0,0,0,1,0,0,1,0,0,164
Rabies,Guangdong,65+,Male,17,1,1,0,12,2022,Winter,Rural,1,0,0,0,0,0,0,0,0,0,0,25,619
Typhoid,Henan,25-44,Female,12,0,1,1,7,2019,Summer,Urban,1,1,0,0,0,1,0,0,0,1,0,18,592
Tuberculosis,Beijing,15-24,Female,21,0,1,1,12,2021,Winter,Rural,1,0,0,0,1,1,1,0,0,1,0,0,842
Brucellosis,Yunnan,25-44,Male,17,0,0,0,11,2022,Autumn,Rural,1,0,0,0,0,0,0,1,0,0,1,0,472
Malaria,Jiangsu,15-24,Female,23,0,1,1,5,2018,Spring,Rural,1,0,1,0,0,1,0,0,1,1,0,2,837
Dysentery,Shanghai,15-24,Male,23,0,1,0,2,2019,Winter,Urban,0,0,0,1,0,0,0,0,0,1,1,14,240
Chickenpox,Sichuan,65+,Female,19,0,1,1,5,2020,Spring,Rural,0,0,0,1,0,1,0,1,0,1,0,14,847
Chickenpox,Henan,25-44,Male,20,1,1,0,7,2022,Summer,Urban,1,0,1,0,0,1,0,0,0,1,0,4,276
Scarlet Fever,Shandong,65+,Female,22,1,0,0,5,2019,Spring,Urban,0,0,0,1,0,1,1,0,0,1,1,0,866
Hepatitis B,Beijing,45-64,Male,22,1,1,0,2,2021,Winter,Urban,1,0,1,0,0,1,1,0,0,1,1,23,204
Dysentery,Zhejiang,15-24,Male,21,0,0,0,11,2022,Autumn,Rural,1,0,0,1,0,1,0,0,0,1,0,0,749
HIV/AIDS,Shandong,65+,Female,20,0,1,1,5,2021,Spring,Urban,1,0,0,0,0,1,1,0,0,1,1,24,230
Mumps,Sichuan,15-24,Female,23,0,0,0,12,2020,Winter,Rural,0,0,0,1,0,0,0,0,0,1,0,0,639
Malaria,Beijing,25-44,Male,15,0,1,1,12,2022,Winter,Rural,1,1,0,0,0,0,0,0,0,1,1,15,126
Rabies,Yunnan,0-14,Female,29,0,1,1,10,2022,Autumn,Urban,1,0,0,1,0,0,1,0,0,1,0,21,440
Typhoid,Zhejiang,65+,Male,20,1,1,0,6,2019,Summer,Urban,1,0,0,0,0,1,1,0,0,1,1,19,622
Typhoid,Shanghai,65+,Female,24,0,1,1,5,2018,Spring,Rural,1,0,0,0,1,0,0,0,0,1,1,14,315
Chickenpox,Henan,15-24,Female,15,1,0,0,2,2022,Winter,Rural,1,0,0,0,0,1,0,0,0,1,1,0,111
Typhoid,Shanghai,25-44,Male,19,1,1,0,6,2020,Summer,Urban,1,1,0,1,0,1,1,0,0,1,1,29,106
Brucellosis,Guangdong,45-64,Female,15,0,1,1,6,2022,Summer,Rural,1,1,1,0,0,0,0,0,1,1,0,13,781
Malaria,Jiangsu,25-44,Female,22,0,0,0,12,2022,Winter,Rural,0,0,0,0,0,0,0,0,0,1,1,0,963
Tuberculosis,Beijing,65+,Male,14,0,0,1,2,2022,Winter,Rural,1,0,0,0,0,1,0,0,0,1,0,0,928
Influenza,Shanghai,45-64,Male,12,0,1,1,4,2022,Spring,Urban,0,1,0,0,0,0,0,0,0,1,1,17,675
Scarlet Fever,Shandong,25-44,Female,23,0,0,1,7,2020,Summer,Urban,1,0,0,1,0,1,0,0,0,1,1,0,383
Measles,Jiangsu,0-14,Male,21,1,1,0,1,2019,Winter,Urban,0,0,0,1,0,1,0,0,0,1,1,4,509
Syphilis,Shanghai,15-24,Female,21,0,1,1,1,2018,Winter,Rural,0,0,0,0,1,0,0,0,0,0,1,14,960
Scarlet Fever,Hunan,25-44,Female,16,0,1,1,11,2020,Autumn,Urban,0,0,0,1,0,1,0,0,1,1,0,23,958
Hepatitis B,Guangdong,25-44,Male,22,0,1,1,12,2020,Winter,Urban,0,1,0,0,0,0,0,0,0,0,1,10,791
Tuberculosis,Sichuan,0-14,Male,17,0,1,1,11,2021,Autumn,Rural,1,0,0,0,0,1,1,0,0,1,1,26,557
Scarlet Fever,Henan,65+,Male,16,0,1,1,6,2018,Summer,Urban,1,0,0,0,0,1,1,0,0,1,1,29,999
Rabies,Guangdong,15-24,Male,28,0,1,1,7,2019,Summer,Urban,0,1,0,1,0,0,0,0,1,1,0,28,205
Chickenpox,Jiangsu,25-44,Male,22,1,0,0,12,2019,Winter,Urban,1,1,0,0,0,1,1,0,0,1,0,0,249
COVID-19,Hunan,45-64,Male,20,0,1,1,5,2021,Spring,Rural,1,0,0,0,0,0,0,1,1,0,0,26,365
Hepatitis B,Beijing,25-44,Female,27,0,0,1,12,2021,Winter,Rural,0,0,0,0,0,1,0,0,0,0,1,0,999
Typhoid,Shandong,15-24,Female,13,0,0,1,10,2020,Autumn,Urban,1,0,0,1,0,1,0,0,1,0,1,0,746
Dysentery,Henan,25-44,Male,15,0,1,1,8,2019,Summer,Rural,0,0,0,0,0,1,0,0,1,1,1,24,290
Rabies,Henan,0-14,Female,15,0,1,1,11,2019,Autumn,Urban,0,0,0,1,0,1,0,0,0,1,1,19,341
Hepatitis B,Guangdong,25-44,Female,22,0,1,1,4,2019,Spring,Urban,0,0,0,0,0,1,0,0,1,1,1,20,698
COVID-19,Jiangsu,25-44,Female,18,0,0,1,3,2020,Spring,Urban,1,0,0,0,0,1,0,1,0,1,1,0,294
Mumps,Beijing,45-64,Female,16,0,1,1,7,2019,Summer,Urban,0,0,0,0,0,0,0,0,1,1,1,2,187
Typhoid,Yunnan,0-14,Male,15,0,1,1,4,2022,Spring,Rural,1,1,1,0,1,0,1,0,0,0,1,16,466
Scarlet Fever,Hunan,0-14,Female,19,0,0,1,1,2021,Winter,Urban,1,0,1,0,0,1,0,0,1,1,1,0,584
Scarlet Fever,Yunnan,25-44,Female,24,0,1,0,11,2021,Autumn,Rural,0,1,0,1,0,1,0,0,0,1,1,8,460
Hepatitis B,Shandong,45-64,Male,17,1,1,0,8,2021,Summer,Rural,1,0,1,0,0,0,1,0,0,1,1,10,215
Dysentery,Beijing,25-44,Male,23,0,1,0,5,2021,Spring,Urban,0,0,0,0,0,1,0,0,1,1,0,13,943
Mumps,Beijing,25-44,Male,15,0,0,1,8,2022,Summer,Urban,0,0,0,0,0,1,1,0,1,1,0,0,888
Typhoid,Hunan,15-24,Male,20,0,1,1,8,2018,Summer,Urban,0,1,0,0,1,1,0,0,0,1,0,0,531
Influenza,Yunnan,45-64,Male,22,0,1,0,5,2021,Spring,Rural,1,0,0,0,0,1,1,1,0,1,0,29,884
Scarlet Fever,Shanghai,65+,Female,14,0,0,1,8,2019,Summer,Rural,0,0,0,0,0,1,1,0,0,1,1,0,562
Tuberculosis,Zhejiang,65+,Male,19,1,1,0,3,2022,Spring,Rural,0,1,0,1,1,0,1,0,0,0,1,0,579
Scarlet Fever,Shanghai,0-14,Male,17,0,1,1,4,2019,Spring,Urban,0,0,0,1,0,0,0,0,0,0,1,15,620
COVID-19,Jiangsu,15-24,Male,19,1,0,0,11,2021,Autumn,Urban,1,0,0,0,0,1,0,0,0,1,1,0,523
HIV/AIDS,Hunan,15-24,Male,25,0,1,0,12,2019,Winter,Rural,1,1,0,0,0,0,1,0,0,1,1,11,853
Chickenpox,Jiangsu,45-64,Male,22,0,1,1,7,2022,Summer,Rural,1,0,0,0,0,1,1,0,1,1,1,5,483
Syphilis,Henan,65+,Male,21,1,0,0,4,2021,Spring,Rural,0,0,0,1,0,0,0,0,1,0,0,0,313
Malaria,Sichuan,15-24,Female,23,1,1,0,6,2022,Summer,Urban,1,0,0,0,0,1,0,0,0,1,0,22,835
Chickenpox,Shanghai,15-24,Female,16,0,0,1,12,2020,Winter,Urban,0,0,0,0,0,0,0,0,0,1,1,0,798
Brucellosis,Zhejiang,45-64,Female,20,0,1,1,2,2018,Winter,Rural,1,1,0,0,0,1,1,0,1,1,0,5,936
Syphilis,Shanghai,45-64,Female,17,0,0,1,12,2019,Winter,Urban,1,0,0,0,0,1,1,1,0,1,1,0,221
Rabies,Shanghai,65+,Male,17,0,1,1,2,2019,Winter,Rural,1,0,0,0,0,1,1,0,0,1,1,29,807
Syphilis,Jiangsu,0-14,Female,14,0,1,0,10,2020,Autumn,Urban,0,0,0,0,0,0,0,0,0,1,0,15,360
Brucellosis,Yunnan,25-44,Female,14,1,1,0,7,2018,Summer,Urban,0,0,1,1,1,0,1,1,0,1,0,21,106
Typhoid,Sichuan,15-24,Female,28,0,0,1,3,2022,Spring,Rural,1,0,1,0,0,0,1,0,0,0,1,0,558
Influenza,Hunan,65+,Male,24,0,1,0,12,2020,Winter,Urban,1,0,0,0,0,1,0,0,0,1,1,12,970
HIV/AIDS,Shandong,15-24,Male,18,1,1,0,3,2020,Spring,Urban,0,0,0,0,0,1,0,0,0,1,1,14,768
Tuberculosis,Hunan,65+,Male,18,0,1,1,4,2021,Spring,Urban,1,0,0,1,0,0,1,0,0,1,0,17,127
COVID-19,Henan,65+,Female,18,0,1,1,10,2020,Autumn,Urban,1,1,0,1,1,0,1,1,0,1,1,0,924
Tuberculosis,Sichuan,65+,Female,17,0,1,1,6,2020,Summer,Urban,1,1,0,0,0,0,0,1,0,1,0,4,930
Dysentery,Beijing,15-24,Male,28,0,1,1,1,2019,Winter,Urban,1,0,0,0,1,1,0,0,1,1,0,7,521
Scarlet Fever,Shandong,45-64,Male,15,1,1,0,6,2021,Summer,Rural,1,0,0,0,0,1,0,0,0,1,0,3,822
COVID-19,Guangdong,15-24,Female,25,0,0,1,8,2022,Summer,Rural,1,0,1,0,0,1,0,0,0,1,0,0,660
Malaria,Hunan,65+,Female,19,0,1,1,12,2018,Winter,Rural,1,0,0,0,1,1,0,0,0,1,0,16,591
COVID-19,Shanghai,25-44,Male,19,0,1,0,8,2022,Summer,Rural,1,1,0,0,0,0,1,0,0,1,0,1,879
Hepatitis B,Yunnan,0-14,Female,12,0,0,1,6,2021,Summer,Urban,0,0,0,0,0,0,0,0,0,1,1,0,784
Influenza,Beijing,65+,Male,16,0,1,1,6,2019,Summer,Rural,1,0,0,1,0,1,0,0,0,1,1,15,457
Hepatitis B,Hunan,25-44,Male,26,1,1,0,3,2018,Spring,Urban,1,1,0,0,0,0,1,0,1,1,1,18,822
COVID-19,Hunan,45-64,Female,18,0,0,1,2,2022,Winter,Rural,0,1,0,1,0,0,0,0,1,1,0,0,580
HIV/AIDS,Zhejiang,65+,Female,24,0,1,1,7,2018,Summer,Rural,0,0,0,0,0,0,1,0,1,1,0,6,400
Syphilis,Zhejiang,25-44,Female,20,0,1,1,8,2018,Summer,Urban,1,0,0,0,0,1,0,0,0,1,0,10,488
Tuberculosis,Beijing,65+,Male,18,0,1,1,10,2018,Autumn,Urban,1,0,0,0,0,1,0,0,1,1,0,1,164
HIV/AIDS,Jiangsu,15-24,Female,20,0,0,1,6,2020,Summer,Rural,1,0,0,0,0,0,0,0,1,1,0,0,262
COVID-19,Zhejiang,25-44,Female,20,0,1,1,5,2021,Spring,Urban,0,0,0,1,0,1,0,1,1,1,0,17,978
Brucellosis,Shanghai,15-24,Male,18,1,1,0,4,2021,Spring,Urban,0,0,0,0,0,0,0,0,0,1,1,6,210
Syphilis,Shandong,15-24,Male,21,0,1,1,1,2019,Winter,Urban,1,0,0,0,0,1,0,0,0,1,0,27,770
Brucellosis,Guangdong,25-44,Female,18,0,0,1,9,2022,Autumn,Urban,0,0,0,0,0,0,0,0,0,1,0,0,345
Tuberculosis,Sichuan,0-14,Male,31,1,1,0,11,2019,Autumn,Rural,1,1,0,1,0,1,1,0,1,1,0,12,903
Syphilis,Guangdong,25-44,Male,22,0,1,1,10,2022,Autumn,Urban,1,0,0,1,1,1,1,0,0,1,0,2,523
Malaria,Guangdong,0-14,Male,21,0,1,1,4,2018,Spring,Rural,0,0,0,1,0,0,1,0,0,1,1,8,710
Influenza,Sichuan,65+,Female,21,0,1,1,2,2022,Winter,Rural,1,0,0,1,0,0,0,0,0,1,1,16,523
Chickenpox,Zhejiang,65+,Female,14,0,1,1,4,2022,Spring,Rural,1,0,1,1,1,0,1,0,0,1,1,0,800
Mumps,Beijing,25-44,Male,18,1,1,0,11,2018,Autumn,Rural,0,0,0,1,0,1,0,0,0,1,1,14,623
Rabies,Sichuan,65+,Male,30,0,0,0,5,2019,Spring,Rural,1,1,0,0,0,0,0,0,0,1,1,0,346
HIV/AIDS,Henan,45-64,Male,22,2,1,0,2,2022,Winter,Rural,1,0,0,0,1,1,0,0,1,1,0,6,821
Scarlet Fever,Jiangsu,15-24,Female,18,0,0,1,7,2019,Summer,Rural,1,1,0,0,0,0,0,0,0,1,0,0,831
HIV/AIDS,Shandong,15-24,Male,20,0,1,1,3,2019,Spring,Urban,1,0,0,1,0,0,0,0,1,1,1,10,880
Mumps,Yunnan,0-14,Male,26,0,1,1,8,2021,Summer,Rural,1,0,0,0,0,1,0,0,0,1,1,23,513
Chickenpox,Zhejiang,65+,Female,26,0,0,1,4,2018,Spring,Urban,1,0,0,0,0,1,0,0,0,1,1,0,651
Measles,Jiangsu,0-14,Male,26,0,0,1,12,2018,Winter,Urban,0,1,0,0,0,1,1,1,1,1,1,0,172
Typhoid,Sichuan,15-24,Female,21,0,1,1,11,2020,Autumn,Rural,0,0,0,0,1,0,0,0,0,1,0,25,458
Malaria,Henan,15-24,Female,25,1,1,0,5,2019,Spring,Rural,1,0,0,1,0,0,1,0,0,1,1,16,505
Brucellosis,Yunnan,65+,Female,18,0,1,1,3,2020,Spring,Rural,1,0,0,0,1,0,1,1,0,1,1,21,667
Malaria,Shandong,45-64,Male,26,0,1,1,5,2018,Spring,Urban,1,0,0,0,0,1,0,1,1,0,0,1,668
Mumps,Zhejiang,65+,Female,19,0,1,1,9,2020,Autumn,Urban,1,0,0,0,0,1,1,0,0,1,1,16,754
Scarlet Fever,Jiangsu,0-14,Female,19,0,0,1,2,2018,Winter,Urban,0,0,0,0,0,0,0,1,0,1,0,0,475
Hepatitis B,Beijing,65+,Male,22,0,1,1,7,2021,Summer,Rural,1,1,1,0,0,0,0,0,0,1,0,1,665
Syphilis,Jiangsu,45-64,Female,19,1,1,0,10,2022,Autumn,Urban,1,0,0,0,0,0,1,1,0,1,1,12,755
Typhoid,Jiangsu,65+,Female,20,0,1,1,8,2021,Summer,Rural,1,0,0,0,0,1,0,0,0,1,1,9,823
Influenza,Shandong,0-14,Male,22,0,1,1,3,2022,Spring,Rural,1,0,0,0,0,0,1,0,1,1,0,16,843
Influenza,Beijing,0-14,Male,21,0,1,1,11,2021,Autumn,Rural,1,0,0,0,0,1,0,0,0,1,0,22,507
Mumps,Beijing,0-14,Male,15,0,0,1,4,2021,Spring,Urban,1,0,0,1,0,0,0,1,0,1,0,0,691
Malaria,Zhejiang,0-14,Male,17,0,0,1,11,2019,Autumn,Urban,0,0,0,0,0,1,0,0,1,1,0,0,982
Influenza,Yunnan,25-44,Female,17,0,1,1,10,2020,Autumn,Urban,0,0,0,1,0,0,1,0,0,1,1,10,819
Scarlet Fever,Hunan,65+,Female,20,0,1,1,2,2021,Winter,Urban,0,0,0,1,1,0,0,1,0,1,1,0,989
Brucellosis,Guangdong,15-24,Male,26,1,1,0,10,2019,Autumn,Urban,0,0,1,1,0,0,1,0,0,1,0,2,508
Measles,Guangdong,65+,Male,19,0,1,0,9,2021,Autumn,Rural,1,0,0,1,0,1,1,0,0,1,1,9,226
HIV/AIDS,Shandong,25-44,Female,21,0,0,1,3,2020,Spring,Rural,1,0,0,1,0,1,0,0,1,1,1,0,794
Dysentery,Hunan,0-14,Male,19,0,1,1,9,2019,Autumn,Rural,1,0,0,1,0,0,1,0,0,1,1,15,979
Scarlet Fever,Yunnan,25-44,Male,25,1,1,0,7,2022,Summer,Rural,1,1,0,0,0,0,1,0,0,1,0,15,996
COVID-19,Hunan,45-64,Male,11,0,0,0,6,2020,Summer,Urban,0,0,0,1,0,1,0,1,1,1,0,0,533
Rabies,Zhejiang,45-64,Male,19,1,1,0,11,2018,Autumn,Urban,1,1,0,1,0,1,0,0,1,1,1,12,222
Mumps,Jiangsu,65+,Female,22,1,0,0,12,2019,Winter,Rural,0,1,0,0,0,1,1,0,1,0,1,0,277
Hepatitis B,Shandong,65+,Female,20,0,1,1,11,2018,Autumn,Rural,0,0,0,0,1,0,0,0,1,1,1,0,852
Syphilis,Beijing,15-24,Male,25,2,1,0,3,2019,Spring,Urban,0,0,0,0,0,0,1,1,1,1,0,5,215
Rabies,Shandong,15-24,Female,11,0,1,1,11,2022,Autumn,Urban,0,0,0,0,0,0,0,0,0,1,0,2,938
Syphilis,Guangdong,45-64,Male,15,0,1,1,7,2019,Summer,Rural,1,0,0,0,0,1,0,0,0,1,1,25,841
Tuberculosis,Yunnan,0-14,Male,15,0,1,1,11,2021,Autumn,Rural,1,0,0,1,0,0,1,0,0,1,1,23,592
Rabies,Hunan,25-44,Male,18,0,1,0,3,2018,Spring,Urban,1,0,0,0,0,1,1,0,1,1,0,1,959
Dysentery,Yunnan,15-24,Female,29,0,0,1,11,2018,Autumn,Urban,0,0,0,0,0,1,1,0,1,1,1,0,767
Malaria,Zhejiang,15-24,Female,19,0,1,1,6,2019,Summer,Urban,1,0,0,0,0,1,1,0,0,1,1,23,259
Measles,Shandong,0-14,Female,27,0,1,1,8,2021,Summer,Rural,1,0,0,1,0,0,0,1,0,1,0,26,699
HIV/AIDS,Sichuan,0-14,Female,12,1,1,0,5,2021,Spring,Rural,1,0,0,1,0,0,0,0,0,1,1,1,619
HIV/AIDS,Shandong,65+,Female,18,0,1,1,11,2019,Autumn,Urban,1,1,0,1,0,1,0,0,1,1,1,29,911
Measles,Beijing,25-44,Male,31,0,0,1,11,2020,Autumn,Rural,1,0,1,0,0,1,0,0,0,0,1,0,195
Brucellosis,Shandong,0-14,Male,30,1,1,0,3,2022,Spring,Rural,0,0,1,0,0,0,1,0,1,1,1,3,127
Typhoid,Henan,15-24,Female,15,0,0,1,6,2019,Summer,Urban,1,0,0,0,0,1,1,0,0,1,1,0,223
Tuberculosis,Zhejiang,15-24,Female,21,0,1,1,8,2021,Summer,Rural,1,1,0,0,0,1,1,0,0,1,1,12,979
Syphilis,Shanghai,45-64,Female,23,0,1,1,10,2022,Autumn,Rural,1,0,0,0,0,1,1,0,1,1,0,28,806
Dysentery,Zhejiang,0-14,Male,31,0,1,0,3,2019,Spring,Rural,1,0,0,0,0,1,1,0,0,1,0,21,746
Influenza,Hunan,65+,Female,25,0,1,0,12,2022,Winter,Urban,1,0,0,1,0,0,0,1,0,0,1,16,233
Rabies,Shanghai,25-44,Male,21,0,1,0,11,2020,Autumn,Urban,0,0,0,0,0,1,0,0,0,1,0,19,576
Tuberculosis,Hunan,65+,Male,30,0,1,1,11,2021,Autumn,Rural,0,0,0,0,0,1,1,0,0,1,0,28,656
Scarlet Fever,Hunan,15-24,Female,21,0,0,1,5,2020,Spring,Rural,1,0,0,0,0,1,1,0,0,1,0,0,113
Mumps,Beijing,65+,Male,10,0,1,0,9,2020,Autumn,Rural,0,1,0,0,0,0,1,0,0,0,1,12,272
Rabies,Beijing,15-24,Male,15,1,1,0,10,2021,Autumn,Rural,0,0,0,1,1,1,1,0,1,1,1,0,798
Dysentery,Jiangsu,15-24,Female,17,0,1,1,10,2020,Autumn,Urban,1,1,0,1,0,0,0,0,0,1,0,1,694
Hepatitis B,Guangdong,15-24,Male,19,0,1,1,3,2019,Spring,Rural,1,0,0,0,0,1,1,1,1,1,0,1,785
Hepatitis B,Jiangsu,15-24,Female,20,1,1,0,12,2019,Winter,Rural,1,1,0,0,0,1,0,1,0,0,0,21,414
COVID-19,Jiangsu,15-24,Male,22,1,1,0,11,2022,Autumn,Rural,1,0,0,1,1,1,1,0,1,1,1,17,956
Tuberculosis,Guangdong,45-64,Female,19,1,0,0,2,2019,Winter,Rural,1,0,0,1,0,1,0,0,0,1,1,0,904
Malaria,Sichuan,65+,Female,19,0,1,1,11,2019,Autumn,Urban,1,0,0,0,0,1,0,1,1,1,0,24,181
Dysentery,Shanghai,45-64,Male,15,2,1,0,8,2022,Summer,Rural,0,1,0,1,0,0,0,1,1,1,0,1,676
Dysentery,Yunnan,45-64,Female,28,0,1,1,7,2018,Summer,Urban,1,0,0,0,0,1,0,0,0,1,1,22,452
Measles,Jiangsu,0-14,Male,17,0,1,1,12,2021,Winter,Urban,0,1,0,1,0,1,0,0,0,0,1,29,140
Scarlet Fever,Shandong,0-14,Male,25,0,1,1,9,2019,Autumn,Rural,1,0,0,0,1,1,1,1,0,1,1,0,950
Malaria,Shandong,0-14,Female,24,2,1,0,4,2022,Spring,Urban,1,0,0,0,0,0,0,1,0,0,0,16,196
Scarlet Fever,Hunan,25-44,Male,18,0,1,1,3,2020,Spring,Urban,1,1,0,0,1,1,1,0,0,0,1,0,882
Brucellosis,Guangdong,0-14,Female,21,0,1,1,10,2020,Autumn,Urban,0,1,0,0,0,1,0,0,1,1,0,19,336
Syphilis,Hunan,65+,Male,27,0,0,1,5,2019,Spring,Rural,1,0,0,0,0,1,0,1,0,1,0,0,442
Syphilis,Henan,45-64,Male,19,0,0,1,11,2021,Autumn,Urban,0,0,0,0,0,0,1,0,0,1,1,0,778
Influenza,Henan,65+,Female,15,1,1,0,1,2022,Winter,Urban,1,0,0,1,0,1,0,0,0,1,0,14,561
COVID-19,Yunnan,0-14,Male,30,0,1,1,5,2022,Spring,Rural,1,0,0,1,0,1,0,0,1,1,0,25,293
HIV/AIDS,Beijing,25-44,Male,25,0,0,1,3,2022,Spring,Urban,0,1,0,0,0,1,0,0,0,1,0,0,432
Hepatitis B,Beijing,25-44,Male,17,0,1,1,1,2022,Winter,Rural,0,0,0,1,1,1,0,1,0,1,0,29,383
Mumps,Guangdong,45-64,Male,20,0,0,1,3,2022,Spring,Rural,1,0,0,1,0,0,1,0,0,0,1,0,514
Syphilis,Guangdong,65+,Male,16,0,1,1,5,2021,Spring,Rural,1,0,0,0,0,0,0,1,0,0,0,9,751
Malaria,Jiangsu,15-24,Male,23,0,1,1,5,2022,Spring,Rural,1,0,0,0,0,0,0,0,1,1,0,5,368
Dysentery,Henan,65+,Male,15,0,0,1,10,2021,Autumn,Rural,1,0,0,0,0,0,1,0,0,1,1,0,614
Mumps,Jiangsu,0-14,Male,15,0,1,0,12,2021,Winter,Urban,0,1,1,0,0,1,0,0,0,1,1,27,674
Chickenpox,Beijing,15-24,Female,15,0,1,0,8,2021,Summer,Rural,1,1,0,1,0,0,0,0,0,1,1,20,640
Scarlet Fever,Shanghai,25-44,Male,18,0,1,1,11,2020,Autumn,Urban,0,1,0,1,1,0,0,1,1,1,1,15,470
Syphilis,Shanghai,45-64,Male,16,1,1,0,1,2018,Winter,Urban,0,1,0,0,0,1,0,0,1,0,1,23,163
Dysentery,Guangdong,45-64,Female,16,0,0,1,7,2019,Summer,Rural,0,0,0,0,0,1,0,1,0,1,0,0,193
Syphilis,Hunan,25-44,Female,23,0,0,0,5,2020,Spring,Urban,1,1,0,0,0,1,0,0,0,1,1,0,431
Hepatitis B,Beijing,0-14,Female,18,0,0,1,3,2018,Spring,Urban,0,0,0,0,0,0,0,0,0,1,1,0,952
Chickenpox,Shanghai,25-44,Male,31,0,1,1,4,2020,Spring,Rural,0,1,0,0,0,0,1,1,0,1,0,4,225
Rabies,Beijing,0-14,Female,16,1,1,0,3,2021,Spring,Rural,0,1,1,0,0,1,1,0,1,1,0,23,933
Syphilis,Zhejiang,15-24,Female,13,0,0,1,8,2021,Summer,Rural,0,0,0,0,0,0,0,0,0,1,0,0,983
Brucellosis,Shandong,25-44,Male,21,0,1,1,4,2022,Spring,Urban,1,0,0,1,0,0,1,1,1,1,1,16,789
Malaria,Henan,0-14,Male,18,1,1,0,3,2021,Spring,Urban,1,0,0,0,1,0,0,1,0,1,1,6,307
Syphilis,Jiangsu,15-24,Female,31,0,1,1,2,2020,Winter,Urban,1,0,0,0,1,0,0,0,0,1,0,0,451
HIV/AIDS,Beijing,25-44,Female,22,0,1,1,3,2019,Spring,Urban,1,0,1,0,0,0,1,0,1,1,0,16,831
Mumps,Shandong,45-64,Male,11,0,1,1,7,2021,Summer,Rural,0,0,0,0,0,0,1,0,1,1,1,4,601
Mumps,Zhejiang,25-44,Male,13,0,1,1,6,2018,Summer,Urban,1,0,0,0,0,0,0,0,0,1,0,5,756
Hepatitis B,Jiangsu,65+,Male,15,2,1,0,10,2020,Autumn,Urban,1,1,0,1,0,0,1,0,1,1,1,9,220
Malaria,Beijing,25-44,Male,23,0,1,1,12,2018,Winter,Rural,1,0,0,1,1,1,0,1,1,1,1,4,155
Chickenpox,Guangdong,65+,Male,22,1,0,0,5,2022,Spring,Urban,1,0,0,0,0,0,0,0,1,1,0,0,213
Brucellosis,Shandong,15-24,Female,21,2,1,0,8,2022,Summer,Rural,1,0,0,1,0,0,0,0,0,0,0,24,822
Measles,Jiangsu,25-44,Male,29,0,1,1,11,2019,Autumn,Urban,1,0,0,1,0,1,0,0,0,1,1,19,618
Malaria,Beijing,15-24,Male,26,0,0,1,1,2020,Winter,Rural,0,0,0,0,0,1,0,0,0,1,0,0,395
Mumps,Shandong,15-24,Male,30,0,1,1,3,2019,Spring,Urban,1,1,0,0,0,1,0,1,0,1,0,1,356
HIV/AIDS,Zhejiang,0-14,Male,18,0,1,1,2,2018,Winter,Rural,1,0,1,0,1,1,1,0,0,1,1,8,269
Rabies,Beijing,15-24,Male,29,0,1,1,2,2019,Winter,Urban,1,0,0,0,0,0,0,0,0,1,1,17,263
Hepatitis B,Beijing,15-24,Female,23,0,0,1,12,2018,Winter,Urban,1,0,0,0,0,1,1,0,0,1,0,0,980
Measles,Beijing,25-44,Male,17,0,1,1,11,2019,Autumn,Rural,1,1,0,1,0,1,0,0,0,1,0,27,906
HIV/AIDS,Yunnan,25-44,Female,16,1,1,0,12,2022,Winter,Rural,1,0,0,0,0,0,1,1,0,1,0,21,988
Chickenpox,Guangdong,45-64,Male,15,0,1,0,1,2020,Winter,Rural,1,1,0,0,0,1,1,0,0,1,0,8,228
Scarlet Fever,Zhejiang,0-14,Female,27,0,1,1,5,2019,Spring,Urban,1,0,0,1,1,1,0,0,0,0,1,4,851
Chickenpox,Jiangsu,15-24,Female,20,1,1,0,5,2018,Spring,Rural,0,0,0,1,1,1,1,1,0,1,1,25,827
HIV/AIDS,Yunnan,0-14,Male,21,0,1,1,3,2020,Spring,Rural,1,0,0,1,0,0,0,0,1,0,1,17,290
Scarlet Fever,Hunan,65+,Male,17,0,1,1,12,2022,Winter,Urban,1,0,0,0,0,1,1,0,1,1,0,11,685
Tuberculosis,Yunnan,15-24,Male,19,0,1,1,12,2022,Winter,Rural,1,0,0,1,0,1,0,1,0,1,0,5,942
Hepatitis B,Henan,0-14,Male,21,0,1,1,9,2021,Autumn,Rural,0,0,0,1,0,1,1,0,0,1,0,16,969
Malaria,Henan,45-64,Male,20,0,1,1,12,2020,Winter,Rural,0,0,0,1,0,0,0,0,1,1,0,13,953
Scarlet Fever,Beijing,45-64,Female,18,0,1,1,6,2019,Summer,Urban,1,0,0,0,0,0,0,0,0,1,1,9,923
COVID-19,Yunnan,15-24,Male,16,0,0,1,10,2022,Autumn,Urban,1,1,0,1,0,1,1,1,1,1,0,0,514
Scarlet Fever,Hunan,65+,Male,24,2,0,0,6,2019,Summer,Urban,1,1,0,1,0,0,1,0,0,1,0,0,356
Dysentery,Yunnan,45-64,Female,17,0,0,0,10,2019,Autumn,Rural,0,0,0,1,0,1,1,0,1,1,1,0,652
Rabies,Guangdong,45-64,Male,13,0,1,1,6,2018,Summer,Urban,1,0,0,0,0,1,0,0,0,1,1,9,750
Dysentery,Guangdong,65+,Female,13,0,1,0,2,2019,Winter,Urban,1,0,0,0,1,1,1,0,0,1,0,13,361
Malaria,Hunan,0-14,Male,20,0,1,1,11,2021,Autumn,Urban,0,0,0,0,0,0,1,0,0,1,0,14,291
Malaria,Yunnan,45-64,Female,25,0,1,1,10,2020,Autumn,Rural,1,0,1,0,0,0,0,0,0,0,0,15,336
Hepatitis B,Shandong,25-44,Male,12,1,1,0,10,2020,Autumn,Urban,1,0,0,0,0,0,0,0,0,0,1,5,820
Malaria,Guangdong,45-64,Female,21,0,1,1,8,2018,Summer,Urban,0,0,0,0,0,0,1,1,0,1,0,13,177
Mumps,Guangdong,0-14,Female,18,0,1,1,6,2021,Summer,Urban,0,0,0,0,0,0,1,0,0,1,1,3,451
Scarlet Fever,Shanghai,0-14,Male,21,0,1,1,3,2021,Spring,Urban,0,0,0,1,0,1,1,0,0,0,0,12,503
Scarlet Fever,Yunnan,15-24,Male,20,0,1,1,10,2020,Autumn,Rural,0,0,1,0,0,0,0,1,0,1,0,26,984
Tuberculosis,Guangdong,25-44,Male,22,0,1,1,9,2021,Autumn,Urban,0,0,0,0,0,1,1,0,0,1,1,26,871
Measles,Zhejiang,0-14,Female,22,0,1,1,2,2022,Winter,Urban,0,0,0,0,0,1,0,0,0,1,0,7,862
Malaria,Yunnan,65+,Female,17,0,1,1,7,2019,Summer,Urban,1,0,0,0,0,1,1,0,0,1,1,22,146
Dysentery,Henan,25-44,Female,25,0,0,1,3,2019,Spring,Rural,1,0,0,0,0,1,0,0,1,1,1,0,448
Malaria,Shanghai,25-44,Male,19,0,1,1,12,2020,Winter,Rural,1,1,1,1,0,0,0,0,0,1,1,20,909
Chickenpox,Guangdong,65+,Male,19,0,1,1,6,2020,Summer,Urban,0,0,0,1,1,1,0,0,1,1,0,10,712
Tuberculosis,Shanghai,45-64,Female,13,0,0,1,5,2021,Spring,Rural,1,0,1,0,0,1,0,0,0,1,0,0,560
Mumps,Henan,65+,Male,10,2,1,0,6,2018,Summer,Urban,1,0,1,0,0,1,1,0,1,1,0,4,902
Mumps,Hunan,65+,Female,25,0,1,1,8,2020,Summer,Rural,1,0,0,0,0,0,0,0,0,0,0,24,252
Syphilis,Hunan,45-64,Male,16,1,1,0,3,2020,Spring,Rural,1,0,0,0,0,0,0,0,1,1,1,17,726
Scarlet Fever,Yunnan,45-64,Male,16,0,1,1,2,2020,Winter,Urban,0,0,0,0,0,1,1,0,1,1,0,15,998
Mumps,Henan,45-64,Female,14,0,1,1,8,2021,Summer,Rural,1,0,0,0,0,0,0,0,0,1,1,22,406
Scarlet Fever,Sichuan,45-64,Male,23,0,1,1,1,2022,Winter,Rural,0,0,0,1,0,0,0,0,0,1,0,25,367
Syphilis,Sichuan,45-64,Male,18,0,1,1,2,2020,Winter,Urban,1,0,0,0,0,0,0,0,0,1,1,18,753
HIV/AIDS,Yunnan,65+,Male,21,0,0,1,10,2022,Autumn,Urban,1,0,1,1,0,0,0,0,0,1,1,0,387
Rabies,Beijing,15-24,Male,23,0,1,1,1,2021,Winter,Rural,0,0,0,0,0,1,0,0,0,1,0,8,405
Influenza,Shanghai,15-24,Male,18,1,1,0,5,2018,Spring,Rural,1,0,1,0,0,0,1,0,0,1,0,10,167
Brucellosis,Shanghai,0-14,Female,16,0,1,1,8,2019,Summer,Rural,1,0,0,0,0,0,0,0,0,1,0,10,384
Mumps,Hunan,15-24,Male,13,0,1,1,2,2019,Winter,Rural,0,0,1,0,0,0,0,0,1,1,0,13,642
Measles,Sichuan,15-24,Female,10,0,0,1,4,2019,Spring,Urban,1,1,1,0,0,0,0,0,0,0,0,0,579
Chickenpox,Jiangsu,65+,Male,23,1,1,0,4,2019,Spring,Rural,0,0,1,0,0,0,1,0,0,1,0,8,123
Typhoid,Guangdong,45-64,Male,22,0,1,1,11,2021,Autumn,Urban,0,0,0,1,1,0,0,0,1,1,1,0,110
HIV/AIDS,Guangdong,45-64,Female,15,0,1,0,11,2019,Autumn,Urban,1,1,0,1,0,0,1,0,1,1,0,25,738
Mumps,Guangdong,65+,Female,15,1,0,0,7,2021,Summer,Urban,1,1,0,0,0,1,0,0,0,1,0,0,385
Scarlet Fever,Hunan,15-24,Male,23,0,1,1,1,2018,Winter,Rural,1,0,0,0,0,0,0,1,0,1,0,10,886
Rabies,Henan,65+,Male,20,0,1,1,9,2020,Autumn,Rural,1,0,1,0,0,1,0,0,0,0,0,27,775
Syphilis,Shandong,0-14,Female,19,0,0,1,3,2020,Spring,Urban,1,0,0,1,0,0,0,1,0,1,1,0,873
Dysentery,Sichuan,45-64,Female,24,1,0,0,6,2020,Summer,Urban,1,0,0,0,0,1,0,0,0,0,0,0,229
Brucellosis,Sichuan,25-44,Female,22,1,1,0,10,2021,Autumn,Urban,0,0,0,0,0,0,0,0,0,1,0,28,842
Typhoid,Jiangsu,0-14,Female,26,1,0,0,5,2021,Spring,Urban,0,1,0,0,0,1,1,1,0,1,0,0,479
Rabies,Shanghai,0-14,Male,17,0,1,1,4,2021,Spring,Urban,0,0,0,1,0,1,0,0,1,1,0,7,886
Rabies,Beijing,65+,Male,20,1,1,0,9,2018,Autumn,Rural,1,0,0,1,0,1,0,0,1,1,0,22,529
Mumps,Yunnan,15-24,Male,21,0,1,1,11,2022,Autumn,Rural,1,0,0,1,0,0,1,0,0,1,1,3,339
HIV/AIDS,Shanghai,45-64,Male,18,0,1,0,12,2021,Winter,Rural,1,0,0,0,1,0,1,0,0,1,1,0,651
COVID-19,Henan,25-44,Male,18,0,0,1,9,2021,Autumn,Rural,0,0,0,1,0,1,0,0,0,1,1,0,245
Typhoid,Yunnan,0-14,Female,20,0,1,1,1,2020,Winter,Urban,0,0,0,1,0,1,1,0,1,1,1,6,972
Brucellosis,Sichuan,25-44,Female,20,0,1,1,7,2019,Summer,Urban,0,1,0,0,0,1,1,0,0,1,1,23,391
Hepatitis B,Henan,15-24,Female,21,0,1,1,10,2019,Autumn,Rural,1,0,0,0,1,1,1,0,0,1,0,26,411
Influenza,Yunnan,15-24,Male,20,1,1,0,9,2018,Autumn,Urban,1,0,0,1,0,0,1,0,1,1,1,7,407
Hepatitis B,Jiangsu,25-44,Female,28,0,1,1,5,2019,Spring,Urban,1,1,0,0,0,1,1,0,1,0,0,18,921
COVID-19,Jiangsu,45-64,Male,17,0,1,0,1,2022,Winter,Urban,1,0,0,1,1,0,1,0,1,1,1,22,923
Scarlet Fever,Zhejiang,15-24,Male,15,1,1,0,8,2020,Summer,Rural,0,0,0,0,0,1,0,0,0,0,0,7,984
Scarlet Fever,Shandong,25-44,Male,20,0,1,1,5,2018,Spring,Rural,1,0,0,0,0,0,0,0,0,0,0,18,729
Chickenpox,Jiangsu,0-14,Female,15,0,1,1,6,2019,Summer,Rural,0,0,1,0,0,1,0,0,1,0,1,24,725
Typhoid,Sichuan,25-44,Male,26,0,0,1,7,2019,Summer,Rural,0,1,0,0,0,1,0,0,0,1,1,0,631
Hepatitis B,Beijing,25-44,Male,22,0,1,0,10,2020,Autumn,Rural,1,0,0,0,1,0,0,0,0,1,0,25,328
Scarlet Fever,Guangdong,65+,Female,21,0,1,1,7,2018,Summer,Rural,0,1,0,0,0,1,0,0,0,1,1,3,612
COVID-19,Zhejiang,15-24,Male,22,0,1,1,12,2020,Winter,Urban,1,1,0,0,0,1,0,0,0,0,0,28,890
Mumps,Guangdong,45-64,Female,20,1,1,0,7,2018,Summer,Rural,0,0,0,0,0,1,0,0,0,1,1,9,905
Tuberculosis,Shandong,45-64,Male,18,0,1,1,1,2019,Winter,Urban,0,0,0,0,1,0,0,0,0,1,1,14,119
Syphilis,Yunnan,65+,Female,15,0,1,1,7,2020,Summer,Rural,1,0,0,0,0,1,0,0,1,1,1,22,359
Tuberculosis,Hunan,45-64,Male,20,0,0,1,11,2020,Autumn,Rural,1,0,0,1,0,1,1,0,1,1,0,0,854
Malaria,Jiangsu,25-44,Male,19,0,1,1,3,2022,Spring,Urban,0,0,0,0,0,0,0,1,0,1,1,14,991
Brucellosis,Beijing,65+,Female,26,0,1,1,5,2020,Spring,Rural,1,0,1,0,0,0,1,0,0,1,1,15,713
Hepatitis B,Shandong,0-14,Male,18,1,1,0,10,2018,Autumn,Urban,0,1,0,0,0,0,0,1,0,1,0,23,296
Chickenpox,Guangdong,15-24,Female,25,0,1,1,5,2022,Spring,Rural,1,0,0,0,0,1,0,1,1,1,1,20,489
Malaria,Zhejiang,15-24,Male,17,0,0,1,8,2020,Summer,Urban,1,0,0,0,0,0,0,0,1,1,1,0,802
Scarlet Fever,Jiangsu,15-24,Female,21,1,0,0,7,2020,Summer,Rural,0,0,0,0,0,0,1,0,0,1,0,0,445
Dysentery,Sichuan,25-44,Male,20,0,1,0,7,2022,Summer,Urban,1,0,0,0,0,0,1,1,1,1,0,28,740
Measles,Jiangsu,0-14,Male,19,0,1,1,6,2019,Summer,Rural,1,0,0,0,0,0,1,0,0,1,1,12,227
Dysentery,Zhejiang,65+,Male,27,0,0,1,7,2020,Summer,Urban,0,1,0,0,0,0,0,0,0,0,1,0,213
COVID-19,Zhejiang,65+,Female,26,0,1,0,7,2021,Summer,Rural,1,0,1,0,0,0,0,0,1,1,1,26,306
Typhoid,Hunan,15-24,Female,26,1,0,0,5,2019,Spring,Rural,1,0,0,0,0,0,0,0,0,1,1,0,947
Rabies,Jiangsu,0-14,Female,16,0,0,1,5,2020,Spring,Rural,1,0,1,1,0,0,0,0,1,1,0,0,954
Syphilis,Jiangsu,0-14,Female,18,0,1,1,4,2019,Spring,Rural,0,1,0,0,0,0,0,0,0,1,0,25,204
Hepatitis B,Hunan,0-14,Female,17,0,0,1,4,2018,Spring,Rural,1,1,0,1,0,0,1,0,0,1,1,0,825
Brucellosis,Henan,45-64,Male,15,1,0,0,5,2019,Spring,Rural,0,0,0,0,0,1,1,0,1,1,1,0,808
Chickenpox,Henan,45-64,Male,25,1,0,0,10,2022,Autumn,Urban,1,0,0,0,0,0,1,0,0,1,1,0,270
Chickenpox,Yunnan,15-24,Male,25,0,1,1,9,2020,Autumn,Urban,1,0,0,0,0,1,1,0,0,1,0,24,360
Brucellosis,Henan,0-14,Male,19,0,1,1,11,2019,Autumn,Urban,1,0,0,0,0,1,0,0,1,1,1,17,421
COVID-19,Shanghai,0-14,Male,22,0,1,0,12,2021,Winter,Urban,0,0,0,1,0,1,1,0,1,1,0,6,877
HIV/AIDS,Jiangsu,65+,Female,12,0,1,1,6,2018,Summer,Urban,1,0,1,1,0,1,0,0,0,1,1,1,985
Scarlet Fever,Beijing,65+,Male,23,1,1,0,8,2018,Summer,Urban,1,0,0,0,0,1,1,0,0,1,1,25,263
Measles,Jiangsu,15-24,Female,19,1,1,0,9,2019,Autumn,Rural,1,0,0,0,0,0,0,1,0,1,1,1,337
Influenza,Shanghai,0-14,Male,21,1,1,0,12,2022,Winter,Rural,1,1,0,0,0,1,1,0,0,1,1,1,774
Influenza,Shanghai,15-24,Female,22,0,1,1,4,2018,Spring,Rural,1,1,0,0,0,0,0,0,0,1,1,24,634
Influenza,Guangdong,65+,Female,11,1,1,0,12,2019,Winter,Urban,1,0,0,0,0,1,0,0,0,1,1,21,801
Hepatitis B,Jiangsu,65+,Female,11,1,1,0,7,2019,Summer,Rural,1,0,1,0,0,0,0,0,1,1,1,28,402
Influenza,Shandong,45-64,Male,21,0,0,1,5,2018,Spring,Urban,0,0,1,1,0,1,1,0,1,1,0,0,264
Mumps,Shanghai,15-24,Male,10,0,1,1,4,2019,Spring,Urban,1,0,0,0,0,0,0,1,0,1,1,1,518
Tuberculosis,Beijing,15-24,Male,18,1,1,0,12,2019,Winter,Urban,1,0,0,0,0,1,1,0,1,0,0,9,339
Chickenpox,Hunan,0-14,Male,17,0,0,1,7,2021,Summer,Rural,1,1,0,0,0,1,1,0,0,0,1,0,651
Measles,Yunnan,0-14,Female,14,2,1,0,3,2019,Spring,Rural,1,0,0,0,0,0,1,0,0,1,1,3,627
Tuberculosis,Guangdong,45-64,Female,10,0,1,1,1,2019,Winter,Urban,1,0,0,1,0,1,0,0,0,1,1,27,296
Rabies,Hunan,25-44,Female,28,0,0,1,7,2022,Summer,Rural,1,0,0,0,0,0,1,0,1,1,0,0,366
Measles,Guangdong,25-44,Female,26,1,0,0,9,2018,Autumn,Rural,0,0,0,1,0,1,1,1,0,0,1,0,150
Tuberculosis,Beijing,25-44,Male,28,0,1,0,2,2022,Winter,Urban,1,0,0,0,0,1,1,0,1,1,1,19,832
Measles,Zhejiang,15-24,Female,25,1,0,0,7,2020,Summer,Rural,1,0,0,0,0,1,0,0,1,1,1,0,467
Rabies,Jiangsu,15-24,Male,18,0,0,1,10,2022,Autumn,Rural,1,0,1,1,0,1,0,0,0,1,1,0,465
Malaria,Sichuan,65+,Female,17,0,1,1,2,2020,Winter,Urban,0,0,0,1,1,1,0,0,1,1,1,11,558
Mumps,Shandong,15-24,Female,17,0,1,1,3,2020,Spring,Urban,1,0,0,0,0,0,0,0,0,1,1,11,337
Hepatitis B,Hunan,15-24,Female,18,0,1,1,10,2022,Autumn,Rural,1,0,0,0,0,0,1,0,0,1,1,24,435
Hepatitis B,Jiangsu,15-24,Male,25,0,1,1,12,2021,Winter,Rural,1,0,0,0,0,0,1,0,1,0,0,5,444
COVID-19,Shandong,45-64,Male,18,1,1,0,10,2022,Autumn,Rural,0,0,0,0,0,0,0,0,0,1,0,17,422
Brucellosis,Zhejiang,15-24,Female,27,0,0,1,3,2018,Spring,Urban,1,0,0,0,0,1,1,0,1,0,1,0,806
Scarlet Fever,Sichuan,0-14,Female,18,0,1,1,12,2022,Winter,Urban,1,0,0,1,0,1,1,0,0,1,1,1,164
Chickenpox,Shandong,0-14,Female,25,0,1,1,4,2021,Spring,Urban,1,0,0,1,0,0,0,0,1,1,1,18,111
Influenza,Shandong,65+,Male,24,0,1,1,6,2022,Summer,Rural,0,0,0,0,0,1,1,0,0,1,0,28,913
Mumps,Hunan,45-64,Male,27,1,1,0,3,2021,Spring,Rural,1,0,0,0,0,0,0,1,0,1,0,26,451
Dysentery,Henan,0-14,Male,19,0,1,0,9,2018,Autumn,Urban,0,0,0,0,0,0,1,1,0,1,1,15,889
Influenza,Sichuan,45-64,Female,31,0,1,1,2,2019,Winter,Urban,0,0,0,1,0,1,0,0,1,1,1,22,431
Scarlet Fever,Jiangsu,45-64,Male,18,0,1,1,7,2021,Summer,Urban,1,0,0,0,0,1,0,0,0,0,0,1,649
Chickenpox,Zhejiang,65+,Female,22,0,0,0,6,2021,Summer,Rural,1,1,0,0,0,1,0,0,0,1,1,0,266
Typhoid,Sichuan,45-64,Male,20,0,1,1,2,2021,Winter,Rural,1,0,0,0,0,0,1,0,0,1,1,19,841
Scarlet Fever,Beijing,15-24,Female,16,0,1,1,11,2018,Autumn,Rural,1,0,0,0,0,1,1,0,0,1,1,25,543
Mumps,Henan,45-64,Female,15,0,1,0,3,2020,Spring,Rural,0,1,0,0,1,1,0,1,0,1,1,6,716
Tuberculosis,Beijing,65+,Male,16,1,1,0,6,2021,Summer,Urban,1,1,1,1,0,1,1,1,1,1,0,20,696
Measles,Zhejiang,65+,Female,20,1,1,0,10,2018,Autumn,Rural,1,0,0,0,0,1,1,0,0,1,1,6,289
Brucellosis,Hunan,65+,Female,13,1,1,0,4,2019,Spring,Rural,1,1,0,1,0,0,1,1,0,1,1,22,191
Brucellosis,Hunan,0-14,Female,19,1,0,0,1,2021,Winter,Urban,0,0,0,0,0,0,1,1,0,1,1,0,766
Dysentery,Zhejiang,15-24,Male,23,2,1,0,1,2020,Winter,Urban,1,0,0,0,0,0,0,0,0,0,0,22,916
Mumps,Guangdong,0-14,Female,22,0,1,0,3,2018,Spring,Urban,1,1,0,0,0,0,0,1,0,1,0,28,980
Rabies,Zhejiang,25-44,Male,20,0,1,1,8,2019,Summer,Rural,1,0,0,0,0,0,1,0,0,0,1,10,626
Typhoid,Henan,15-24,Male,16,0,0,0,11,2020,Autumn,Urban,0,0,1,0,0,0,0,1,1,1,0,0,900
Rabies,Shanghai,45-64,Female,26,1,1,0,4,2019,Spring,Rural,1,1,0,0,0,0,0,0,0,0,0,16,195
Hepatitis B,Hunan,65+,Male,17,0,0,1,11,2020,Autumn,Urban,1,0,0,0,0,1,0,1,1,1,0,0,913
COVID-19,Yunnan,25-44,Female,23,0,1,1,1,2022,Winter,Rural,0,1,1,1,0,1,1,0,1,1,1,7,325
Hepatitis B,Henan,15-24,Male,28,0,1,1,8,2022,Summer,Rural,1,0,0,1,0,1,1,0,0,1,1,5,599
Scarlet Fever,Henan,0-14,Female,18,0,1,1,10,2022,Autumn,Urban,1,0,1,0,1,0,0,1,0,0,0,0,729
Influenza,Henan,65+,Male,16,0,0,1,6,2019,Summer,Urban,0,0,0,1,0,1,0,1,0,1,0,0,298
Tuberculosis,Shandong,0-14,Female,15,0,1,0,1,2022,Winter,Rural,1,0,1,1,0,1,0,0,0,1,0,25,752
Dysentery,Henan,15-24,Female,21,0,1,1,12,2018,Winter,Urban,1,0,0,0,0,0,1,0,1,1,0,19,792
Scarlet Fever,Hunan,15-24,Female,18,0,1,1,10,2018,Autumn,Rural,1,0,0,0,0,1,1,0,0,1,1,11,266
Syphilis,Shanghai,25-44,Female,23,0,1,1,10,2022,Autumn,Urban,0,0,0,0,0,0,1,0,1,0,0,8,214
Typhoid,Shanghai,45-64,Male,10,0,0,1,6,2020,Summer,Rural,0,0,0,0,0,1,0,0,0,1,0,0,927
Brucellosis,Henan,0-14,Male,19,0,1,1,1,2020,Winter,Rural,1,0,0,1,0,0,1,0,1,1,0,14,205
Typhoid,Beijing,25-44,Female,16,0,1,0,10,2019,Autumn,Urban,1,0,0,0,0,0,0,0,1,1,1,14,989
Scarlet Fever,Hunan,65+,Male,19,0,1,1,10,2020,Autumn,Rural,1,0,0,0,1,1,0,1,0,1,0,0,103
Scarlet Fever,Hunan,45-64,Female,21,0,1,1,3,2021,Spring,Rural,1,0,1,1,0,1,1,0,0,0,1,29,344
Mumps,Sichuan,25-44,Female,25,0,1,1,2,2020,Winter,Rural,0,1,0,0,0,1,0,0,1,1,0,28,959
Influenza,Jiangsu,0-14,Male,21,1,0,0,4,2018,Spring,Rural,0,0,1,0,0,0,1,0,1,0,1,0,888
Hepatitis B,Guangdong,15-24,Male,27,0,1,1,2,2020,Winter,Urban,1,0,0,0,0,1,1,0,1,1,1,12,239
Brucellosis,Guangdong,65+,Female,18,0,1,1,11,2019,Autumn,Rural,0,0,0,0,0,0,0,0,0,1,1,8,176
COVID-19,Beijing,0-14,Male,19,1,1,0,5,2020,Spring,Rural,1,0,1,0,0,0,1,0,0,1,1,29,993
Influenza,Guangdong,45-64,Female,18,0,1,1,4,2019,Spring,Urban,1,0,0,0,0,1,1,1,1,1,0,10,149
Measles,Sichuan,45-64,Male,25,0,1,1,6,2021,Summer,Urban,0,0,1,1,0,0,0,0,0,1,0,21,752
Mumps,Zhejiang,15-24,Male,20,0,1,1,7,2022,Summer,Rural,1,0,0,0,0,1,0,0,0,1,0,10,791
Mumps,Guangdong,15-24,Male,16,1,0,0,12,2021,Winter,Rural,1,0,0,1,0,0,1,0,0,1,1,0,574
Dysentery,Hunan,65+,Male,21,1,1,0,2,2018,Winter,Rural,1,0,0,0,1,1,1,0,1,1,1,0,447
Tuberculosis,Zhejiang,65+,Male,26,0,0,1,2,2021,Winter,Urban,1,0,1,0,0,1,1,0,0,1,0,0,584
COVID-19,Guangdong,15-24,Female,18,0,1,1,8,2021,Summer,Rural,1,1,0,0,0,0,0,0,0,1,1,24,307
Chickenpox,Hunan,15-24,Male,25,0,0,1,9,2018,Autumn,Rural,0,1,0,0,0,0,0,0,0,0,0,0,728
Malaria,Hunan,45-64,Male,24,0,1,1,5,2018,Spring,Urban,1,0,1,1,0,0,0,0,0,1,0,5,760
Chickenpox,Henan,15-24,Female,15,0,1,1,7,2022,Summer,Rural,1,0,0,0,0,1,1,0,1,1,0,21,282
Scarlet Fever,Shanghai,25-44,Female,13,0,0,1,12,2022,Winter,Urban,1,0,0,0,0,0,0,0,0,1,0,0,621
HIV/AIDS,Beijing,0-14,Female,11,0,1,0,9,2020,Autumn,Rural,0,0,0,1,0,1,0,0,0,0,0,25,730
Brucellosis,Sichuan,15-24,Male,21,0,1,1,1,2019,Winter,Urban,1,0,0,0,1,1,1,0,1,1,1,24,191
HIV/AIDS,Shandong,65+,Male,19,0,0,1,8,2018,Summer,Rural,0,1,0,0,0,0,0,0,0,1,0,0,768
Mumps,Jiangsu,25-44,Female,16,0,1,1,10,2021,Autumn,Rural,1,1,0,0,0,0,1,0,0,1,0,2,210
Influenza,Guangdong,65+,Female,14,0,1,1,10,2021,Autumn,Urban,1,1,0,1,0,1,0,0,0,1,1,5,494
Measles,Guangdong,25-44,Female,28,0,1,1,9,2022,Autumn,Urban,0,0,0,0,0,0,0,0,1,1,0,21,129
Dysentery,Zhejiang,15-24,Female,20,0,0,1,9,2019,Autumn,Rural,1,0,0,0,0,1,1,0,0,1,1,0,779
Syphilis,Zhejiang,0-14,Male,17,0,1,1,10,2018,Autumn,Urban,1,0,1,1,0,1,0,0,1,1,0,10,574
HIV/AIDS,Jiangsu,65+,Male,15,0,1,1,7,2022,Summer,Urban,0,0,0,0,0,0,0,1,0,1,1,3,276
Dysentery,Guangdong,25-44,Male,16,0,1,0,12,2019,Winter,Urban,1,0,1,1,0,1,0,0,0,1,1,25,742
Mumps,Yunnan,45-64,Male,17,0,1,1,12,2018,Winter,Rural,0,0,0,1,0,0,1,0,0,1,0,11,612
Tuberculosis,Sichuan,15-24,Male,29,0,0,1,12,2021,Winter,Rural,1,1,1,0,0,0,0,0,0,1,0,0,387
Rabies,Guangdong,0-14,Female,16,1,1,0,12,2021,Winter,Urban,0,0,0,1,0,0,0,0,0,1,1,16,394
Chickenpox,Shanghai,15-24,Male,19,0,1,1,10,2022,Autumn,Urban,0,0,1,1,1,0,0,1,0,1,1,5,696
Measles,Jiangsu,45-64,Female,21,0,1,1,3,2019,Spring,Urban,1,0,0,0,0,1,1,0,0,0,0,17,229
Brucellosis,Yunnan,0-14,Female,15,0,0,1,5,2021,Spring,Rural,1,0,0,0,0,0,0,0,1,1,0,0,813
Hepatitis B,Sichuan,45-64,Female,20,1,1,0,2,2019,Winter,Urban,1,0,0,0,0,1,1,0,1,1,1,18,770
Scarlet Fever,Guangdong,15-24,Male,18,2,1,0,11,2022,Autumn,Urban,0,0,0,1,0,0,1,0,0,1,0,21,757
Dysentery,Shandong,25-44,Female,16,0,1,1,10,2020,Autumn,Rural,0,1,0,0,0,1,0,0,0,1,0,28,234
Tuberculosis,Henan,15-24,Male,21,0,1,1,3,2019,Spring,Urban,1,0,1,0,0,1,0,0,0,1,0,24,872
Syphilis,Shanghai,15-24,Female,18,0,0,1,10,2019,Autumn,Rural,1,0,1,1,0,0,1,0,0,1,0,0,512
Malaria,Shandong,15-24,Male,20,0,0,0,7,2022,Summer,Rural,1,1,0,0,0,1,0,1,1,1,1,0,657
Chickenpox,Zhejiang,65+,Female,13,0,0,1,1,2020,Winter,Urban,0,0,0,0,0,0,0,0,0,0,0,0,283
Hepatitis B,Zhejiang,45-64,Male,20,1,0,0,3,2021,Spring,Rural,0,0,1,0,0,1,1,0,1,0,0,0,102
Brucellosis,Guangdong,45-64,Female,25,0,0,1,5,2018,Spring,Rural,1,1,0,0,0,0,0,1,0,0,0,0,240
Chickenpox,Zhejiang,45-64,Female,19,0,1,1,11,2022,Autumn,Rural,0,0,0,0,0,0,0,0,0,1,0,28,166
Mumps,Shanghai,65+,Female,20,0,0,1,4,2018,Spring,Rural,1,0,0,0,0,1,1,0,1,1,0,0,171
Malaria,Sichuan,25-44,Female,15,0,1,1,3,2020,Spring,Urban,0,0,0,1,1,1,0,0,0,1,1,25,789
Chickenpox,Hunan,15-24,Male,14,0,1,0,6,2020,Summer,Rural,1,0,1,0,0,1,0,0,1,0,1,11,214
Syphilis,Jiangsu,65+,Male,24,0,0,0,6,2018,Summer,Rural,0,0,0,0,0,0,0,0,1,1,1,0,525
Tuberculosis,Sichuan,45-64,Female,21,0,1,1,4,2018,Spring,Rural,0,0,0,0,0,0,0,1,0,1,1,14,710
Scarlet Fever,Hunan,15-24,Female,20,0,0,1,9,2020,Autumn,Urban,0,1,0,1,0,0,0,0,1,1,1,0,687
HIV/AIDS,Yunnan,0-14,Female,22,1,1,0,11,2018,Autumn,Rural,1,0,0,0,0,1,1,0,0,1,0,27,379
Malaria,Shanghai,0-14,Female,22,0,1,1,6,2021,Summer,Urban,0,1,0,1,0,0,0,0,0,1,1,24,457
Brucellosis,Shandong,25-44,Female,23,0,1,1,9,2020,Autumn,Rural,0,1,0,0,1,0,1,0,0,1,1,29,374
Mumps,Hunan,45-64,Female,20,0,1,1,11,2019,Autumn,Rural,1,0,0,0,0,1,0,1,1,1,0,18,858
Hepatitis B,Henan,25-44,Male,18,1,1,0,10,2019,Autumn,Rural,0,0,0,0,0,0,0,1,0,1,0,5,181
Influenza,Shandong,65+,Male,16,1,0,0,2,2018,Winter,Rural,1,0,0,1,0,1,0,0,0,1,0,0,907
Typhoid,Zhejiang,25-44,Male,24,0,1,1,6,2020,Summer,Urban,1,0,0,0,0,1,1,1,0,1,0,1,859
Dysentery,Zhejiang,25-44,Male,21,0,1,1,4,2019,Spring,Rural,0,1,1,0,0,1,0,1,1,1,1,1,738
Scarlet Fever,Shandong,25-44,Male,20,0,1,1,2,2020,Winter,Rural,1,1,0,1,0,0,0,0,1,0,1,28,355
Chickenpox,Yunnan,15-24,Male,19,2,1,0,5,2018,Spring,Rural,0,0,0,0,0,1,1,1,1,1,1,10,901
HIV/AIDS,Yunnan,25-44,Male,15,0,1,1,3,2021,Spring,Rural,1,0,0,0,0,1,0,0,0,1,0,2,828
Malaria,Yunnan,25-44,Female,13,0,1,1,6,2021,Summer,Rural,1,1,0,1,0,1,0,0,1,0,0,20,735
Chickenpox,Hunan,15-24,Female,18,0,1,1,11,2021,Autumn,Urban,1,0,0,0,0,1,0,0,1,0,0,21,106
Rabies,Jiangsu,15-24,Female,19,1,1,0,8,2018,Summer,Urban,1,1,0,0,0,0,0,1,1,1,0,4,174
Dysentery,Hunan,65+,Female,25,0,1,1,4,2019,Spring,Rural,0,0,0,1,1,0,1,1,0,0,1,0,649
Influenza,Guangdong,45-64,Female,24,0,0,1,12,2018,Winter,Rural,0,0,1,1,0,0,0,1,0,1,1,0,838
COVID-19,Beijing,0-14,Female,17,0,1,1,4,2020,Spring,Rural,1,0,0,0,0,0,1,0,0,1,0,17,912
Brucellosis,Shandong,0-14,Female,20,1,1,0,5,2021,Spring,Urban,0,0,0,0,0,0,0,0,1,0,0,4,759
Syphilis,Sichuan,25-44,Male,24,0,1,1,6,2020,Summer,Rural,0,1,0,0,0,1,1,0,1,0,0,11,574
COVID-19,Henan,25-44,Female,30,0,0,1,7,2022,Summer,Rural,0,1,0,0,0,1,0,0,1,1,0,0,828
Typhoid,Hunan,0-14,Male,16,0,1,1,6,2022,Summer,Rural,1,0,0,0,0,0,1,1,1,1,1,17,987
Tuberculosis,Hunan,15-24,Male,29,1,1,0,7,2018,Summer,Urban,1,0,0,1,0,0,1,0,0,0,1,20,229
Chickenpox,Beijing,65+,Male,20,0,0,1,4,2020,Spring,Rural,0,1,0,0,0,1,1,0,1,1,1,0,130
Influenza,Shanghai,15-24,Male,21,0,0,1,10,2018,Autumn,Rural,1,0,0,1,0,0,0,0,0,0,1,0,338
Influenza,Sichuan,45-64,Female,19,0,0,1,1,2018,Winter,Rural,0,0,0,1,0,0,1,0,1,1,1,0,653
Syphilis,Shanghai,65+,Male,24,0,1,1,9,2022,Autumn,Rural,1,0,0,0,0,1,1,0,0,1,1,8,361
Measles,Beijing,65+,Female,15,0,1,1,7,2021,Summer,Rural,1,0,0,1,0,0,0,0,0,1,1,14,721
Syphilis,Shandong,0-14,Female,21,0,1,1,4,2021,Spring,Rural,1,1,0,0,0,0,0,0,1,1,1,2,748
Chickenpox,Henan,15-24,Female,17,0,1,1,10,2019,Autumn,Urban,1,0,0,0,0,0,0,0,1,0,1,14,813
Brucellosis,Hunan,65+,Male,19,0,1,1,8,2019,Summer,Rural,0,0,1,0,1,1,0,0,0,1,0,27,697
Measles,Sichuan,65+,Female,16,0,1,1,12,2019,Winter,Urban,1,0,0,1,0,1,1,0,0,1,1,3,578
Measles,Hunan,45-64,Female,15,0,1,0,7,2022,Summer,Urban,1,0,0,0,0,0,1,0,0,1,0,27,280
HIV/AIDS,Guangdong,0-14,Female,18,0,0,1,12,2018,Winter,Rural,1,0,1,0,0,0,1,1,0,1,1,0,473
HIV/AIDS,Henan,25-44,Female,23,0,1,1,2,2019,Winter,Rural,1,1,0,1,1,0,0,0,1,1,1,15,694
Hepatitis B,Jiangsu,0-14,Male,27,0,1,1,1,2022,Winter,Rural,1,0,0,0,0,1,0,1,0,1,0,24,460
Malaria,Shanghai,25-44,Female,15,0,1,1,9,2020,Autumn,Urban,0,1,0,0,0,1,1,0,1,1,0,24,599
Malaria,Zhejiang,15-24,Female,17,0,1,1,7,2018,Summer,Urban,1,0,0,1,0,0,0,0,0,1,0,18,329
Mumps,Beijing,15-24,Female,22,0,1,1,10,2020,Autumn,Urban,0,1,0,1,0,0,0,0,0,1,1,17,371
Scarlet Fever,Hunan,65+,Female,13,0,1,0,1,2021,Winter,Rural,1,0,0,1,0,0,1,0,1,1,0,26,112
Tuberculosis,Shanghai,15-24,Male,23,0,1,0,4,2021,Spring,Rural,0,1,1,0,1,1,1,1,0,1,0,15,521
Malaria,Sichuan,65+,Female,12,0,1,1,5,2018,Spring,Urban,1,0,0,0,0,1,1,0,0,1,1,11,498
HIV/AIDS,Hunan,0-14,Female,16,0,1,1,5,2019,Spring,Urban,1,0,0,0,1,1,0,0,0,1,0,11,117
Hepatitis B,Jiangsu,15-24,Female,15,0,1,1,5,2018,Spring,Rural,0,0,0,0,0,1,1,0,0,1,1,22,499
Hepatitis B,Henan,0-14,Female,15,0,1,1,3,2021,Spring,Urban,1,0,0,0,0,0,0,0,1,1,0,14,149
Brucellosis,Sichuan,0-14,Male,13,0,0,1,4,2018,Spring,Urban,1,0,0,0,0,0,1,1,1,1,1,0,207
Brucellosis,Henan,15-24,Female,24,1,1,0,5,2019,Spring,Urban,1,1,0,0,0,1,1,0,1,1,1,25,296
Measles,Henan,15-24,Male,21,0,1,1,7,2021,Summer,Urban,1,0,0,0,0,0,0,0,1,1,1,10,318
Mumps,Jiangsu,15-24,Male,19,0,0,1,5,2021,Spring,Urban,1,0,0,0,0,1,1,0,0,1,0,0,227
Scarlet Fever,Beijing,25-44,Female,24,1,0,0,8,2019,Summer,Rural,0,0,0,0,0,0,0,0,1,1,1,0,805
Syphilis,Sichuan,0-14,Male,18,0,0,0,8,2019,Summer,Urban,0,0,1,0,0,1,0,0,0,1,1,0,140
Tuberculosis,Sichuan,45-64,Female,17,0,1,1,3,2019,Spring,Rural,1,0,1,0,1,0,0,0,1,1,0,22,469
Chickenpox,Shandong,15-24,Male,23,0,1,1,5,2021,Spring,Rural,0,0,0,1,0,0,1,0,0,1,1,14,731
Measles,Shandong,0-14,Female,23,0,1,1,12,2021,Winter,Urban,1,0,0,0,1,1,0,0,1,1,0,15,638
Syphilis,Henan,65+,Male,16,1,1,0,4,2018,Spring,Rural,1,0,0,1,0,0,1,0,0,1,1,10,798
Malaria,Zhejiang,15-24,Male,22,0,0,1,5,2021,Spring,Urban,0,0,1,0,0,1,0,0,1,1,1,0,420
Mumps,Shandong,15-24,Female,27,1,1,0,8,2020,Summer,Rural,0,0,0,0,0,1,0,0,0,1,1,20,482
Measles,Henan,45-64,Male,27,1,0,0,4,2020,Spring,Rural,0,0,0,0,0,1,0,0,0,0,1,0,241
Dysentery,Yunnan,25-44,Male,31,0,1,1,5,2019,Spring,Urban,0,0,0,0,0,0,1,0,1,1,1,6,378
Malaria,Guangdong,25-44,Male,24,0,1,0,7,2019,Summer,Rural,1,1,1,0,0,1,0,0,1,0,1,14,590
Syphilis,Guangdong,15-24,Male,19,1,0,0,3,2019,Spring,Urban,1,0,0,0,0,0,1,0,1,1,1,0,121
Tuberculosis,Sichuan,0-14,Male,17,0,0,0,6,2018,Summer,Rural,0,0,0,0,0,1,0,1,0,0,1,0,638
Chickenpox,Zhejiang,65+,Female,24,1,0,0,9,2020,Autumn,Urban,1,1,0,0,0,0,0,1,1,1,0,0,533
Syphilis,Jiangsu,65+,Male,17,0,0,1,11,2020,Autumn,Urban,1,0,0,0,0,0,1,1,0,1,1,0,124
COVID-19,Beijing,0-14,Male,21,0,1,0,4,2021,Spring,Rural,1,1,0,0,0,1,0,0,0,1,1,12,965
Brucellosis,Shandong,15-24,Female,17,1,1,0,4,2020,Spring,Urban,0,0,0,0,0,1,0,0,1,1,0,3,281
Measles,Yunnan,65+,Female,22,0,0,1,6,2021,Summer,Urban,0,0,0,0,0,1,1,0,1,1,1,0,788
Measles,Henan,25-44,Female,15,0,1,1,6,2018,Summer,Rural,1,0,0,1,0,0,1,0,0,1,1,11,958
Chickenpox,Zhejiang,0-14,Male,21,0,1,0,3,2019,Spring,Urban,0,0,1,0,0,0,0,0,1,1,0,3,440
Influenza,Sichuan,45-64,Male,20,1,1,0,1,2019,Winter,Rural,0,0,0,0,0,1,1,1,0,0,1,1,202
Tuberculosis,Shandong,15-24,Male,19,0,1,1,3,2021,Spring,Rural,1,0,0,0,0,0,0,1,0,1,0,5,998
Rabies,Zhejiang,0-14,Male,19,0,1,1,8,2022,Summer,Rural,1,0,1,1,0,1,0,0,0,1,0,23,764
Malaria,Shandong,65+,Female,19,0,0,0,8,2021,Summer,Urban,1,0,0,0,0,1,1,0,0,1,0,0,594
Hepatitis B,Beijing,15-24,Female,14,0,1,1,6,2018,Summer,Rural,1,0,0,0,0,0,1,0,0,0,1,20,423
Chickenpox,Beijing,25-44,Male,17,0,1,1,7,2020,Summer,Urban,0,0,1,0,0,0,0,0,0,1,0,24,924
Tuberculosis,Jiangsu,15-24,Male,19,0,0,1,2,2021,Winter,Rural,0,0,0,0,0,1,0,1,0,1,1,0,882
Hepatitis B,Guangdong,15-24,Male,23,0,1,1,9,2018,Autumn,Rural,1,0,0,0,0,1,0,0,1,0,0,17,806
Tuberculosis,Shanghai,25-44,Male,20,1,0,0,3,2019,Spring,Rural,0,0,0,0,0,0,0,0,0,0,0,0,750
Tuberculosis,Shanghai,25-44,Female,14,0,1,1,2,2022,Winter,Urban,1,0,0,1,0,0,0,1,0,1,0,17,191
Syphilis,Shandong,15-24,Female,17,0,0,1,5,2022,Spring,Rural,1,0,0,1,0,1,0,1,1,1,1,0,614
Scarlet Fever,Jiangsu,25-44,Male,20,1,1,0,1,2021,Winter,Urban,0,0,1,0,0,0,0,1,0,0,0,5,224
COVID-19,Shanghai,0-14,Female,17,0,1,1,5,2020,Spring,Urban,1,0,0,0,0,1,0,0,0,1,1,13,629
Tuberculosis,Sichuan,25-44,Male,17,1,1,0,10,2021,Autumn,Urban,0,0,0,0,1,1,0,0,1,1,1,0,977
Scarlet Fever,Shanghai,25-44,Male,23,0,0,1,4,2022,Spring,Urban,1,0,0,1,0,1,1,1,1,1,0,0,792
Influenza,Hunan,15-24,Female,24,0,1,1,12,2022,Winter,Urban,1,0,0,0,0,0,0,0,0,1,0,14,364
Rabies,Henan,0-14,Male,22,0,0,1,6,2019,Summer,Rural,1,0,0,0,0,1,0,0,1,0,1,0,738
Measles,Jiangsu,45-64,Female,24,0,1,1,12,2020,Winter,Urban,1,0,0,0,0,1,0,1,0,1,0,28,434
Typhoid,Sichuan,45-64,Male,19,0,0,1,5,2020,Spring,Rural,1,0,1,0,0,1,1,0,0,1,0,0,203
Hepatitis B,Zhejiang,65+,Female,20,0,1,1,9,2022,Autumn,Rural,0,0,1,0,0,1,0,0,0,1,0,16,939
Measles,Sichuan,25-44,Male,20,0,1,1,5,2022,Spring,Urban,1,0,0,0,0,1,1,0,0,1,0,28,539
Typhoid,Guangdong,25-44,Female,22,0,1,1,8,2021,Summer,Rural,1,0,0,0,0,1,0,0,0,1,0,11,881
Rabies,Zhejiang,0-14,Male,22,0,1,1,12,2021,Winter,Rural,1,0,1,1,0,0,1,0,1,0,1,29,457
Rabies,Henan,65+,Female,21,0,1,0,3,2022,Spring,Urban,1,0,0,0,0,0,0,0,1,1,1,1,880
Hepatitis B,Henan,0-14,Male,21,0,1,1,3,2021,Spring,Rural,0,0,0,0,0,1,1,0,0,1,1,22,862
Brucellosis,Henan,25-44,Female,31,0,1,1,3,2019,Spring,Urban,1,1,0,0,0,1,1,0,0,0,0,5,429
Hepatitis B,Henan,45-64,Female,16,0,1,1,6,2020,Summer,Urban,1,0,0,0,0,1,1,0,1,1,0,4,719
Rabies,Shandong,65+,Male,22,0,0,1,7,2022,Summer,Rural,0,0,0,0,0,0,0,0,0,1,1,0,833
Typhoid,Henan,15-24,Male,20,0,1,1,7,2018,Summer,Urban,1,0,0,1,0,1,1,0,0,1,0,1,488
Chickenpox,Henan,45-64,Male,28,0,0,1,12,2022,Winter,Urban,1,0,0,0,0,0,1,1,0,1,1,0,441
Tuberculosis,Henan,65+,Male,26,1,0,0,7,2021,Summer,Urban,1,1,0,0,0,0,0,0,0,0,1,0,966
Malaria,Jiangsu,0-14,Female,25,0,1,1,12,2022,Winter,Urban,0,0,0,1,0,0,1,0,0,0,1,6,360
Mumps,Shandong,15-24,Male,21,0,0,1,3,2018,Spring,Urban,1,0,0,1,0,0,0,1,0,1,1,0,861
Scarlet Fever,Beijing,65+,Male,20,2,1,0,1,2022,Winter,Urban,1,1,0,0,0,0,1,0,1,1,1,9,495
Dysentery,Sichuan,65+,Male,24,0,1,1,6,2021,Summer,Rural,1,0,1,1,0,1,1,1,0,1,0,19,696
Mumps,Sichuan,25-44,Female,28,0,1,0,3,2020,Spring,Urban,1,0,0,1,1,1,0,1,1,1,1,13,509
Measles,Zhejiang,45-64,Male,15,0,1,1,3,2021,Spring,Rural,0,0,1,0,0,1,0,1,0,1,0,10,484
Syphilis,Jiangsu,25-44,Female,16,0,0,1,3,2019,Spring,Rural,1,1,0,1,0,0,1,0,0,1,0,0,852
Measles,Hunan,15-24,Male,21,0,1,1,9,2021,Autumn,Rural,0,1,0,0,0,0,1,0,0,1,1,18,237
Syphilis,Sichuan,65+,Female,10,0,1,0,12,2019,Winter,Rural,0,1,0,0,0,1,1,1,0,0,0,1,354
Typhoid,Shanghai,25-44,Male,25,0,0,1,4,2022,Spring,Urban,1,1,1,0,0,0,0,0,0,1,1,0,521
Brucellosis,Hunan,45-64,Male,18,0,1,1,5,2019,Spring,Rural,0,0,0,0,0,1,1,0,1,0,1,1,251
Syphilis,Henan,15-24,Female,22,0,1,1,3,2022,Spring,Urban,1,0,0,1,0,1,1,0,0,0,0,22,215
Hepatitis B,Henan,0-14,Male,22,0,1,1,10,2019,Autumn,Rural,0,0,0,0,0,0,0,0,0,1,0,2,834
Chickenpox,Shandong,25-44,Male,19,0,0,1,12,2021,Winter,Rural,1,0,0,0,0,0,1,0,0,1,0,0,848
Malaria,Hunan,15-24,Male,15,0,0,1,1,2018,Winter,Urban,0,0,0,0,0,0,0,0,0,1,1,0,146
Malaria,Shanghai,0-14,Female,13,0,1,1,12,2022,Winter,Urban,1,0,0,0,0,0,0,0,0,1,0,10,954
Hepatitis B,Shandong,25-44,Male,12,0,1,1,4,2019,Spring,Rural,0,0,0,0,0,0,1,0,0,1,0,18,952
Chickenpox,Zhejiang,15-24,Female,20,1,1,0,1,2018,Winter,Urban,0,0,0,0,0,0,0,0,0,1,0,6,357
Influenza,Jiangsu,25-44,Female,22,0,0,1,11,2019,Autumn,Urban,1,0,0,0,0,1,1,1,0,1,1,0,706
Brucellosis,Henan,65+,Female,28,0,1,1,7,2021,Summer,Rural,1,0,0,0,1,1,0,0,1,0,0,7,741
Mumps,Guangdong,25-44,Female,24,0,0,1,4,2019,Spring,Urban,0,1,0,1,0,1,0,0,0,1,1,0,257
Brucellosis,Shandong,15-24,Male,24,0,0,1,5,2018,Spring,Rural,0,0,0,1,0,1,0,0,0,1,1,0,252
Typhoid,Beijing,0-14,Female,16,0,1,1,10,2019,Autumn,Urban,0,1,0,0,0,1,0,0,0,1,0,3,468
Mumps,Beijing,0-14,Female,24,1,1,0,7,2020,Summer,Rural,1,0,0,0,0,1,0,0,0,1,0,11,694
Influenza,Shandong,65+,Male,21,0,1,1,6,2022,Summer,Rural,1,0,0,0,0,1,1,0,0,1,0,17,289
Influenza,Jiangsu,25-44,Male,14,1,1,0,4,2021,Spring,Rural,0,0,0,0,0,0,0,0,0,1,1,22,865
Measles,Yunnan,15-24,Female,17,0,1,1,4,2020,Spring,Urban,1,1,0,1,0,1,1,0,1,0,1,13,356
Rabies,Shandong,15-24,Male,31,0,1,1,2,2020,Winter,Rural,1,0,0,0,0,0,0,0,0,1,0,16,968
Measles,Jiangsu,0-14,Male,14,1,0,0,10,2018,Autumn,Rural,1,0,0,0,0,0,1,0,0,1,0,0,575
Rabies,Zhejiang,65+,Male,12,0,0,1,2,2018,Winter,Urban,0,0,0,0,0,0,0,0,0,1,1,0,290
Brucellosis,Henan,0-14,Female,15,1,1,0,12,2021,Winter,Rural,1,0,0,1,0,1,0,0,0,1,1,8,286
Dysentery,Shanghai,0-14,Female,26,0,1,1,4,2021,Spring,Rural,0,0,0,0,0,1,0,0,0,1,0,15,723
Brucellosis,Yunnan,65+,Male,27,0,0,1,5,2022,Spring,Rural,1,0,0,1,0,1,0,1,1,1,0,0,409
Syphilis,Hunan,25-44,Female,19,0,1,1,4,2019,Spring,Urban,1,0,0,0,1,0,0,0,1,1,0,0,538
Chickenpox,Yunnan,15-24,Male,12,0,0,1,3,2021,Spring,Urban,0,0,1,0,0,1,1,1,0,1,0,0,705
Rabies,Shanghai,25-44,Male,22,0,1,1,11,2021,Autumn,Rural,1,0,0,0,0,0,0,0,0,1,1,29,397
Mumps,Henan,45-64,Male,16,0,0,1,4,2022,Spring,Rural,0,0,0,0,0,1,1,0,0,1,0,0,333
Hepatitis B,Beijing,45-64,Male,17,0,1,1,11,2018,Autumn,Urban,1,1,0,0,0,1,1,0,0,0,1,27,164
Measles,Jiangsu,65+,Female,29,0,1,0,5,2022,Spring,Rural,1,0,1,1,0,0,0,0,1,1,1,27,748
Chickenpox,Shandong,0-14,Female,31,0,1,1,1,2019,Winter,Rural,1,0,0,0,0,0,0,0,1,1,1,8,213
Typhoid,Shandong,25-44,Female,25,0,0,1,1,2018,Winter,Rural,1,1,0,0,0,0,0,0,0,1,1,0,298
Chickenpox,Beijing,15-24,Female,18,0,1,1,6,2018,Summer,Urban,0,0,0,1,0,1,0,0,0,1,0,15,150
Scarlet Fever,Yunnan,45-64,Male,21,0,0,1,5,2018,Spring,Rural,1,0,0,0,0,0,0,1,1,1,1,0,317
Syphilis,Henan,25-44,Male,22,1,1,0,11,2022,Autumn,Rural,1,0,0,0,0,1,0,1,0,1,1,21,473
Scarlet Fever,Sichuan,45-64,Female,11,0,0,1,4,2019,Spring,Urban,1,0,0,1,0,1,1,1,0,1,0,0,115
Dysentery,Jiangsu,45-64,Female,19,0,1,1,1,2022,Winter,Urban,1,0,0,1,0,1,1,0,1,1,0,7,536
Rabies,Zhejiang,15-24,Male,26,0,1,1,12,2022,Winter,Rural,1,0,0,0,0,0,0,0,0,1,0,1,937
Dysentery,Shanghai,65+,Male,21,1,0,0,7,2020,Summer,Urban,1,0,0,0,0,0,1,0,1,1,1,0,289
Typhoid,Yunnan,0-14,Male,17,0,0,1,4,2021,Spring,Rural,0,0,0,0,0,0,0,0,0,1,1,0,845
COVID-19,Hunan,65+,Female,20,0,0,1,3,2022,Spring,Urban,0,0,1,1,0,1,1,1,0,1,0,0,136
Influenza,Guangdong,25-44,Male,22,0,1,1,7,2020,Summer,Urban,0,1,1,1,0,0,0,0,0,1,0,23,544
Scarlet Fever,Shandong,65+,Male,15,0,1,1,2,2019,Winter,Rural,1,0,1,0,0,1,0,0,0,1,0,13,796
Malaria,Yunnan,25-44,Female,12,0,1,1,10,2020,Autumn,Rural,1,0,0,1,0,1,0,0,1,1,1,13,272
Scarlet Fever,Guangdong,25-44,Female,27,1,1,0,1,2022,Winter,Rural,0,0,0,0,0,0,1,0,0,1,1,20,431
Typhoid,Shanghai,0-14,Female,22,1,0,0,11,2019,Autumn,Urban,1,0,0,0,0,1,0,1,0,0,1,0,187
HIV/AIDS,Shandong,15-24,Male,22,0,1,1,4,2020,Spring,Rural,0,0,0,0,0,0,1,0,0,1,0,11,737
Typhoid,Shandong,0-14,Male,16,0,1,1,8,2022,Summer,Urban,0,0,0,0,0,1,1,0,0,0,0,10,884
Dysentery,Sichuan,65+,Female,20,1,1,0,6,2019,Summer,Rural,1,1,0,1,1,1,0,0,0,1,0,1,353
Chickenpox,Yunnan,25-44,Male,20,0,1,1,9,2019,Autumn,Rural,1,0,0,0,1,1,1,0,1,1,0,21,988
Hepatitis B,Henan,45-64,Male,31,0,0,1,1,2021,Winter,Rural,1,0,0,1,0,0,1,1,0,1,0,0,485
Measles,Beijing,45-64,Male,24,0,1,1,1,2022,Winter,Urban,1,1,0,0,0,1,1,0,0,1,1,10,578
Hepatitis B,Beijing,25-44,Female,21,0,1,1,11,2021,Autumn,Rural,0,0,1,0,0,1,0,0,0,1,1,19,904
Dysentery,Zhejiang,0-14,Female,18,0,1,1,5,2019,Spring,Urban,0,0,0,0,1,0,0,0,0,0,0,0,384
Measles,Hunan,15-24,Male,14,1,1,0,6,2019,Summer,Rural,0,0,0,1,0,0,0,1,1,1,0,14,932
HIV/AIDS,Guangdong,0-14,Male,21,0,1,1,8,2020,Summer,Rural,1,0,1,0,0,1,1,0,1,1,1,27,847
Malaria,Yunnan,25-44,Male,18,0,1,1,3,2021,Spring,Urban,0,0,0,0,0,1,1,0,0,1,1,20,305
Syphilis,Jiangsu,25-44,Male,31,0,1,1,6,2018,Summer,Urban,0,0,0,0,0,1,0,0,0,1,1,22,474
Mumps,Hunan,15-24,Female,15,0,1,1,3,2022,Spring,Urban,0,0,1,0,0,0,0,0,0,1,0,8,212
Dysentery,Sichuan,65+,Female,23,0,1,0,8,2021,Summer,Rural,0,0,0,0,0,1,1,0,0,1,1,19,878
Chickenpox,Shandong,65+,Male,31,0,1,1,12,2019,Winter,Rural,1,0,0,0,0,0,0,0,0,1,0,20,323
Rabies,Henan,15-24,Male,23,0,1,1,11,2020,Autumn,Urban,1,1,0,0,0,0,0,0,0,1,0,21,375
Dysentery,Yunnan,65+,Female,23,1,1,0,11,2022,Autumn,Rural,1,0,0,0,0,1,1,0,0,1,0,16,805
Dysentery,Hunan,45-64,Male,17,0,1,1,4,2022,Spring,Urban,1,0,0,0,0,0,1,0,1,0,1,9,514
Scarlet Fever,Hunan,65+,Female,24,1,0,0,2,2020,Winter,Urban,0,0,0,0,0,0,0,0,1,1,1,0,488
Scarlet Fever,Henan,65+,Male,21,0,1,1,12,2019,Winter,Rural,1,1,0,0,0,0,0,1,0,1,1,11,451
Measles,Zhejiang,65+,Female,25,0,0,1,9,2018,Autumn,Urban,1,0,0,0,0,0,1,0,1,1,0,0,149
Brucellosis,Guangdong,45-64,Male,25,0,1,1,10,2020,Autumn,Rural,1,0,0,0,0,1,1,0,0,1,0,13,140
Brucellosis,Guangdong,65+,Male,15,0,1,1,8,2018,Summer,Urban,0,1,0,1,1,0,0,0,0,0,0,9,610
Tuberculosis,Hunan,45-64,Female,17,0,1,1,6,2021,Summer,Rural,1,0,0,1,0,0,0,0,0,1,1,19,621
Typhoid,Shanghai,15-24,Female,18,0,1,1,3,2022,Spring,Urban,1,0,1,0,1,0,0,1,1,0,0,0,792
Chickenpox,Hunan,0-14,Male,22,0,1,1,2,2019,Winter,Rural,1,0,0,0,0,1,0,0,0,1,0,29,967
Tuberculosis,Hunan,15-24,Male,22,0,1,1,4,2018,Spring,Urban,1,0,0,1,0,0,1,0,0,1,1,15,276
HIV/AIDS,Shandong,15-24,Female,23,0,0,1,1,2021,Winter,Rural,1,0,0,0,0,1,0,0,0,1,0,0,207
Brucellosis,Henan,0-14,Male,22,0,1,1,9,2018,Autumn,Rural,1,0,1,0,0,0,0,1,0,1,0,8,678
Rabies,Yunnan,0-14,Male,19,0,0,1,10,2019,Autumn,Urban,0,1,0,1,0,1,0,0,0,1,0,0,135
Scarlet Fever,Hunan,25-44,Female,23,0,0,1,8,2019,Summer,Rural,1,1,1,0,0,0,0,0,0,0,0,0,506
Malaria,Guangdong,0-14,Female,17,0,1,1,7,2021,Summer,Urban,0,0,1,1,0,1,0,0,0,1,1,23,449
Influenza,Jiangsu,0-14,Female,23,0,1,1,6,2020,Summer,Urban,0,1,0,1,0,1,0,1,0,0,1,24,266
HIV/AIDS,Guangdong,25-44,Female,18,0,1,1,3,2021,Spring,Urban,0,0,0,0,0,0,0,0,0,1,0,26,414
Influenza,Beijing,65+,Female,20,0,1,1,4,2018,Spring,Rural,1,0,0,1,0,1,1,0,0,0,1,4,890
Chickenpox,Zhejiang,65+,Male,20,1,0,0,2,2018,Winter,Urban,1,1,0,1,0,0,0,1,1,0,0,0,378
Chickenpox,Sichuan,25-44,Male,22,0,1,1,7,2022,Summer,Urban,1,0,1,0,1,1,0,0,0,1,1,16,711
Influenza,Yunnan,0-14,Male,19,0,0,1,10,2018,Autumn,Rural,1,1,0,0,0,0,0,0,0,1,1,0,439
Chickenpox,Zhejiang,0-14,Male,26,1,1,0,1,2020,Winter,Rural,1,0,0,1,0,1,1,0,0,1,0,2,159
Malaria,Jiangsu,25-44,Female,26,0,0,1,6,2020,Summer,Rural,1,0,1,0,0,0,0,1,0,0,1,0,201
Hepatitis B,Sichuan,25-44,Male,13,2,0,0,4,2021,Spring,Urban,1,0,0,0,0,0,1,0,0,0,0,0,772
Tuberculosis,Shandong,45-64,Male,23,0,0,1,8,2018,Summer,Urban,0,1,0,0,0,0,1,1,0,1,0,0,260
Dysentery,Hunan,65+,Male,20,0,0,1,1,2018,Winter,Urban,0,0,0,0,0,0,1,0,1,1,1,0,804
Syphilis,Sichuan,15-24,Female,17,0,1,1,9,2022,Autumn,Urban,1,0,1,0,0,0,1,0,1,1,1,1,914
Influenza,Jiangsu,65+,Female,15,0,1,1,6,2022,Summer,Urban,0,0,0,0,1,1,0,0,1,1,1,29,644
Rabies,Shanghai,0-14,Male,24,1,1,0,2,2022,Winter,Rural,0,0,0,0,0,0,0,0,0,1,1,14,393
HIV/AIDS,Beijing,25-44,Male,22,0,1,1,8,2018,Summer,Urban,1,0,0,0,0,1,1,0,0,1,0,19,251
Hepatitis B,Sichuan,45-64,Male,28,2,1,0,5,2021,Spring,Rural,1,0,0,0,0,1,0,0,0,0,0,3,556
Influenza,Sichuan,65+,Male,17,0,1,1,5,2021,Spring,Rural,1,0,0,0,0,1,1,0,0,1,1,27,450
Hepatitis B,Beijing,45-64,Male,12,0,0,0,5,2021,Spring,Urban,0,0,0,0,0,1,0,0,0,1,0,0,969
Brucellosis,Hunan,65+,Male,13,0,0,1,7,2021,Summer,Urban,1,0,0,0,0,1,0,0,1,1,0,0,916
Hepatitis B,Sichuan,0-14,Female,26,2,1,0,7,2020,Summer,Urban,0,0,1,0,0,1,0,0,1,1,1,15,826
Influenza,Beijing,15-24,Male,21,0,1,1,10,2018,Autumn,Rural,0,0,1,1,0,0,1,0,0,1,0,23,897
Measles,Beijing,45-64,Male,17,0,1,0,11,2019,Autumn,Rural,0,0,0,0,0,1,0,0,0,1,0,28,565
Typhoid,Beijing,45-64,Female,19,0,0,1,7,2018,Summer,Rural,1,0,1,0,0,1,0,0,1,0,1,0,602
Rabies,Henan,15-24,Male,20,0,1,1,12,2021,Winter,Urban,1,1,0,0,0,0,1,0,0,1,0,19,157
Dysentery,Jiangsu,45-64,Male,13,1,1,0,10,2020,Autumn,Rural,1,0,1,0,0,0,1,0,0,1,1,14,829
Dysentery,Henan,45-64,Male,15,0,1,1,2,2020,Winter,Rural,1,0,0,0,0,1,0,0,0,1,1,18,983
Rabies,Shanghai,65+,Male,23,0,1,1,8,2018,Summer,Rural,0,1,0,1,0,0,0,0,0,1,0,25,452
Measles,Shandong,65+,Female,20,0,0,1,1,2019,Winter,Rural,0,0,0,1,0,1,0,0,0,1,0,0,732
Scarlet Fever,Henan,15-24,Male,25,1,1,0,2,2021,Winter,Urban,0,0,0,1,0,1,1,0,0,1,1,6,243
Chickenpox,Henan,0-14,Female,19,0,1,1,11,2020,Autumn,Rural,1,0,0,0,0,1,0,1,1,1,1,24,755
Dysentery,Jiangsu,45-64,Male,28,0,0,1,7,2021,Summer,Urban,1,0,0,0,0,1,1,0,1,1,0,0,516
Scarlet Fever,Shandong,0-14,Male,17,0,0,1,4,2021,Spring,Urban,0,0,0,0,0,0,1,1,0,1,1,0,394
Hepatitis B,Zhejiang,15-24,Female,18,0,0,1,11,2021,Autumn,Urban,0,1,1,0,0,0,1,0,1,1,1,0,657
Malaria,Beijing,15-24,Male,12,0,1,1,10,2022,Autumn,Urban,1,0,1,1,0,0,0,0,1,0,1,1,594
HIV/AIDS,Yunnan,65+,Female,16,0,1,1,10,2021,Autumn,Rural,0,1,1,1,0,0,1,0,1,1,1,26,521
Brucellosis,Shandong,45-64,Female,19,1,1,0,9,2021,Autumn,Urban,1,0,0,0,0,1,1,0,0,1,1,11,250
Tuberculosis,Shanghai,25-44,Female,20,1,1,0,11,2019,Autumn,Urban,1,0,0,0,0,1,0,0,0,1,0,21,125
Dysentery,Hunan,15-24,Male,20,0,1,1,9,2019,Autumn,Rural,0,1,1,1,0,1,1,1,0,1,1,29,916
Rabies,Shanghai,45-64,Male,13,0,1,1,3,2022,Spring,Rural,0,0,0,1,0,0,0,0,0,1,0,7,692
Malaria,Beijing,0-14,Male,16,0,1,1,3,2022,Spring,Rural,1,0,1,0,0,0,1,0,0,1,1,1,713
Influenza,Shandong,65+,Male,29,0,1,1,9,2021,Autumn,Rural,0,0,0,1,1,1,1,0,0,1,1,0,720
COVID-19,Shanghai,0-14,Female,20,0,1,1,10,2020,Autumn,Urban,0,0,0,1,0,0,0,0,0,1,1,8,379
Typhoid,Shanghai,15-24,Male,25,0,0,1,12,2020,Winter,Rural,1,1,0,0,0,1,0,0,0,1,1,0,738
Rabies,Zhejiang,15-24,Male,24,0,1,1,8,2018,Summer,Rural,0,0,0,1,0,0,0,0,0,1,1,21,718
Chickenpox,Zhejiang,0-14,Female,20,0,1,1,1,2020,Winter,Urban,1,0,0,0,0,0,0,0,1,1,1,8,950
COVID-19,Shandong,15-24,Female,15,1,1,0,6,2020,Summer,Urban,1,0,0,0,0,1,0,0,0,1,0,1,269
Hepatitis B,Henan,15-24,Female,20,0,1,1,11,2018,Autumn,Urban,1,0,0,0,0,1,0,0,0,0,1,13,638
Typhoid,Guangdong,65+,Female,23,0,0,1,8,2018,Summer,Rural,1,0,0,0,0,1,0,0,0,1,1,0,229
HIV/AIDS,Sichuan,45-64,Female,30,0,1,1,12,2019,Winter,Rural,1,0,0,0,1,0,0,1,0,1,0,26,727
HIV/AIDS,Yunnan,25-44,Female,27,0,1,1,12,2020,Winter,Urban,0,1,0,1,1,0,1,1,0,0,0,0,235
Measles,Sichuan,15-24,Female,20,0,1,1,2,2020,Winter,Urban,1,0,0,0,0,0,0,0,0,1,0,20,946
Scarlet Fever,Jiangsu,15-24,Male,15,1,0,0,1,2018,Winter,Urban,1,1,0,0,0,0,1,1,0,1,1,0,480
Syphilis,Zhejiang,65+,Male,15,0,1,1,4,2020,Spring,Urban,0,0,0,1,0,1,0,0,0,1,0,2,780
Measles,Sichuan,0-14,Male,24,0,1,1,2,2020,Winter,Rural,1,1,1,1,0,1,0,0,0,1,0,21,190
Chickenpox,Beijing,0-14,Male,27,1,1,0,3,2021,Spring,Urban,1,0,0,0,0,0,1,0,0,1,0,18,761
Scarlet Fever,Yunnan,0-14,Male,23,0,1,1,4,2019,Spring,Rural,1,0,0,0,1,1,0,0,0,0,0,0,986
Brucellosis,Sichuan,65+,Male,19,0,1,1,12,2022,Winter,Urban,1,1,1,1,0,1,1,1,1,1,1,1,146
COVID-19,Yunnan,0-14,Female,12,0,1,1,12,2021,Winter,Rural,1,1,0,1,0,1,0,0,0,1,1,20,402
Malaria,Hunan,0-14,Male,24,0,0,1,6,2020,Summer,Rural,1,0,0,1,0,1,0,0,0,1,1,0,676
Typhoid,Beijing,25-44,Male,24,1,1,0,8,2022,Summer,Rural,1,0,0,0,0,1,0,0,0,0,0,7,296
Syphilis,Guangdong,0-14,Male,16,0,1,1,9,2021,Autumn,Rural,1,0,0,1,0,1,1,0,0,1,1,6,512
Influenza,Shanghai,15-24,Female,24,0,1,0,4,2019,Spring,Rural,1,1,0,0,0,1,0,0,1,1,0,6,434
Hepatitis B,Yunnan,65+,Male,25,0,0,1,1,2022,Winter,Rural,1,0,0,1,0,1,1,0,0,1,0,0,473
Typhoid,Beijing,45-64,Male,20,0,1,0,5,2022,Spring,Urban,0,0,0,0,0,1,0,1,0,1,0,3,897
Measles,Yunnan,25-44,Female,15,1,1,0,5,2019,Spring,Urban,1,0,1,0,0,0,0,0,0,1,1,29,861
Tuberculosis,Yunnan,65+,Male,12,0,0,1,9,2021,Autumn,Urban,1,0,0,0,0,0,1,0,1,1,1,0,401
Mumps,Henan,65+,Male,20,0,0,1,6,2022,Summer,Rural,0,0,0,0,0,0,0,0,0,1,1,0,361
Syphilis,Henan,15-24,Female,14,1,0,0,5,2019,Spring,Urban,0,0,0,0,0,1,0,0,0,1,1,0,698
Syphilis,Beijing,0-14,Male,16,0,0,1,10,2021,Autumn,Rural,1,0,0,0,0,0,0,0,0,0,0,0,663
Chickenpox,Henan,15-24,Female,16,0,1,1,10,2020,Autumn,Rural,1,0,0,0,0,1,0,0,0,1,0,18,104
Hepatitis B,Jiangsu,0-14,Male,22,0,1,1,5,2018,Spring,Rural,0,1,0,0,0,1,1,0,1,1,1,2,825
Dysentery,Guangdong,0-14,Male,24,0,1,1,8,2020,Summer,Urban,0,0,0,0,0,0,1,0,1,1,1,28,652
HIV/AIDS,Shandong,65+,Male,14,0,0,0,11,2020,Autumn,Rural,1,0,0,0,0,1,0,1,0,1,1,0,503
HIV/AIDS,Beijing,0-14,Female,26,0,0,1,1,2018,Winter,Rural,1,0,1,0,0,1,0,0,0,1,1,0,778
Brucellosis,Beijing,25-44,Female,14,0,0,1,5,2020,Spring,Urban,0,0,0,1,0,1,0,0,0,1,1,0,129
Tuberculosis,Jiangsu,25-44,Female,22,1,1,0,1,2020,Winter,Urban,1,0,0,0,0,0,1,1,1,1,0,23,659
Malaria,Zhejiang,25-44,Male,19,0,1,1,7,2019,Summer,Urban,0,0,1,1,0,1,0,0,0,1,0,7,820
Chickenpox,Zhejiang,65+,Male,17,0,1,1,7,2019,Summer,Rural,1,0,0,0,0,1,0,0,0,1,1,16,799
Malaria,Henan,15-24,Female,14,0,1,1,10,2021,Autumn,Rural,0,0,0,0,0,0,1,0,0,0,1,3,734
Influenza,Shandong,45-64,Female,14,1,0,0,8,2022,Summer,Urban,0,0,0,1,0,1,0,0,1,1,0,0,250
Scarlet Fever,Henan,0-14,Male,18,0,1,1,7,2021,Summer,Rural,1,1,0,0,0,1,1,1,0,1,1,16,459
Typhoid,Hunan,45-64,Male,18,1,1,0,11,2019,Autumn,Rural,1,0,0,1,0,0,1,0,0,1,1,1,789
Brucellosis,Hunan,15-24,Male,15,0,0,1,9,2019,Autumn,Rural,1,1,0,0,0,1,0,0,0,1,0,0,983
Brucellosis,Shanghai,15-24,Male,15,1,1,0,8,2018,Summer,Urban,1,0,0,0,0,1,0,0,1,0,0,4,112
Mumps,Hunan,65+,Female,14,0,1,1,8,2018,Summer,Rural,1,0,0,0,0,0,1,0,1,0,0,25,209
Rabies,Zhejiang,25-44,Male,17,0,1,1,3,2019,Spring,Urban,1,0,0,0,0,1,1,0,0,1,0,27,845
Dysentery,Guangdong,25-44,Male,13,0,0,1,10,2020,Autumn,Urban,1,0,0,1,0,0,0,0,1,1,0,0,137
Measles,Hunan,15-24,Male,30,1,0,0,4,2021,Spring,Urban,0,0,0,0,0,1,1,0,0,0,0,0,906
Rabies,Yunnan,65+,Male,12,0,1,1,1,2019,Winter,Rural,0,0,0,1,0,1,0,0,0,0,1,23,551
Scarlet Fever,Beijing,0-14,Male,26,0,1,1,6,2018,Summer,Rural,0,0,1,0,0,0,1,0,1,1,1,9,502
Rabies,Guangdong,25-44,Male,24,1,1,0,2,2021,Winter,Urban,1,0,0,0,0,1,0,0,0,1,0,7,791
Chickenpox,Guangdong,15-24,Female,25,0,1,1,9,2021,Autumn,Urban,1,0,0,1,0,1,0,0,1,1,0,13,524
COVID-19,Henan,45-64,Female,17,0,1,1,1,2022,Winter,Rural,1,0,0,0,0,0,0,0,0,1,0,3,221
Syphilis,Beijing,25-44,Female,29,0,1,1,1,2019,Winter,Rural,1,0,1,0,0,0,1,0,0,1,1,18,191
Tuberculosis,Zhejiang,0-14,Male,17,0,0,1,11,2022,Autumn,Urban,0,0,0,0,0,0,1,0,0,1,0,0,126
HIV/AIDS,Guangdong,65+,Female,25,1,1,0,10,2018,Autumn,Rural,1,0,0,1,0,1,0,0,0,1,0,4,482
Influenza,Shanghai,15-24,Male,18,1,1,0,11,2022,Autumn,Urban,0,0,0,0,0,1,0,1,0,1,1,23,118
Malaria,Henan,25-44,Male,13,0,1,1,6,2020,Summer,Urban,0,0,0,0,1,0,0,0,1,1,1,20,435
Mumps,Guangdong,45-64,Male,20,0,1,1,1,2019,Winter,Urban,1,0,0,1,0,0,1,0,1,1,1,25,518
Chickenpox,Shandong,0-14,Male,28,1,1,0,12,2019,Winter,Urban,1,1,0,1,1,1,1,0,0,1,0,6,488
Tuberculosis,Beijing,0-14,Female,24,1,1,0,3,2021,Spring,Rural,1,0,1,0,0,0,0,0,0,1,0,19,699
Syphilis,Hunan,25-44,Male,20,0,0,1,10,2022,Autumn,Urban,0,1,0,0,0,1,0,0,0,1,0,0,192
Measles,Guangdong,45-64,Male,24,0,0,0,2,2021,Winter,Urban,1,0,0,0,0,1,0,0,0,0,0,0,361
Influenza,Henan,0-14,Female,21,0,0,1,11,2022,Autumn,Rural,0,0,0,0,0,1,1,0,1,1,0,0,140
Chickenpox,Hunan,15-24,Female,21,0,1,1,9,2022,Autumn,Urban,0,0,0,0,0,0,1,0,0,1,0,9,908
Syphilis,Shanghai,0-14,Female,21,0,0,1,5,2018,Spring,Urban,1,1,0,0,0,0,0,0,1,1,0,0,793
Mumps,Hunan,45-64,Male,23,0,1,1,6,2022,Summer,Urban,1,0,1,0,0,1,0,0,1,1,1,1,527
HIV/AIDS,Shandong,65+,Female,31,0,0,1,2,2021,Winter,Urban,1,0,0,1,0,0,0,0,0,1,0,0,851
Brucellosis,Zhejiang,65+,Male,30,0,1,1,8,2022,Summer,Rural,1,0,1,1,1,1,0,0,0,1,1,23,147
HIV/AIDS,Guangdong,25-44,Male,22,0,1,1,6,2022,Summer,Rural,1,1,0,0,0,0,0,0,0,1,0,9,520
Chickenpox,Sichuan,45-64,Female,18,0,1,0,11,2019,Autumn,Rural,1,1,0,0,0,1,0,0,0,1,0,5,704
HIV/AIDS,Sichuan,0-14,Female,23,0,0,1,12,2019,Winter,Rural,1,1,0,0,0,0,1,0,0,1,0,0,283
Tuberculosis,Hunan,0-14,Female,21,0,0,1,8,2019,Summer,Urban,1,1,0,0,0,0,0,1,1,1,1,0,355
Tuberculosis,Jiangsu,65+,Male,28,0,0,1,8,2020,Summer,Urban,1,1,0,1,0,1,0,0,1,1,0,0,644
Malaria,Beijing,65+,Male,23,0,1,1,1,2019,Winter,Rural,1,0,0,1,0,0,0,1,1,1,1,15,318
Chickenpox,Sichuan,15-24,Male,22,1,1,0,7,2020,Summer,Urban,0,1,0,0,0,0,0,0,1,1,1,7,518
Malaria,Jiangsu,65+,Male,17,0,0,1,2,2020,Winter,Rural,1,1,0,1,0,1,0,0,0,1,0,0,201
Chickenpox,Sichuan,15-24,Male,18,0,1,1,11,2021,Autumn,Urban,1,1,1,0,0,0,0,1,0,1,1,10,467
Brucellosis,Jiangsu,0-14,Male,27,1,0,0,8,2019,Summer,Rural,1,0,0,0,0,1,0,0,0,1,1,0,401
Brucellosis,Beijing,15-24,Female,26,0,1,1,12,2022,Winter,Rural,1,0,0,1,0,1,0,0,0,1,0,1,685
Measles,Yunnan,15-24,Male,18,1,1,0,2,2018,Winter,Rural,1,0,0,1,0,0,1,0,0,1,0,23,135
Chickenpox,Sichuan,25-44,Female,15,0,0,1,4,2022,Spring,Rural,0,0,0,0,0,0,0,1,1,1,0,0,527
Mumps,Shandong,65+,Female,23,0,1,1,2,2019,Winter,Urban,0,0,0,0,0,1,1,0,1,1,0,1,234
Scarlet Fever,Guangdong,15-24,Female,16,0,0,1,7,2022,Summer,Urban,0,1,0,0,0,1,1,0,0,1,1,0,384
Influenza,Jiangsu,0-14,Female,21,0,1,1,5,2019,Spring,Urban,1,0,0,0,1,1,1,0,1,1,0,25,819
Hepatitis B,Guangdong,45-64,Female,13,0,1,1,11,2019,Autumn,Rural,0,0,0,0,1,1,0,1,0,1,0,0,676
COVID-19,Henan,15-24,Male,18,1,1,0,11,2022,Autumn,Rural,0,0,0,0,0,1,1,0,0,1,0,29,415
Hepatitis B,Henan,65+,Male,17,1,0,0,9,2020,Autumn,Urban,0,0,1,0,0,1,0,0,1,1,0,0,467
Syphilis,Beijing,25-44,Male,12,0,1,1,5,2021,Spring,Urban,1,1,0,0,0,0,0,0,0,1,1,6,390
Brucellosis,Jiangsu,0-14,Male,12,0,1,1,11,2021,Autumn,Urban,1,1,0,0,0,1,1,0,0,1,0,15,338
HIV/AIDS,Shanghai,25-44,Female,16,0,1,1,8,2021,Summer,Urban,0,0,0,0,0,1,1,0,0,1,0,25,796
Influenza,Henan,45-64,Female,16,0,0,0,2,2021,Winter,Rural,0,0,0,0,0,1,0,0,0,0,0,0,128
Rabies,Beijing,15-24,Female,23,0,1,1,3,2018,Spring,Rural,0,0,0,0,1,0,1,0,0,1,1,18,905
Scarlet Fever,Henan,15-24,Male,24,0,1,1,6,2019,Summer,Urban,1,0,0,0,0,1,0,0,0,1,0,14,304
Tuberculosis,Henan,65+,Male,18,0,0,1,11,2018,Autumn,Urban,1,1,0,1,0,1,1,0,0,1,1,0,599
Typhoid,Shanghai,15-24,Male,26,0,1,1,7,2021,Summer,Urban,0,0,1,1,0,1,1,0,0,1,0,2,331
Dysentery,Sichuan,0-14,Male,28,0,1,1,10,2021,Autumn,Rural,1,1,0,0,0,0,1,0,1,0,1,19,954
Measles,Hunan,45-64,Female,28,0,1,1,8,2022,Summer,Urban,0,0,0,0,0,1,0,0,1,0,0,20,721
HIV/AIDS,Yunnan,25-44,Female,13,0,0,0,3,2021,Spring,Rural,1,0,0,0,0,0,0,1,1,1,0,0,691
HIV/AIDS,Henan,45-64,Male,19,0,1,1,7,2019,Summer,Rural,0,0,1,0,0,0,1,1,1,1,1,4,797
Mumps,Henan,15-24,Male,20,1,1,0,8,2021,Summer,Urban,1,1,0,0,0,1,0,0,0,1,1,14,945
HIV/AIDS,Shandong,25-44,Female,31,0,0,1,10,2021,Autumn,Urban,1,0,0,0,0,0,1,0,0,1,0,0,435
Tuberculosis,Yunnan,65+,Female,26,0,0,1,6,2018,Summer,Urban,1,0,0,1,0,1,1,0,0,0,0,0,489
Tuberculosis,Shanghai,45-64,Female,20,0,1,1,4,2019,Spring,Rural,1,1,0,0,0,1,0,0,0,1,1,15,647
Dysentery,Guangdong,25-44,Female,19,0,0,1,6,2020,Summer,Urban,1,0,0,0,0,1,0,0,0,1,0,0,151
COVID-19,Jiangsu,25-44,Male,25,0,0,1,9,2022,Autumn,Urban,0,0,0,0,0,0,0,0,0,0,0,0,955
Chickenpox,Henan,25-44,Female,11,0,1,1,3,2020,Spring,Rural,1,0,0,1,0,1,0,0,0,1,0,11,470
Rabies,Hunan,0-14,Female,24,0,0,1,2,2018,Winter,Rural,0,1,0,0,0,0,0,0,0,1,0,0,894
Influenza,Jiangsu,45-64,Female,21,1,1,0,5,2021,Spring,Rural,1,0,1,1,0,0,1,0,0,1,0,28,636
HIV/AIDS,Yunnan,25-44,Female,26,0,1,1,7,2022,Summer,Urban,1,0,0,0,0,0,1,0,0,1,0,4,267
Hepatitis B,Jiangsu,45-64,Male,18,0,1,1,3,2019,Spring,Rural,0,0,0,1,0,1,0,1,0,1,0,23,896
Malaria,Sichuan,25-44,Male,15,0,1,1,5,2022,Spring,Rural,0,0,0,0,0,0,0,0,0,1,0,28,450
Mumps,Henan,65+,Male,19,1,1,0,4,2018,Spring,Rural,0,1,0,0,0,1,1,0,0,0,0,7,614
Mumps,Jiangsu,65+,Male,20,0,1,1,11,2021,Autumn,Rural,1,0,0,0,1,0,0,0,1,0,0,0,752
Hepatitis B,Guangdong,15-24,Male,17,0,1,1,2,2019,Winter,Urban,0,0,0,0,0,1,0,1,0,1,1,10,238
Syphilis,Henan,25-44,Female,16,0,1,0,12,2020,Winter,Rural,0,0,0,1,0,0,0,0,1,1,0,28,531
Hepatitis B,Zhejiang,15-24,Female,20,0,0,1,11,2021,Autumn,Rural,0,0,0,0,0,1,0,1,0,1,1,0,927
Scarlet Fever,Guangdong,45-64,Female,22,0,1,1,7,2021,Summer,Rural,1,0,0,1,1,1,1,1,0,1,0,9,101
Syphilis,Jiangsu,15-24,Female,23,0,1,1,12,2018,Winter,Urban,1,1,0,0,0,0,1,0,0,1,0,23,434
Typhoid,Beijing,45-64,Male,20,1,1,0,2,2018,Winter,Urban,1,1,0,0,0,0,0,1,0,1,0,17,978
Brucellosis,Guangdong,45-64,Female,19,0,0,1,3,2018,Spring,Rural,0,0,0,1,0,0,0,0,0,0,0,0,880
Malaria,Yunnan,45-64,Male,24,0,1,1,5,2021,Spring,Rural,0,1,0,0,0,0,0,0,1,1,1,8,646
Brucellosis,Zhejiang,15-24,Female,20,0,0,1,7,2018,Summer,Rural,0,1,0,0,0,0,0,0,0,1,1,0,918
Mumps,Jiangsu,25-44,Female,18,0,1,0,6,2022,Summer,Rural,1,0,0,1,0,0,0,0,1,0,0,9,847
Hepatitis B,Shanghai,15-24,Female,14,1,1,0,12,2022,Winter,Urban,0,0,0,0,0,1,1,0,0,1,1,19,207
Typhoid,Shandong,25-44,Male,20,0,1,1,7,2022,Summer,Urban,0,1,0,0,0,1,0,1,1,1,0,19,724
Chickenpox,Shanghai,25-44,Female,19,0,0,1,11,2021,Autumn,Urban,1,1,0,0,0,1,1,0,1,1,1,0,155
Measles,Sichuan,45-64,Male,24,1,1,0,6,2018,Summer,Rural,1,0,0,0,1,0,0,1,1,1,0,26,139
Influenza,Shandong,15-24,Male,21,0,1,1,12,2019,Winter,Rural,0,0,0,1,0,0,0,0,1,1,1,20,604
Typhoid,Sichuan,25-44,Female,25,0,1,1,1,2018,Winter,Urban,1,0,0,0,0,0,1,0,1,1,1,5,798
COVID-19,Shandong,65+,Male,20,0,1,1,5,2021,Spring,Urban,1,0,0,0,0,1,0,0,0,1,0,9,111
Scarlet Fever,Shandong,25-44,Male,15,2,1,0,12,2022,Winter,Rural,1,1,0,1,0,1,0,0,1,1,0,18,883
Influenza,Beijing,65+,Female,13,1,0,0,1,2021,Winter,Urban,1,0,0,1,0,1,1,0,1,0,1,0,334
Hepatitis B,Hunan,15-24,Female,24,0,1,1,7,2018,Summer,Urban,1,0,0,0,0,0,0,1,0,1,1,29,727
Rabies,Yunnan,15-24,Female,20,0,1,1,4,2021,Spring,Urban,0,1,0,0,0,0,0,0,0,0,1,15,396
Chickenpox,Shanghai,15-24,Female,18,1,1,0,5,2019,Spring,Urban,1,0,0,1,0,1,0,0,0,1,0,7,523
Typhoid,Guangdong,25-44,Female,22,0,1,1,1,2021,Winter,Urban,0,0,1,1,0,0,0,0,1,1,0,11,672
Malaria,Jiangsu,0-14,Female,20,1,1,0,8,2020,Summer,Rural,1,0,0,1,0,0,0,0,1,1,1,21,645
Hepatitis B,Zhejiang,25-44,Male,16,0,1,1,4,2021,Spring,Rural,0,1,0,0,0,1,0,0,0,1,0,4,374
HIV/AIDS,Yunnan,25-44,Female,24,0,0,1,3,2018,Spring,Rural,1,0,0,1,0,0,0,0,0,1,1,0,272
Tuberculosis,Sichuan,45-64,Female,26,0,1,1,1,2020,Winter,Rural,0,0,0,0,0,0,0,0,1,1,0,18,702
Typhoid,Beijing,45-64,Male,18,0,1,1,4,2022,Spring,Urban,1,0,1,1,1,0,0,1,0,1,0,0,128
Malaria,Sichuan,25-44,Female,19,0,1,1,3,2018,Spring,Rural,1,0,0,0,0,0,1,0,1,1,0,23,630
Scarlet Fever,Hunan,65+,Male,18,1,1,0,8,2019,Summer,Urban,1,0,0,1,0,1,0,0,0,1,0,21,846
Measles,Zhejiang,45-64,Female,22,0,0,1,9,2021,Autumn,Urban,1,1,0,0,0,0,1,0,1,1,0,0,283
HIV/AIDS,Beijing,25-44,Female,26,1,0,0,12,2021,Winter,Rural,1,1,0,0,0,1,0,1,1,1,1,0,638
Brucellosis,Sichuan,0-14,Male,15,0,1,0,5,2018,Spring,Rural,0,1,0,0,0,1,0,1,0,1,1,29,741
Measles,Hunan,65+,Female,21,0,1,1,9,2021,Autumn,Rural,1,0,0,1,0,0,1,1,0,1,0,26,523
Brucellosis,Jiangsu,15-24,Male,17,1,1,0,1,2021,Winter,Rural,1,0,0,0,0,1,1,0,0,1,1,21,714
Hepatitis B,Jiangsu,25-44,Female,23,0,1,0,7,2022,Summer,Urban,1,0,0,1,0,0,0,0,1,1,1,19,548
Tuberculosis,Sichuan,25-44,Female,20,0,1,0,11,2021,Autumn,Urban,1,0,0,1,0,0,1,1,0,1,0,2,177
Typhoid,Yunnan,65+,Male,24,0,0,1,7,2021,Summer,Urban,1,0,0,1,0,0,0,0,1,0,0,0,619
Typhoid,Zhejiang,45-64,Female,24,0,1,1,6,2022,Summer,Rural,1,0,1,0,0,0,1,0,0,1,0,1,126
Rabies,Henan,45-64,Female,26,0,1,1,4,2021,Spring,Rural,0,0,0,1,0,1,1,0,0,1,0,10,836
Mumps,Yunnan,45-64,Male,25,1,1,0,11,2022,Autumn,Urban,1,0,0,0,0,1,1,0,0,1,0,12,764
Rabies,Jiangsu,15-24,Female,16,1,1,0,9,2019,Autumn,Urban,0,0,0,1,0,1,1,0,0,1,1,4,660
COVID-19,Zhejiang,65+,Male,18,0,1,1,3,2021,Spring,Rural,1,0,1,0,0,0,0,0,0,1,0,6,856
Hepatitis B,Hunan,65+,Female,20,0,1,1,11,2018,Autumn,Rural,1,0,0,0,0,0,1,0,0,1,1,1,667
Hepatitis B,Beijing,45-64,Male,22,0,0,1,11,2020,Autumn,Urban,0,0,0,0,0,1,0,1,1,1,1,0,967
Tuberculosis,Shandong,45-64,Female,18,0,1,0,1,2019,Winter,Urban,1,0,0,0,0,0,0,0,1,1,1,9,713
Rabies,Sichuan,0-14,Male,14,0,0,1,2,2021,Winter,Urban,1,0,1,0,0,1,1,0,1,1,0,0,420
Malaria,Shanghai,0-14,Male,14,1,1,0,3,2018,Spring,Rural,0,0,0,0,0,0,0,0,1,0,0,19,386
Brucellosis,Zhejiang,25-44,Female,22,0,0,0,2,2020,Winter,Urban,0,0,0,0,0,1,1,1,0,1,1,0,326
Malaria,Guangdong,25-44,Female,20,0,0,1,6,2022,Summer,Urban,1,0,0,0,0,1,0,0,0,1,1,0,415
Tuberculosis,Hunan,65+,Male,15,1,0,0,7,2021,Summer,Rural,1,0,0,1,0,1,0,0,1,1,1,0,312
Chickenpox,Henan,65+,Female,15,0,0,1,5,2022,Spring,Urban,1,0,0,0,0,1,0,1,1,0,0,0,773
Mumps,Shandong,15-24,Male,19,1,1,0,5,2019,Spring,Urban,0,0,0,0,0,0,0,0,1,1,0,11,756
Malaria,Guangdong,15-24,Female,20,0,0,1,7,2020,Summer,Urban,0,0,0,0,0,1,0,0,0,1,1,0,172
Syphilis,Henan,0-14,Female,23,0,0,1,6,2020,Summer,Rural,0,1,0,0,0,1,0,1,0,1,1,0,128
COVID-19,Shanghai,25-44,Male,24,1,1,0,12,2022,Winter,Rural,0,0,0,1,0,0,0,0,0,0,1,6,299
Influenza,Jiangsu,0-14,Male,18,0,1,1,8,2022,Summer,Urban,1,1,0,0,0,1,1,1,0,1,0,1,822
Tuberculosis,Yunnan,0-14,Female,30,1,1,0,9,2019,Autumn,Rural,1,0,0,0,0,1,1,1,0,1,1,9,594
Tuberculosis,Sichuan,25-44,Female,25,1,1,0,2,2018,Winter,Urban,0,0,0,1,1,0,0,1,1,1,1,27,745
Dysentery,Beijing,15-24,Female,24,0,1,1,12,2021,Winter,Urban,1,1,0,0,0,1,0,0,1,1,0,2,443
Brucellosis,Henan,25-44,Female,15,0,1,1,2,2018,Winter,Rural,1,0,0,0,0,0,1,0,0,1,0,6,225
COVID-19,Shandong,45-64,Female,14,0,1,0,1,2020,Winter,Urban,1,1,0,0,0,1,1,0,0,1,0,9,617
HIV/AIDS,Zhejiang,45-64,Male,16,1,1,0,7,2021,Summer,Rural,0,0,0,0,1,0,0,1,0,0,0,0,203
HIV/AIDS,Jiangsu,45-64,Female,20,0,1,1,11,2019,Autumn,Rural,0,0,0,0,0,1,0,0,0,1,1,8,742
Syphilis,Zhejiang,65+,Female,27,0,0,1,4,2018,Spring,Urban,1,0,0,0,0,0,1,0,0,1,1,0,194
Rabies,Shandong,15-24,Male,21,0,1,1,9,2018,Autumn,Urban,1,0,0,0,0,0,0,0,1,1,0,23,258
COVID-19,Zhejiang,15-24,Male,17,0,1,1,6,2021,Summer,Rural,1,1,1,0,0,0,1,0,1,1,1,8,687
Chickenpox,Henan,65+,Male,19,1,1,0,12,2019,Winter,Rural,1,0,0,1,0,1,1,1,0,1,0,22,791
Hepatitis B,Hunan,0-14,Female,21,1,1,0,7,2019,Summer,Urban,0,1,0,0,0,0,0,1,0,1,0,8,235
Hepatitis B,Zhejiang,45-64,Male,20,2,1,0,7,2018,Summer,Rural,0,0,0,0,0,1,0,0,0,1,0,26,334
Measles,Yunnan,45-64,Male,28,0,1,1,8,2018,Summer,Urban,0,0,0,0,0,1,1,1,1,1,0,9,701
Brucellosis,Shanghai,0-14,Male,15,0,1,1,4,2022,Spring,Urban,1,0,0,0,1,0,0,1,0,1,1,28,862
Syphilis,Beijing,25-44,Male,21,0,1,1,3,2021,Spring,Rural,0,0,0,0,0,1,0,0,0,1,1,3,381
Tuberculosis,Henan,25-44,Female,18,0,1,1,3,2019,Spring,Urban,1,0,0,1,0,1,0,0,1,1,1,24,498
Syphilis,Guangdong,15-24,Female,27,0,1,0,10,2020,Autumn,Rural,0,0,0,0,0,1,1,0,0,1,0,15,560
Syphilis,Shandong,65+,Female,21,1,1,0,8,2021,Summer,Urban,0,0,0,0,0,1,0,1,0,1,1,24,283
Scarlet Fever,Jiangsu,15-24,Male,31,1,1,0,12,2022,Winter,Urban,0,0,0,1,0,1,0,1,1,1,0,1,697
Syphilis,Henan,25-44,Male,15,1,1,0,3,2021,Spring,Urban,1,0,0,1,0,0,0,0,0,1,0,10,221
HIV/AIDS,Hunan,0-14,Male,20,1,1,0,8,2018,Summer,Urban,1,0,1,0,0,0,1,0,0,1,0,8,994
Scarlet Fever,Jiangsu,15-24,Male,26,1,1,0,2,2021,Winter,Urban,0,1,1,1,0,0,1,1,1,1,0,2,417
Brucellosis,Yunnan,45-64,Male,26,0,1,1,5,2021,Spring,Urban,1,0,0,0,0,0,1,0,1,1,1,26,240
Syphilis,Shandong,45-64,Male,24,1,1,0,5,2021,Spring,Rural,1,0,0,0,0,1,0,1,0,1,1,6,657
Mumps,Jiangsu,0-14,Female,14,0,1,1,7,2020,Summer,Rural,1,0,0,0,0,1,0,0,0,1,0,12,281
Influenza,Zhejiang,25-44,Female,19,0,1,1,5,2022,Spring,Urban,1,0,0,1,0,1,0,0,0,1,0,26,876
Hepatitis B,Henan,45-64,Male,16,0,1,1,9,2021,Autumn,Rural,1,0,0,0,0,0,0,0,1,1,1,12,443
Scarlet Fever,Shanghai,45-64,Female,20,0,1,1,3,2021,Spring,Rural,1,0,0,0,0,0,0,0,0,0,0,27,358
Measles,Shandong,65+,Male,19,0,0,1,9,2020,Autumn,Rural,1,1,0,1,0,1,1,0,0,1,0,0,111
Influenza,Yunnan,25-44,Female,23,0,1,1,3,2021,Spring,Rural,0,0,0,1,0,0,1,0,0,1,1,10,527
Measles,Beijing,15-24,Male,21,1,0,0,4,2021,Spring,Urban,0,1,0,0,0,0,1,0,0,1,1,0,797
Dysentery,Shandong,25-44,Female,28,1,1,0,6,2019,Summer,Urban,1,0,0,0,0,1,1,0,0,1,1,4,622
Measles,Hunan,45-64,Male,16,0,1,1,10,2021,Autumn,Urban,0,0,1,1,0,1,0,0,0,1,0,15,758
Hepatitis B,Henan,65+,Male,20,0,0,1,8,2021,Summer,Urban,0,0,0,0,0,0,0,0,0,1,0,0,542
Hepatitis B,Zhejiang,15-24,Female,25,0,0,1,7,2021,Summer,Urban,1,0,0,1,0,0,0,0,0,1,1,0,172
Scarlet Fever,Beijing,45-64,Male,17,0,1,1,8,2022,Summer,Rural,1,0,0,0,0,0,0,0,0,1,1,9,264
Syphilis,Beijing,25-44,Male,20,0,1,1,6,2018,Summer,Rural,1,0,0,0,0,0,0,0,1,1,1,9,237
Typhoid,Yunnan,15-24,Male,26,1,1,0,6,2022,Summer,Urban,1,1,0,1,1,1,0,0,0,1,0,18,428
Dysentery,Jiangsu,15-24,Female,19,0,1,1,6,2019,Summer,Urban,0,0,0,1,0,1,0,0,0,1,1,25,132
Scarlet Fever,Hunan,45-64,Male,23,0,1,1,3,2022,Spring,Rural,1,0,0,0,0,0,0,0,0,1,0,19,816
Mumps,Jiangsu,15-24,Male,13,0,1,1,10,2022,Autumn,Urban,1,0,0,0,0,0,1,0,1,1,1,25,247
Tuberculosis,Zhejiang,65+,Male,19,0,0,1,4,2020,Spring,Urban,0,1,0,0,0,1,0,0,1,1,1,0,430
Malaria,Beijing,65+,Female,22,0,1,1,11,2019,Autumn,Rural,0,0,1,0,0,0,1,0,1,1,0,27,844
Measles,Hunan,25-44,Female,17,1,1,0,7,2019,Summer,Urban,0,0,0,0,0,0,0,1,1,1,0,26,722
Typhoid,Guangdong,45-64,Female,19,0,1,1,3,2022,Spring,Urban,1,0,0,0,0,1,1,1,1,1,0,21,736
Syphilis,Henan,65+,Female,29,0,1,1,4,2019,Spring,Urban,1,0,0,0,0,1,0,0,0,0,1,15,735
HIV/AIDS,Beijing,0-14,Male,12,0,1,1,6,2020,Summer,Urban,0,0,0,0,1,0,0,0,1,0,1,12,368
Brucellosis,Beijing,0-14,Female,17,0,1,1,1,2021,Winter,Rural,1,1,0,1,1,0,0,0,1,1,0,18,223
Tuberculosis,Hunan,15-24,Female,16,0,1,1,11,2022,Autumn,Urban,1,0,0,0,0,0,0,1,0,1,1,2,847
Chickenpox,Jiangsu,15-24,Male,20,0,1,1,7,2021,Summer,Urban,0,0,0,0,0,1,0,0,0,1,0,8,930
Rabies,Beijing,0-14,Female,21,0,1,1,11,2021,Autumn,Rural,0,1,0,0,0,1,0,0,1,1,0,9,753
Typhoid,Hunan,65+,Male,19,0,1,1,1,2022,Winter,Urban,0,0,0,0,0,1,1,0,1,1,1,15,812
Brucellosis,Beijing,15-24,Female,18,0,1,1,11,2022,Autumn,Urban,1,0,0,0,0,1,0,0,1,1,1,17,153
HIV/AIDS,Hunan,45-64,Male,17,0,1,1,12,2019,Winter,Rural,0,0,0,0,0,0,0,0,0,1,1,3,525
Dysentery,Guangdong,45-64,Male,18,0,1,1,12,2020,Winter,Rural,0,0,0,1,0,1,0,0,0,1,0,20,182
Chickenpox,Henan,65+,Female,20,0,1,1,10,2022,Autumn,Rural,0,0,0,0,0,1,0,1,0,1,1,23,717
Scarlet Fever,Hunan,15-24,Female,22,0,0,1,11,2021,Autumn,Rural,0,0,0,0,0,1,1,1,0,1,1,0,722
Syphilis,Beijing,45-64,Male,19,0,1,1,11,2022,Autumn,Rural,1,0,0,0,0,1,0,0,0,1,1,21,472
Tuberculosis,Zhejiang,15-24,Male,25,0,1,1,9,2020,Autumn,Urban,1,0,0,1,0,0,1,0,0,1,0,15,609
Tuberculosis,Henan,15-24,Male,23,0,1,0,10,2018,Autumn,Rural,1,0,0,1,0,1,1,1,1,1,0,17,939
Tuberculosis,Guangdong,45-64,Male,19,0,1,1,9,2021,Autumn,Rural,1,0,0,0,0,1,1,0,1,1,1,25,949
Dysentery,Hunan,0-14,Male,15,0,1,1,11,2018,Autumn,Rural,0,0,0,0,0,0,1,0,0,1,1,28,325
Chickenpox,Zhejiang,45-64,Male,16,0,1,1,9,2018,Autumn,Rural,0,1,0,0,0,0,1,0,1,1,1,9,391
Measles,Hunan,65+,Male,16,1,0,0,4,2020,Spring,Urban,0,0,0,0,0,1,0,0,0,1,1,0,108
Rabies,Jiangsu,25-44,Female,24,0,1,0,2,2022,Winter,Rural,1,1,1,1,0,1,1,0,1,1,0,22,819
Mumps,Beijing,45-64,Male,21,1,1,0,7,2018,Summer,Urban,1,0,0,0,0,0,0,0,0,1,1,9,872
Dysentery,Shandong,15-24,Female,25,1,1,0,4,2019,Spring,Urban,1,0,1,0,0,0,0,1,0,1,0,16,854
Malaria,Yunnan,15-24,Female,23,1,1,0,5,2022,Spring,Rural,0,0,1,0,0,0,0,0,0,1,0,26,754
COVID-19,Shanghai,45-64,Male,20,0,1,1,1,2021,Winter,Urban,0,0,0,1,0,0,0,0,0,1,0,18,610
COVID-19,Jiangsu,25-44,Male,20,0,0,1,11,2022,Autumn,Urban,0,0,0,0,0,1,1,0,0,1,1,0,163
Rabies,Zhejiang,45-64,Female,21,0,0,1,12,2020,Winter,Urban,1,0,0,0,0,1,0,1,0,1,1,0,594
Hepatitis B,Jiangsu,25-44,Male,17,0,0,1,10,2020,Autumn,Rural,0,0,0,1,0,1,1,0,0,1,1,0,147
COVID-19,Sichuan,25-44,Male,14,0,1,1,6,2021,Summer,Rural,1,0,0,0,1,1,0,0,0,1,0,7,266
Syphilis,Hunan,65+,Female,23,2,0,0,12,2021,Winter,Urban,1,0,0,0,0,0,0,0,0,1,0,0,764
Dysentery,Hunan,15-24,Female,22,0,1,1,7,2021,Summer,Rural,1,1,0,0,0,0,0,0,0,1,0,15,819
HIV/AIDS,Shanghai,15-24,Female,14,0,0,0,3,2020,Spring,Rural,1,0,0,0,0,0,0,1,0,1,1,0,441
Rabies,Shanghai,25-44,Male,15,0,0,1,10,2022,Autumn,Rural,0,0,0,0,0,0,1,1,0,1,0,0,469
Malaria,Sichuan,15-24,Male,18,0,1,0,2,2018,Winter,Urban,0,0,0,1,0,0,1,0,0,1,0,15,819
Hepatitis B,Beijing,0-14,Female,24,0,1,1,12,2018,Winter,Rural,1,0,0,0,0,1,1,0,1,1,0,6,324
Measles,Yunnan,25-44,Male,23,0,1,1,12,2019,Winter,Rural,1,0,0,1,0,0,0,1,0,1,1,7,543
Chickenpox,Shandong,15-24,Female,25,0,0,1,10,2020,Autumn,Urban,1,0,0,1,0,0,1,0,0,1,0,0,474
HIV/AIDS,Shandong,0-14,Male,21,0,1,1,7,2021,Summer,Rural,1,0,1,0,1,1,1,0,1,1,0,4,362
Scarlet Fever,Guangdong,65+,Female,19,1,1,0,1,2022,Winter,Urban,0,0,0,0,1,0,0,0,1,1,1,0,245
Rabies,Guangdong,15-24,Male,19,1,1,0,2,2020,Winter,Rural,1,0,0,1,0,1,0,1,0,1,0,22,227
Syphilis,Beijing,0-14,Female,22,0,1,1,3,2019,Spring,Rural,1,0,0,0,1,0,1,0,0,1,1,8,873
Chickenpox,Guangdong,45-64,Male,13,1,1,0,4,2018,Spring,Rural,1,1,0,0,1,1,0,0,0,1,0,7,724
HIV/AIDS,Guangdong,45-64,Male,12,0,0,1,5,2022,Spring,Rural,1,0,0,0,0,1,0,0,0,1,1,0,367
Hepatitis B,Sichuan,0-14,Female,20,0,1,0,4,2018,Spring,Urban,1,0,0,1,0,1,1,0,0,0,1,19,463
HIV/AIDS,Sichuan,25-44,Male,14,0,1,1,10,2022,Autumn,Rural,0,0,1,1,0,1,1,1,0,1,1,15,772
Brucellosis,Guangdong,25-44,Male,12,0,1,1,3,2021,Spring,Urban,0,0,1,0,0,1,0,0,0,1,1,10,581
Chickenpox,Jiangsu,15-24,Female,23,0,1,1,1,2022,Winter,Urban,1,1,0,0,0,1,0,0,0,1,1,1,888
Influenza,Henan,45-64,Male,19,0,1,1,7,2021,Summer,Rural,1,0,0,1,0,1,1,0,0,0,0,16,797
Brucellosis,Henan,25-44,Male,10,0,1,1,12,2020,Winter,Rural,1,0,0,0,0,0,0,0,1,1,0,11,309
Mumps,Beijing,25-44,Male,16,0,0,1,10,2018,Autumn,Rural,1,1,0,0,0,0,0,0,0,1,0,0,653
Typhoid,Shandong,45-64,Female,23,0,0,1,6,2022,Summer,Rural,1,0,1,1,0,1,0,0,0,1,0,0,321
Measles,Shanghai,65+,Female,18,0,1,1,2,2022,Winter,Rural,0,0,0,0,0,1,1,0,0,1,0,6,401
Hepatitis B,Guangdong,0-14,Female,23,1,0,0,3,2018,Spring,Rural,1,0,1,1,0,0,1,0,0,1,1,0,152
Chickenpox,Sichuan,15-24,Female,28,0,1,1,8,2020,Summer,Rural,1,0,0,1,0,1,1,0,0,1,1,23,161
Mumps,Hunan,25-44,Male,20,0,1,1,8,2021,Summer,Rural,1,0,0,0,0,1,1,0,0,1,1,6,918
Mumps,Jiangsu,25-44,Male,29,0,1,1,10,2020,Autumn,Urban,1,0,0,0,0,1,0,0,0,1,1,3,584
Scarlet Fever,Zhejiang,65+,Female,14,0,1,1,10,2019,Autumn,Rural,0,0,0,1,1,0,1,0,1,1,0,14,502
HIV/AIDS,Sichuan,0-14,Male,14,0,1,1,10,2020,Autumn,Rural,1,0,0,0,0,1,0,0,0,1,1,26,542
Typhoid,Henan,15-24,Male,21,0,0,1,12,2021,Winter,Urban,1,0,0,1,0,1,0,0,0,1,0,0,417
Mumps,Sichuan,25-44,Male,18,0,0,0,10,2018,Autumn,Rural,0,0,0,0,0,1,0,1,0,1,1,0,520
Typhoid,Jiangsu,15-24,Male,20,1,1,0,11,2019,Autumn,Rural,0,0,0,1,0,1,0,0,1,0,0,21,816
Brucellosis,Shanghai,45-64,Female,14,0,1,0,12,2022,Winter,Urban,1,0,0,0,0,0,0,0,0,1,0,23,498
HIV/AIDS,Guangdong,25-44,Female,10,0,1,0,8,2022,Summer,Rural,1,0,0,0,0,0,0,0,1,1,1,8,189
Chickenpox,Hunan,25-44,Male,19,1,0,0,7,2018,Summer,Urban,1,0,0,0,0,0,0,0,0,1,0,0,681
Brucellosis,Henan,45-64,Male,21,1,1,0,2,2020,Winter,Rural,1,0,0,0,0,1,0,0,0,1,0,1,702
Syphilis,Henan,65+,Female,24,0,1,1,1,2022,Winter,Rural,1,1,0,0,0,1,0,0,0,1,0,7,879
Influenza,Yunnan,25-44,Male,21,0,1,1,6,2019,Summer,Rural,0,0,1,0,0,0,1,0,0,1,0,6,595
Mumps,Shandong,15-24,Male,26,2,1,0,11,2021,Autumn,Urban,0,0,0,0,0,1,1,0,1,0,0,22,444
Dysentery,Shanghai,0-14,Male,21,0,1,1,8,2020,Summer,Urban,0,1,0,0,1,0,0,0,0,0,1,2,533
Brucellosis,Henan,15-24,Female,20,0,0,0,1,2021,Winter,Urban,1,0,0,0,0,0,0,0,0,1,1,0,658
Influenza,Shandong,65+,Female,26,0,1,1,3,2020,Spring,Urban,0,0,1,0,0,0,0,1,1,0,1,19,627
HIV/AIDS,Henan,0-14,Male,18,0,0,1,1,2019,Winter,Rural,0,0,0,0,0,1,1,1,0,1,1,0,465
Scarlet Fever,Guangdong,15-24,Male,19,1,1,0,10,2021,Autumn,Urban,1,1,0,1,0,0,1,0,0,1,1,15,499
Measles,Shandong,15-24,Male,19,0,1,1,9,2019,Autumn,Rural,1,0,0,1,0,1,0,0,0,1,1,25,294
Dysentery,Jiangsu,45-64,Male,16,0,1,1,7,2021,Summer,Rural,1,0,1,0,0,1,1,0,0,1,0,1,901
Hepatitis B,Yunnan,65+,Male,21,1,0,0,8,2020,Summer,Rural,1,0,0,0,0,0,1,1,0,1,1,0,333
Scarlet Fever,Jiangsu,0-14,Female,17,0,1,1,3,2020,Spring,Rural,1,0,0,0,0,1,1,1,0,1,1,4,698
Influenza,Hunan,45-64,Female,24,0,0,1,10,2020,Autumn,Urban,0,1,1,0,0,0,0,0,0,1,1,0,163
HIV/AIDS,Shanghai,65+,Male,24,0,1,1,11,2021,Autumn,Rural,1,0,0,1,0,1,1,0,0,1,1,3,577
Influenza,Shanghai,25-44,Female,22,0,1,1,2,2021,Winter,Rural,0,0,0,1,0,0,1,0,0,1,1,29,504
Mumps,Zhejiang,0-14,Male,16,0,0,1,5,2022,Spring,Rural,0,0,0,1,0,0,0,1,0,1,0,0,793
Scarlet Fever,Shandong,25-44,Female,24,0,1,1,4,2018,Spring,Urban,1,0,0,0,0,1,1,0,0,1,1,28,693
Brucellosis,Shanghai,45-64,Female,15,0,1,1,6,2021,Summer,Rural,0,0,0,1,0,0,1,0,0,1,0,20,230
Chickenpox,Shandong,0-14,Male,22,0,1,1,6,2020,Summer,Urban,1,0,0,0,0,1,0,0,0,1,0,9,536
Dysentery,Zhejiang,65+,Male,20,0,1,0,12,2018,Winter,Rural,0,0,0,1,0,0,0,0,1,0,1,17,338
Malaria,Hunan,0-14,Female,21,0,1,1,3,2019,Spring,Rural,1,0,0,1,0,1,0,1,0,1,1,24,239
Rabies,Henan,0-14,Female,15,0,1,1,2,2018,Winter,Urban,0,0,0,1,0,0,1,1,0,1,1,25,649
Influenza,Jiangsu,15-24,Male,17,0,1,1,9,2018,Autumn,Rural,0,1,1,0,0,0,0,0,1,0,1,22,433
COVID-19,Sichuan,15-24,Male,20,1,1,0,8,2022,Summer,Rural,0,0,1,1,1,1,1,0,1,1,0,0,190
Hepatitis B,Shandong,0-14,Male,11,0,1,1,4,2022,Spring,Urban,0,0,0,1,0,0,0,0,1,1,0,4,245
Hepatitis B,Hunan,25-44,Female,20,0,1,1,6,2018,Summer,Urban,1,0,0,0,0,1,1,0,0,1,0,22,695
Tuberculosis,Jiangsu,15-24,Male,15,0,1,1,3,2022,Spring,Rural,1,0,0,1,0,0,1,0,1,0,0,7,774
Scarlet Fever,Shanghai,65+,Female,17,0,1,1,11,2022,Autumn,Urban,1,0,0,1,1,0,0,0,0,1,0,11,439
Influenza,Henan,45-64,Male,17,0,0,0,8,2018,Summer,Rural,1,0,0,0,0,1,1,0,0,1,1,0,297
Rabies,Jiangsu,15-24,Female,20,0,1,1,3,2021,Spring,Urban,0,0,0,0,0,1,1,0,1,1,0,23,573
Syphilis,Yunnan,0-14,Female,21,0,0,1,2,2022,Winter,Urban,0,0,1,0,0,0,1,1,0,1,1,0,554
Mumps,Jiangsu,45-64,Female,26,0,0,1,3,2021,Spring,Rural,1,1,0,0,0,0,0,0,0,0,1,0,943
Typhoid,Sichuan,15-24,Male,20,0,1,0,9,2022,Autumn,Rural,1,0,1,1,0,1,0,0,0,1,1,10,372
Brucellosis,Hunan,25-44,Female,15,1,1,0,3,2018,Spring,Rural,1,0,0,0,0,0,0,0,0,1,0,10,600
Chickenpox,Henan,25-44,Female,23,0,1,1,8,2022,Summer,Urban,0,0,0,0,1,0,1,0,0,1,1,23,169
Rabies,Guangdong,25-44,Female,14,2,1,0,2,2021,Winter,Rural,1,0,0,0,1,1,0,0,0,1,0,0,914
Typhoid,Jiangsu,0-14,Male,18,1,1,0,9,2018,Autumn,Rural,0,0,0,0,0,0,0,1,0,1,0,17,921
Scarlet Fever,Beijing,65+,Male,20,0,1,1,1,2021,Winter,Urban,1,0,0,0,0,1,0,0,0,1,1,8,882
Brucellosis,Sichuan,25-44,Male,14,0,1,1,12,2020,Winter,Urban,1,0,0,0,1,0,1,0,0,1,0,7,108
Typhoid,Sichuan,45-64,Male,16,0,1,1,3,2019,Spring,Rural,0,1,0,0,0,1,1,0,0,1,1,3,807
Brucellosis,Beijing,15-24,Male,13,0,0,1,11,2020,Autumn,Rural,0,0,0,1,0,0,1,0,0,1,0,0,102
Malaria,Yunnan,45-64,Male,13,0,1,1,2,2022,Winter,Rural,0,0,0,1,0,1,1,1,1,0,1,18,368
Tuberculosis,Guangdong,0-14,Female,28,1,1,0,12,2021,Winter,Rural,1,0,1,1,0,1,1,0,1,0,1,21,451
Rabies,Zhejiang,0-14,Female,21,0,1,1,7,2018,Summer,Rural,1,0,0,1,0,0,0,0,0,1,0,1,105
Scarlet Fever,Hunan,45-64,Female,28,0,1,1,5,2021,Spring,Urban,1,0,1,0,1,1,1,0,1,1,0,10,484
Rabies,Henan,65+,Male,12,0,0,1,8,2022,Summer,Rural,0,0,0,0,0,0,0,0,1,1,1,0,333
Malaria,Hunan,0-14,Female,22,0,0,1,2,2018,Winter,Rural,1,0,1,0,0,0,1,1,1,1,0,0,677
Influenza,Guangdong,0-14,Female,18,0,1,1,8,2020,Summer,Rural,0,0,0,1,0,1,0,0,0,1,0,9,195
Influenza,Hunan,45-64,Male,16,0,1,1,7,2021,Summer,Urban,0,0,0,1,0,1,1,0,0,1,0,20,598
Influenza,Beijing,0-14,Female,24,0,1,1,12,2019,Winter,Urban,0,1,0,0,0,0,1,0,0,1,1,12,723
Measles,Sichuan,65+,Male,21,0,1,1,11,2022,Autumn,Rural,1,0,0,0,1,0,1,0,0,0,0,0,224
Typhoid,Hunan,65+,Female,16,0,0,1,5,2022,Spring,Rural,1,0,0,0,0,0,1,0,0,1,0,0,609
Measles,Shandong,65+,Male,19,0,0,0,2,2021,Winter,Rural,0,0,0,0,0,1,1,1,1,0,0,0,652
Tuberculosis,Jiangsu,15-24,Male,21,0,1,1,10,2020,Autumn,Rural,0,1,1,1,0,0,0,0,0,1,1,24,468
Chickenpox,Guangdong,65+,Male,17,0,1,0,11,2020,Autumn,Urban,0,0,0,0,1,1,1,0,0,1,0,0,106
Malaria,Yunnan,65+,Female,22,1,0,0,7,2019,Summer,Rural,1,0,0,0,0,0,0,0,0,1,0,0,376
Scarlet Fever,Shandong,15-24,Female,19,1,1,0,10,2019,Autumn,Rural,0,0,0,1,1,1,1,0,0,1,0,17,308
Rabies,Beijing,25-44,Male,15,0,1,1,4,2021,Spring,Rural,1,0,0,1,0,0,1,0,0,0,1,27,292
Brucellosis,Shanghai,0-14,Male,12,0,0,1,4,2018,Spring,Urban,1,0,0,0,0,1,0,0,0,1,1,0,259
Mumps,Beijing,65+,Female,21,0,1,1,8,2020,Summer,Urban,0,0,0,0,0,1,0,0,0,1,1,19,587
Scarlet Fever,Yunnan,0-14,Female,27,1,1,0,6,2018,Summer,Urban,1,0,0,0,0,1,0,0,0,1,0,25,707
Typhoid,Yunnan,45-64,Male,16,1,1,0,9,2018,Autumn,Urban,1,1,0,0,0,0,0,0,0,1,1,27,557
Measles,Shandong,0-14,Female,11,0,1,1,11,2021,Autumn,Urban,1,1,0,0,0,0,1,0,0,0,0,29,346
Measles,Jiangsu,15-24,Female,21,0,1,1,2,2019,Winter,Rural,1,0,0,1,0,0,1,0,0,1,1,29,105
HIV/AIDS,Guangdong,0-14,Female,20,0,1,1,5,2018,Spring,Urban,1,0,0,0,0,0,0,0,1,1,1,24,652
Measles,Zhejiang,0-14,Male,15,0,0,1,6,2021,Summer,Rural,1,0,0,0,0,0,0,0,0,1,0,0,132
Chickenpox,Sichuan,0-14,Male,22,0,0,1,8,2019,Summer,Rural,1,0,0,0,0,1,0,0,0,0,1,0,764
Syphilis,Shandong,25-44,Female,26,0,0,1,4,2018,Spring,Rural,0,0,0,0,0,1,1,0,0,1,1,0,379
Rabies,Yunnan,25-44,Male,27,0,1,0,11,2018,Autumn,Urban,0,0,0,0,0,0,1,0,0,0,1,12,706
Syphilis,Shanghai,45-64,Female,24,0,1,1,7,2019,Summer,Urban,0,0,0,1,0,1,1,1,0,1,1,6,854
Brucellosis,Henan,15-24,Female,17,0,1,1,11,2019,Autumn,Urban,1,1,0,0,0,1,0,0,0,1,1,9,205
Rabies,Yunnan,0-14,Male,23,0,1,0,7,2022,Summer,Rural,1,1,0,0,0,0,0,0,1,1,1,27,620
Malaria,Jiangsu,0-14,Male,23,0,1,1,4,2022,Spring,Rural,0,0,1,1,0,1,0,1,1,1,0,19,704
Rabies,Jiangsu,0-14,Male,29,0,0,1,1,2021,Winter,Urban,1,0,0,0,0,1,0,0,0,1,0,0,737
Syphilis,Yunnan,0-14,Female,30,0,1,1,3,2021,Spring,Urban,1,0,0,0,0,0,1,0,0,1,0,22,166
Scarlet Fever,Jiangsu,25-44,Female,20,0,1,1,2,2020,Winter,Urban,1,0,0,1,0,0,0,0,1,1,1,17,103
Rabies,Shandong,45-64,Male,16,0,1,1,12,2022,Winter,Rural,1,1,0,1,0,1,0,0,1,1,0,17,153
Malaria,Yunnan,65+,Male,17,0,1,1,3,2019,Spring,Rural,0,0,1,0,1,0,0,1,0,1,0,1,440
Malaria,Yunnan,15-24,Male,19,0,0,1,5,2022,Spring,Urban,0,0,0,1,0,1,0,1,0,1,1,0,233
Tuberculosis,Guangdong,0-14,Female,19,0,0,1,11,2021,Autumn,Rural,0,1,0,0,0,1,0,0,0,1,1,0,549
Rabies,Sichuan,45-64,Female,17,0,1,1,12,2021,Winter,Rural,0,1,0,0,0,0,0,0,0,1,1,12,144
Mumps,Shanghai,65+,Female,10,0,1,1,1,2021,Winter,Urban,0,0,0,0,0,0,0,0,0,0,1,16,324
HIV/AIDS,Jiangsu,45-64,Male,21,0,1,1,5,2019,Spring,Rural,1,0,0,0,0,1,0,0,0,1,0,5,753
Influenza,Guangdong,25-44,Male,15,0,0,1,2,2018,Winter,Rural,1,1,0,1,0,1,1,0,0,1,0,0,951
Hepatitis B,Zhejiang,65+,Female,23,0,1,0,4,2021,Spring,Rural,0,0,0,0,0,0,1,0,1,1,0,8,270
Malaria,Zhejiang,45-64,Male,30,0,1,1,6,2022,Summer,Urban,1,1,0,0,0,0,1,0,1,0,1,2,549
Dysentery,Hunan,25-44,Male,18,0,1,0,9,2018,Autumn,Rural,0,0,0,0,0,0,0,0,0,1,0,24,466
Influenza,Shandong,45-64,Male,20,1,1,0,10,2022,Autumn,Rural,1,0,0,0,0,0,0,0,1,1,1,6,410
Chickenpox,Shandong,45-64,Male,14,0,1,1,6,2021,Summer,Urban,0,0,0,0,0,1,0,0,1,1,0,29,776
Typhoid,Beijing,65+,Female,24,0,1,1,10,2019,Autumn,Urban,0,0,0,1,0,1,0,0,1,1,0,4,303
Rabies,Shanghai,25-44,Male,19,0,1,1,11,2018,Autumn,Rural,1,1,0,0,0,1,1,0,1,1,1,27,596
Syphilis,Yunnan,0-14,Female,16,0,1,0,12,2018,Winter,Rural,0,0,0,1,0,1,0,0,0,1,0,20,371
Hepatitis B,Jiangsu,15-24,Female,31,0,1,1,2,2021,Winter,Rural,0,0,0,1,1,1,0,1,0,1,0,0,884
Dysentery,Shanghai,65+,Male,17,0,1,1,8,2021,Summer,Urban,0,0,0,0,0,1,0,0,1,0,0,9,578
Influenza,Hunan,25-44,Female,16,0,1,1,5,2021,Spring,Urban,0,0,1,1,0,1,0,0,0,1,1,21,350
Rabies,Beijing,45-64,Female,16,0,0,1,9,2020,Autumn,Rural,1,0,0,0,0,0,0,0,1,1,0,0,170
Tuberculosis,Guangdong,25-44,Male,22,1,0,0,10,2019,Autumn,Urban,0,0,1,1,0,1,0,0,0,1,0,0,445
Typhoid,Shanghai,15-24,Female,19,0,1,0,9,2019,Autumn,Urban,1,0,0,0,0,0,0,0,0,0,1,9,354
Hepatitis B,Guangdong,15-24,Female,20,1,1,0,4,2021,Spring,Urban,0,0,1,0,1,1,0,0,0,0,1,24,228
HIV/AIDS,Zhejiang,0-14,Female,24,0,1,0,1,2020,Winter,Urban,0,0,0,0,0,0,1,0,1,1,0,5,613
Brucellosis,Jiangsu,0-14,Female,14,0,0,1,11,2021,Autumn,Urban,1,1,1,0,0,1,0,1,0,1,1,0,450
Tuberculosis,Hunan,15-24,Female,27,0,1,1,9,2021,Autumn,Urban,0,0,1,0,1,1,0,0,1,1,0,0,183
Dysentery,Yunnan,65+,Female,26,0,1,1,9,2019,Autumn,Rural,0,1,0,0,0,1,1,0,1,0,0,24,456
Chickenpox,Jiangsu,65+,Female,20,0,1,1,8,2020,Summer,Rural,0,0,0,0,0,1,0,0,0,1,1,17,222
Hepatitis B,Sichuan,45-64,Female,26,0,1,1,5,2019,Spring,Rural,0,0,0,1,0,1,0,0,1,1,0,20,772
Tuberculosis,Shandong,0-14,Male,16,0,1,1,5,2021,Spring,Urban,0,0,0,0,0,0,0,0,0,1,0,14,932
Typhoid,Hunan,45-64,Male,14,1,1,0,10,2022,Autumn,Rural,1,0,1,0,0,0,1,1,0,1,0,25,406
HIV/AIDS,Shanghai,0-14,Male,15,0,1,1,6,2018,Summer,Rural,0,1,1,0,0,0,0,0,0,1,1,12,260
Tuberculosis,Jiangsu,15-24,Female,28,0,1,1,1,2021,Winter,Urban,0,0,1,1,0,0,1,0,1,1,1,19,614
Measles,Henan,65+,Female,13,0,1,1,9,2020,Autumn,Rural,0,0,0,0,0,0,0,1,1,1,1,1,840
HIV/AIDS,Shandong,65+,Female,18,0,1,1,5,2022,Spring,Rural,1,0,0,0,0,0,0,1,0,1,1,29,671
Brucellosis,Shandong,15-24,Male,19,0,1,1,7,2020,Summer,Rural,1,0,0,0,0,1,0,0,0,1,0,21,566
Dysentery,Henan,45-64,Male,15,0,1,1,11,2021,Autumn,Rural,0,0,0,0,0,1,1,0,0,0,1,27,783
Chickenpox,Beijing,45-64,Male,24,1,1,0,8,2021,Summer,Urban,1,0,0,1,0,1,0,0,0,1,0,9,477
Typhoid,Beijing,25-44,Female,24,0,1,1,5,2018,Spring,Rural,1,0,0,0,1,1,0,1,1,1,0,0,203
Mumps,Henan,0-14,Male,15,0,1,1,3,2020,Spring,Urban,0,0,0,1,0,0,0,0,0,0,0,1,579
Rabies,Sichuan,45-64,Male,24,0,0,1,6,2022,Summer,Urban,1,1,1,0,0,0,0,0,0,1,0,0,232
Syphilis,Zhejiang,15-24,Female,24,1,1,0,7,2018,Summer,Rural,1,0,1,0,0,1,0,0,1,1,0,2,654
COVID-19,Henan,45-64,Male,22,0,0,1,4,2020,Spring,Urban,1,0,0,1,0,1,0,0,0,1,1,0,914
Scarlet Fever,Zhejiang,65+,Female,21,0,0,1,9,2021,Autumn,Urban,1,0,1,0,0,1,1,1,1,1,0,0,328
Scarlet Fever,Jiangsu,0-14,Male,22,1,1,0,11,2018,Autumn,Urban,1,1,0,1,0,1,0,0,0,1,1,24,617
Syphilis,Sichuan,25-44,Female,15,1,1,0,4,2021,Spring,Urban,1,0,0,1,0,1,0,0,1,1,0,14,287
Syphilis,Zhejiang,65+,Female,18,1,0,0,10,2019,Autumn,Rural,0,0,0,1,0,1,0,0,0,1,1,0,473
Hepatitis B,Shandong,65+,Female,18,0,1,1,2,2018,Winter,Urban,1,0,1,0,0,0,0,1,1,0,0,27,559
Dysentery,Jiangsu,65+,Female,19,0,1,1,9,2018,Autumn,Urban,1,0,0,0,0,1,1,1,1,1,1,11,617
Typhoid,Shandong,65+,Male,28,0,1,1,4,2020,Spring,Urban,0,0,0,1,1,1,0,1,0,1,0,2,897
HIV/AIDS,Sichuan,15-24,Female,20,1,0,0,4,2022,Spring,Urban,1,1,0,0,0,0,1,0,1,1,0,0,200
Hepatitis B,Zhejiang,25-44,Female,18,0,1,1,10,2022,Autumn,Rural,1,0,0,0,0,0,0,0,0,0,1,3,993
Dysentery,Guangdong,65+,Female,23,0,1,1,1,2019,Winter,Urban,1,0,1,0,0,0,1,0,0,1,0,6,319
Rabies,Sichuan,65+,Female,18,1,1,0,2,2019,Winter,Rural,1,0,0,0,0,0,1,0,0,1,0,10,237
Measles,Sichuan,45-64,Male,27,0,1,1,12,2019,Winter,Urban,0,0,1,0,0,1,0,0,1,1,0,16,767
Scarlet Fever,Guangdong,25-44,Female,22,0,1,1,3,2021,Spring,Urban,1,0,1,0,0,1,0,0,1,1,0,19,361
